,Ancho_cm,Alto_cm,Espesor_cm,Distancia_cm,BeamOn,Actividad_Ci,Neutrones,Gammas,Electrones,N_termicos,N_epitermicos,N_rapidos,Frac_termica_%,Efic_deteccion_%,Tasa_n_det_ps,Tasa_term_ps,Area_frontal_cm2,Cara_cuadrada
0,10.0,10.0,10.0,0,100000,2.98,277,263,10,19,97,161,0.019,0.277,18160.12,3.45,100.0,True
1,10.0,10.0,11.0,0,100000,2.98,233,218,6,19,96,118,0.019,0.233,15275.48,2.9,100.0,True
2,10.0,10.0,12.0,0,100000,2.98,178,171,6,19,64,95,0.019,0.178,11669.68,2.22,100.0,True
3,10.0,10.0,13.0,0,100000,2.98,120,152,5,12,34,74,0.012,0.12,7867.2,0.94,100.0,True
4,10.0,10.0,14.0,0,100000,2.98,110,121,0,18,36,56,0.018,0.11,7211.6,1.3,100.0,True
5,10.0,10.0,15.0,0,100000,2.98,75,86,4,9,27,39,0.009,0.075,4917.0,0.44,100.0,True
6,10.0,10.0,16.0,0,100000,2.98,64,73,2,7,23,34,0.007,0.064,4195.84,0.29,100.0,True
7,10.0,10.0,17.0,0,100000,2.98,37,75,2,8,12,17,0.008,0.037,2425.72,0.19,100.0,True
8,10.0,10.0,18.0,0,100000,2.98,38,71,1,7,14,17,0.007,0.038,2491.28,0.17,100.0,True
9,10.0,10.0,19.0,0,100000,2.98,22,63,1,0,6,16,0.0,0.022,1442.32,0.0,100.0,True
10,10.0,10.0,1.0,0,100000,2.98,17604,10772,305,1,925,16678,0.001,17.604,1154118.24,11.54,100.0,True
11,10.0,10.0,20.0,0,100000,2.98,15,55,3,2,8,5,0.002,0.015,983.4,0.02,100.0,True
12,10.0,10.0,2.0,0,100000,2.98,7173,4571,136,10,740,6423,0.01,7.173,470261.88,47.03,100.0,True
13,10.0,10.0,3.0,0,100000,2.98,3701,2342,61,17,576,3108,0.017,3.701,242637.56,41.25,100.0,True
14,10.0,10.0,4.0,0,100000,2.98,2253,1402,47,31,470,1752,0.031,2.253,147706.68,45.79,100.0,True
15,10.0,10.0,5.0,0,100000,2.98,1394,968,25,32,332,1030,0.032,1.394,91390.64,29.25,100.0,True
16,10.0,10.0,6.0,0,100000,2.98,995,682,16,40,278,677,0.04,0.995,65232.2,26.09,100.0,True
17,10.0,10.0,7.0,0,100000,2.98,702,527,12,48,201,453,0.048,0.702,46023.12,22.09,100.0,True
18,10.0,10.0,8.0,0,100000,2.98,489,405,9,32,162,295,0.032,0.489,32058.84,10.26,100.0,True
19,10.0,10.0,9.0,0,100000,2.98,345,310,9,28,117,200,0.028,0.345,22618.2,6.33,100.0,True
20,10.0,11.0,10.0,0,100000,2.98,320,259,6,34,103,183,0.034,0.32,20979.2,7.13,110.0,False
21,10.0,11.0,11.0,0,100000,2.98,238,199,8,26,82,130,0.026,0.238,15603.28,4.06,110.0,False
22,10.0,11.0,12.0,0,100000,2.98,204,174,8,22,72,110,0.022,0.204,13374.24,2.94,110.0,False
23,10.0,11.0,13.0,0,100000,2.98,118,143,3,16,44,58,0.016,0.118,7736.08,1.24,110.0,False
24,10.0,11.0,14.0,0,100000,2.98,104,134,1,18,39,47,0.018,0.104,6818.24,1.23,110.0,False
25,10.0,11.0,15.0,0,100000,2.98,85,100,3,18,21,46,0.018,0.085,5572.6,1.0,110.0,False
26,10.0,11.0,16.0,0,100000,2.98,55,85,8,9,25,21,0.009,0.055,3605.8,0.32,110.0,False
27,10.0,11.0,17.0,0,100000,2.98,41,88,2,5,12,24,0.005,0.041,2687.96,0.13,110.0,False
28,10.0,11.0,18.0,0,100000,2.98,38,72,0,6,13,19,0.006,0.038,2491.28,0.15,110.0,False
29,10.0,11.0,19.0,0,100000,2.98,29,59,1,6,5,18,0.006,0.029,1901.24,0.11,110.0,False
30,10.0,11.0,1.0,0,100000,2.98,17438,10618,288,2,887,16549,0.002,17.438,1143235.28,22.86,110.0,False
31,10.0,11.0,20.0,0,100000,2.98,22,60,1,1,10,11,0.001,0.022,1442.32,0.01,110.0,False
32,10.0,11.0,2.0,0,100000,2.98,7295,4593,134,10,726,6559,0.01,7.295,478260.2,47.83,110.0,False
33,10.0,11.0,3.0,0,100000,2.98,3737,2435,65,21,586,3130,0.021,3.737,244997.72,51.45,110.0,False
34,10.0,11.0,4.0,0,100000,2.98,2217,1384,43,27,435,1755,0.027,2.217,145346.52,39.24,110.0,False
35,10.0,11.0,5.0,0,100000,2.98,1488,976,32,36,344,1108,0.036,1.488,97553.28,35.12,110.0,False
36,10.0,11.0,6.0,0,100000,2.98,941,664,25,50,252,639,0.05,0.941,61691.96,30.85,110.0,False
37,10.0,11.0,7.0,0,100000,2.98,689,510,17,43,216,430,0.043,0.689,45170.84,19.42,110.0,False
38,10.0,11.0,8.0,0,100000,2.98,556,394,13,37,172,347,0.037,0.556,36451.36,13.49,110.0,False
39,10.0,11.0,9.0,0,100000,2.98,375,303,11,28,113,234,0.028,0.375,24585.0,6.88,110.0,False
40,10.0,12.0,10.0,0,100000,2.98,298,257,5,37,111,150,0.037,0.298,19536.88,7.23,120.0,False
41,10.0,12.0,11.0,0,100000,2.98,221,209,5,27,78,116,0.027,0.221,14488.76,3.91,120.0,False
42,10.0,12.0,12.0,0,100000,2.98,195,209,6,16,79,100,0.016,0.195,12784.2,2.05,120.0,False
43,10.0,12.0,13.0,0,100000,2.98,129,153,4,13,54,62,0.013,0.129,8457.24,1.1,120.0,False
44,10.0,12.0,14.0,0,100000,2.98,109,162,5,14,47,48,0.014,0.109,7146.04,1.0,120.0,False
45,10.0,12.0,15.0,0,100000,2.98,72,106,0,8,25,39,0.008,0.072,4720.32,0.38,120.0,False
46,10.0,12.0,16.0,0,100000,2.98,78,99,1,19,27,32,0.019,0.078,5113.68,0.97,120.0,False
47,10.0,12.0,17.0,0,100000,2.98,53,75,2,8,21,24,0.008,0.053,3474.68,0.28,120.0,False
48,10.0,12.0,18.0,0,100000,2.98,28,73,1,7,3,18,0.007,0.028,1835.68,0.13,120.0,False
49,10.0,12.0,19.0,0,100000,2.98,20,73,0,2,4,14,0.002,0.02,1311.2,0.03,120.0,False
50,10.0,12.0,1.0,0,100000,2.98,17704,10681,313,0,880,16824,0.0,17.704,1160674.24,0.0,120.0,False
51,10.0,12.0,20.0,0,100000,2.98,16,57,5,2,6,8,0.002,0.016,1048.96,0.02,120.0,False
52,10.0,12.0,2.0,0,100000,2.98,7126,4511,141,6,711,6409,0.006,7.126,467180.56,28.03,120.0,False
53,10.0,12.0,3.0,0,100000,2.98,3821,2358,63,24,605,3192,0.024,3.821,250504.76,60.12,120.0,False
54,10.0,12.0,4.0,0,100000,2.98,2181,1420,37,31,433,1717,0.031,2.181,142986.36,44.33,120.0,False
55,10.0,12.0,5.0,0,100000,2.98,1473,1002,24,43,367,1063,0.043,1.473,96569.88,41.53,120.0,False
56,10.0,12.0,6.0,0,100000,2.98,984,670,23,36,277,671,0.036,0.984,64511.04,23.22,120.0,False
57,10.0,12.0,7.0,0,100000,2.98,703,456,11,34,225,444,0.034,0.703,46088.68,15.67,120.0,False
58,10.0,12.0,8.0,0,100000,2.98,485,382,8,33,163,289,0.033,0.485,31796.6,10.49,120.0,False
59,10.0,12.0,9.0,0,100000,2.98,420,340,6,31,152,237,0.031,0.42,27535.2,8.54,120.0,False
60,10.0,13.0,10.0,0,100000,2.98,297,234,3,35,106,156,0.035,0.297,19471.32,6.81,130.0,False
61,10.0,13.0,11.0,0,100000,2.98,243,211,6,18,94,131,0.018,0.243,15931.08,2.87,130.0,False
62,10.0,13.0,12.0,0,100000,2.98,184,177,2,29,60,95,0.029,0.184,12063.04,3.5,130.0,False
63,10.0,13.0,13.0,0,100000,2.98,135,162,4,26,34,75,0.026,0.135,8850.6,2.3,130.0,False
64,10.0,13.0,14.0,0,100000,2.98,106,144,4,9,44,53,0.009,0.106,6949.36,0.63,130.0,False
65,10.0,13.0,15.0,0,100000,2.98,83,130,1,14,32,37,0.014,0.083,5441.48,0.76,130.0,False
66,10.0,13.0,16.0,0,100000,2.98,62,103,3,7,17,38,0.007,0.062,4064.72,0.28,130.0,False
67,10.0,13.0,17.0,0,100000,2.98,45,80,2,8,17,20,0.008,0.045,2950.2,0.24,130.0,False
68,10.0,13.0,18.0,0,100000,2.98,47,68,2,6,13,28,0.006,0.047,3081.32,0.18,130.0,False
69,10.0,13.0,19.0,0,100000,2.98,33,59,0,6,10,17,0.006,0.033,2163.48,0.13,130.0,False
70,10.0,13.0,1.0,0,100000,2.98,17444,10648,276,1,928,16515,0.001,17.444,1143628.64,11.44,130.0,False
71,10.0,13.0,20.0,0,100000,2.98,24,72,2,8,8,8,0.008,0.024,1573.44,0.13,130.0,False
72,10.0,13.0,2.0,0,100000,2.98,7241,4598,156,7,693,6541,0.007,7.241,474719.96,33.23,130.0,False
73,10.0,13.0,3.0,0,100000,2.98,3767,2346,74,16,532,3219,0.016,3.767,246964.52,39.51,130.0,False
74,10.0,13.0,4.0,0,100000,2.98,2235,1431,47,36,466,1733,0.036,2.235,146526.6,52.75,130.0,False
75,10.0,13.0,5.0,0,100000,2.98,1436,988,22,34,343,1059,0.034,1.436,94144.16,32.01,130.0,False
76,10.0,13.0,6.0,0,100000,2.98,976,661,16,36,252,688,0.036,0.976,63986.56,23.04,130.0,False
77,10.0,13.0,7.0,0,100000,2.98,712,540,13,36,226,450,0.036,0.712,46678.72,16.8,130.0,False
78,10.0,13.0,8.0,0,100000,2.98,551,437,12,33,178,340,0.033,0.551,36123.56,11.92,130.0,False
79,10.0,13.0,9.0,0,100000,2.98,400,316,8,35,146,219,0.035,0.4,26224.0,9.18,130.0,False
80,10.0,14.0,10.0,0,100000,2.98,281,243,13,30,114,137,0.03,0.281,18422.36,5.53,140.0,False
81,10.0,14.0,11.0,0,100000,2.98,234,212,3,32,90,112,0.032,0.234,15341.04,4.91,140.0,False
82,10.0,14.0,12.0,0,100000,2.98,180,184,2,19,69,92,0.019,0.18,11800.8,2.24,140.0,False
83,10.0,14.0,13.0,0,100000,2.98,119,161,7,20,51,48,0.02,0.119,7801.64,1.56,140.0,False
84,10.0,14.0,14.0,0,100000,2.98,114,117,3,19,37,58,0.019,0.114,7473.84,1.42,140.0,False
85,10.0,14.0,15.0,0,100000,2.98,72,105,2,15,19,38,0.015,0.072,4720.32,0.71,140.0,False
86,10.0,14.0,16.0,0,100000,2.98,60,85,3,15,24,21,0.015,0.06,3933.6,0.59,140.0,False
87,10.0,14.0,17.0,0,100000,2.98,58,91,0,7,24,27,0.007,0.058,3802.48,0.27,140.0,False
88,10.0,14.0,18.0,0,100000,2.98,43,57,1,10,17,16,0.01,0.043,2819.08,0.28,140.0,False
89,10.0,14.0,19.0,0,100000,2.98,37,68,2,8,19,10,0.008,0.037,2425.72,0.19,140.0,False
90,10.0,14.0,1.0,0,100000,2.98,17351,10754,321,1,933,16417,0.001,17.351,1137531.56,11.38,140.0,False
91,10.0,14.0,20.0,0,100000,2.98,26,53,1,3,10,13,0.003,0.026,1704.56,0.05,140.0,False
92,10.0,14.0,2.0,0,100000,2.98,7170,4546,162,6,746,6418,0.006,7.17,470065.2,28.2,140.0,False
93,10.0,14.0,3.0,0,100000,2.98,3612,2286,93,17,533,3062,0.017,3.612,236802.72,40.26,140.0,False
94,10.0,14.0,4.0,0,100000,2.98,2255,1400,34,33,464,1758,0.033,2.255,147837.8,48.79,140.0,False
95,10.0,14.0,5.0,0,100000,2.98,1472,945,20,36,349,1087,0.036,1.472,96504.32,34.74,140.0,False
96,10.0,14.0,6.0,0,100000,2.98,1002,672,12,42,290,670,0.042,1.002,65691.12,27.59,140.0,False
97,10.0,14.0,7.0,0,100000,2.98,765,523,13,50,244,471,0.05,0.765,50153.4,25.08,140.0,False
98,10.0,14.0,8.0,0,100000,2.98,535,417,15,34,169,332,0.034,0.535,35074.6,11.93,140.0,False
99,10.0,14.0,9.0,0,100000,2.98,419,307,16,40,130,249,0.04,0.419,27469.64,10.99,140.0,False
100,10.0,15.0,10.0,0,100000,2.98,324,261,4,28,119,177,0.028,0.324,21241.44,5.95,150.0,False
101,10.0,15.0,11.0,0,100000,2.98,241,193,7,37,86,118,0.037,0.241,15799.96,5.85,150.0,False
102,10.0,15.0,12.0,0,100000,2.98,197,172,2,37,73,87,0.037,0.197,12915.32,4.78,150.0,False
103,10.0,15.0,13.0,0,100000,2.98,148,146,3,17,60,71,0.017,0.148,9702.88,1.65,150.0,False
104,10.0,15.0,14.0,0,100000,2.98,108,140,4,16,41,51,0.016,0.108,7080.48,1.13,150.0,False
105,10.0,15.0,15.0,0,100000,2.98,85,116,5,19,28,38,0.019,0.085,5572.6,1.06,150.0,False
106,10.0,15.0,16.0,0,100000,2.98,70,117,3,10,30,30,0.01,0.07,4589.2,0.46,150.0,False
107,10.0,15.0,17.0,0,100000,2.98,62,86,1,14,24,24,0.014,0.062,4064.72,0.57,150.0,False
108,10.0,15.0,18.0,0,100000,2.98,41,67,0,8,16,17,0.008,0.041,2687.96,0.22,150.0,False
109,10.0,15.0,19.0,0,100000,2.98,32,74,0,4,8,20,0.004,0.032,2097.92,0.08,150.0,False
110,10.0,15.0,1.0,0,100000,2.98,17382,10694,303,1,881,16500,0.001,17.382,1139563.92,11.4,150.0,False
111,10.0,15.0,20.0,0,100000,2.98,23,60,0,3,9,11,0.003,0.023,1507.88,0.05,150.0,False
112,10.0,15.0,2.0,0,100000,2.98,7234,4674,149,8,794,6432,0.008,7.234,474261.04,37.94,150.0,False
113,10.0,15.0,3.0,0,100000,2.98,3835,2299,81,20,571,3244,0.02,3.835,251422.6,50.28,150.0,False
114,10.0,15.0,4.0,0,100000,2.98,2230,1460,41,24,435,1771,0.024,2.23,146198.8,35.09,150.0,False
115,10.0,15.0,5.0,0,100000,2.98,1476,895,25,48,332,1096,0.048,1.476,96766.56,46.45,150.0,False
116,10.0,15.0,6.0,0,100000,2.98,1031,716,24,39,302,690,0.039,1.031,67592.36,26.36,150.0,False
117,10.0,15.0,7.0,0,100000,2.98,675,533,27,55,196,424,0.055,0.675,44253.0,24.34,150.0,False
118,10.0,15.0,8.0,0,100000,2.98,527,417,7,49,174,304,0.049,0.527,34550.12,16.93,150.0,False
119,10.0,15.0,9.0,0,100000,2.98,423,319,5,44,143,236,0.044,0.423,27731.88,12.2,150.0,False
120,10.0,16.0,10.0,0,100000,2.98,329,268,7,38,128,163,0.038,0.329,21569.24,8.2,160.0,False
121,10.0,16.0,11.0,0,100000,2.98,223,231,5,18,78,127,0.018,0.223,14619.88,2.63,160.0,False
122,10.0,16.0,12.0,0,100000,2.98,175,189,3,20,66,89,0.02,0.175,11473.0,2.29,160.0,False
123,10.0,16.0,13.0,0,100000,2.98,147,148,4,20,47,80,0.02,0.147,9637.32,1.93,160.0,False
124,10.0,16.0,14.0,0,100000,2.98,108,139,4,23,29,56,0.023,0.108,7080.48,1.63,160.0,False
125,10.0,16.0,15.0,0,100000,2.98,86,102,2,11,36,39,0.011,0.086,5638.16,0.62,160.0,False
126,10.0,16.0,16.0,0,100000,2.98,68,108,5,5,32,31,0.005,0.068,4458.08,0.22,160.0,False
127,10.0,16.0,17.0,0,100000,2.98,41,96,3,9,15,17,0.009,0.041,2687.96,0.24,160.0,False
128,10.0,16.0,18.0,0,100000,2.98,37,77,0,8,12,17,0.008,0.037,2425.72,0.19,160.0,False
129,10.0,16.0,19.0,0,100000,2.98,42,81,0,8,15,19,0.008,0.042,2753.52,0.22,160.0,False
130,10.0,16.0,1.0,0,100000,2.98,17554,10452,307,1,903,16650,0.001,17.554,1150840.24,11.51,160.0,False
131,10.0,16.0,20.0,0,100000,2.98,24,57,4,4,11,9,0.004,0.024,1573.44,0.06,160.0,False
132,10.0,16.0,2.0,0,100000,2.98,7369,4631,142,11,728,6630,0.011,7.369,483111.64,53.14,160.0,False
133,10.0,16.0,3.0,0,100000,2.98,3639,2365,93,23,540,3076,0.023,3.639,238572.84,54.87,160.0,False
134,10.0,16.0,4.0,0,100000,2.98,2292,1471,45,35,466,1791,0.035,2.292,150263.52,52.59,160.0,False
135,10.0,16.0,5.0,0,100000,2.98,1417,969,28,34,351,1032,0.034,1.417,92898.52,31.59,160.0,False
136,10.0,16.0,6.0,0,100000,2.98,984,679,17,40,265,679,0.04,0.984,64511.04,25.8,160.0,False
137,10.0,16.0,7.0,0,100000,2.98,715,526,15,45,218,452,0.045,0.715,46875.4,21.09,160.0,False
138,10.0,16.0,8.0,0,100000,2.98,569,417,13,52,163,354,0.052,0.569,37303.64,19.4,160.0,False
139,10.0,16.0,9.0,0,100000,2.98,416,341,2,45,126,245,0.045,0.416,27272.96,12.27,160.0,False
140,10.0,17.0,10.0,0,100000,2.98,285,252,9,38,94,153,0.038,0.285,18684.6,7.1,170.0,False
141,10.0,17.0,11.0,0,100000,2.98,248,225,6,29,104,115,0.029,0.248,16258.88,4.72,170.0,False
142,10.0,17.0,12.0,0,100000,2.98,193,185,2,28,69,96,0.028,0.193,12653.08,3.54,170.0,False
143,10.0,17.0,13.0,0,100000,2.98,152,173,3,19,51,82,0.019,0.152,9965.12,1.89,170.0,False
144,10.0,17.0,14.0,0,100000,2.98,105,117,2,15,39,51,0.015,0.105,6883.8,1.03,170.0,False
145,10.0,17.0,15.0,0,100000,2.98,68,135,2,9,21,38,0.009,0.068,4458.08,0.4,170.0,False
146,10.0,17.0,16.0,0,100000,2.98,71,101,2,13,26,32,0.013,0.071,4654.76,0.61,170.0,False
147,10.0,17.0,17.0,0,100000,2.98,61,89,4,12,16,33,0.012,0.061,3999.16,0.48,170.0,False
148,10.0,17.0,18.0,0,100000,2.98,39,93,4,7,18,14,0.007,0.039,2556.84,0.18,170.0,False
149,10.0,17.0,19.0,0,100000,2.98,32,58,0,7,13,12,0.007,0.032,2097.92,0.15,170.0,False
150,10.0,17.0,1.0,0,100000,2.98,17652,10557,280,0,898,16754,0.0,17.652,1157265.12,0.0,170.0,False
151,10.0,17.0,20.0,0,100000,2.98,42,63,2,7,18,17,0.007,0.042,2753.52,0.19,170.0,False
152,10.0,17.0,2.0,0,100000,2.98,7265,4549,142,8,710,6547,0.008,7.265,476293.4,38.1,170.0,False
153,10.0,17.0,3.0,0,100000,2.98,3712,2416,81,18,533,3161,0.018,3.712,243358.72,43.8,170.0,False
154,10.0,17.0,4.0,0,100000,2.98,2130,1458,46,29,430,1671,0.029,2.13,139642.8,40.5,170.0,False
155,10.0,17.0,5.0,0,100000,2.98,1430,923,26,30,371,1029,0.03,1.43,93750.8,28.13,170.0,False
156,10.0,17.0,6.0,0,100000,2.98,996,649,17,53,256,687,0.053,0.996,65297.76,34.61,170.0,False
157,10.0,17.0,7.0,0,100000,2.98,719,513,10,29,231,459,0.029,0.719,47137.64,13.67,170.0,False
158,10.0,17.0,8.0,0,100000,2.98,553,412,8,35,193,325,0.035,0.553,36254.68,12.69,170.0,False
159,10.0,17.0,9.0,0,100000,2.98,428,327,14,39,143,246,0.039,0.428,28059.68,10.94,170.0,False
160,10.0,18.0,10.0,0,100000,2.98,343,252,7,40,117,186,0.04,0.343,22487.08,8.99,180.0,False
161,10.0,18.0,11.0,0,100000,2.98,253,227,7,29,99,125,0.029,0.253,16586.68,4.81,180.0,False
162,10.0,18.0,12.0,0,100000,2.98,191,211,3,28,79,84,0.028,0.191,12521.96,3.51,180.0,False
163,10.0,18.0,13.0,0,100000,2.98,151,156,4,23,57,71,0.023,0.151,9899.56,2.28,180.0,False
164,10.0,18.0,14.0,0,100000,2.98,119,129,4,22,36,61,0.022,0.119,7801.64,1.72,180.0,False
165,10.0,18.0,15.0,0,100000,2.98,75,107,2,13,31,31,0.013,0.075,4917.0,0.64,180.0,False
166,10.0,18.0,16.0,0,100000,2.98,67,98,0,13,22,32,0.013,0.067,4392.52,0.57,180.0,False
167,10.0,18.0,17.0,0,100000,2.98,42,95,0,10,14,18,0.01,0.042,2753.52,0.28,180.0,False
168,10.0,18.0,18.0,0,100000,2.98,41,71,1,6,13,22,0.006,0.041,2687.96,0.16,180.0,False
169,10.0,18.0,19.0,0,100000,2.98,24,68,0,2,7,15,0.002,0.024,1573.44,0.03,180.0,False
170,10.0,18.0,1.0,0,100000,2.98,17333,10647,325,0,938,16395,0.0,17.333,1136351.48,0.0,180.0,False
171,10.0,18.0,20.0,0,100000,2.98,27,71,0,5,15,7,0.005,0.027,1770.12,0.09,180.0,False
172,10.0,18.0,2.0,0,100000,2.98,7243,4575,149,5,689,6549,0.005,7.243,474851.08,23.74,180.0,False
173,10.0,18.0,3.0,0,100000,2.98,3713,2399,82,21,571,3121,0.021,3.713,243424.28,51.12,180.0,False
174,10.0,18.0,4.0,0,100000,2.98,2122,1452,53,28,437,1657,0.028,2.122,139118.32,38.95,180.0,False
175,10.0,18.0,5.0,0,100000,2.98,1457,933,28,34,324,1099,0.034,1.457,95520.92,32.48,180.0,False
176,10.0,18.0,6.0,0,100000,2.98,1033,682,15,41,306,686,0.041,1.033,67723.48,27.77,180.0,False
177,10.0,18.0,7.0,0,100000,2.98,694,452,13,42,216,436,0.042,0.694,45498.64,19.11,180.0,False
178,10.0,18.0,8.0,0,100000,2.98,540,383,9,39,176,325,0.039,0.54,35402.4,13.81,180.0,False
179,10.0,18.0,9.0,0,100000,2.98,410,318,17,40,140,230,0.04,0.41,26879.6,10.75,180.0,False
180,10.0,19.0,10.0,0,100000,2.98,302,278,7,42,103,157,0.042,0.302,19799.12,8.32,190.0,False
181,10.0,19.0,11.0,0,100000,2.98,252,252,1,36,91,125,0.036,0.252,16521.12,5.95,190.0,False
182,10.0,19.0,12.0,0,100000,2.98,184,206,3,30,70,84,0.03,0.184,12063.04,3.62,190.0,False
183,10.0,19.0,13.0,0,100000,2.98,132,143,9,26,51,55,0.026,0.132,8653.92,2.25,190.0,False
184,10.0,19.0,14.0,0,100000,2.98,123,111,5,18,49,56,0.018,0.123,8063.88,1.45,190.0,False
185,10.0,19.0,15.0,0,100000,2.98,96,113,1,15,36,45,0.015,0.096,6293.76,0.94,190.0,False
186,10.0,19.0,16.0,0,100000,2.98,78,99,1,18,23,37,0.018,0.078,5113.68,0.92,190.0,False
187,10.0,19.0,17.0,0,100000,2.98,56,84,3,11,19,26,0.011,0.056,3671.36,0.4,190.0,False
188,10.0,19.0,18.0,0,100000,2.98,41,65,3,6,20,15,0.006,0.041,2687.96,0.16,190.0,False
189,10.0,19.0,19.0,0,100000,2.98,34,95,1,3,13,18,0.003,0.034,2229.04,0.07,190.0,False
190,10.0,19.0,1.0,0,100000,2.98,17314,10679,307,0,833,16481,0.0,17.314,1135105.84,0.0,190.0,False
191,10.0,19.0,20.0,0,100000,2.98,20,63,1,4,8,8,0.004,0.02,1311.2,0.05,190.0,False
192,10.0,19.0,2.0,0,100000,2.98,7335,4492,170,1,676,6658,0.001,7.335,480882.6,4.81,190.0,False
193,10.0,19.0,3.0,0,100000,2.98,3758,2323,77,15,563,3180,0.015,3.758,246374.48,36.96,190.0,False
194,10.0,19.0,4.0,0,100000,2.98,2249,1459,50,29,456,1764,0.029,2.249,147444.44,42.76,190.0,False
195,10.0,19.0,5.0,0,100000,2.98,1415,898,30,32,339,1044,0.032,1.415,92767.4,29.69,190.0,False
196,10.0,19.0,6.0,0,100000,2.98,1024,694,23,46,288,690,0.046,1.024,67133.44,30.88,190.0,False
197,10.0,19.0,7.0,0,100000,2.98,782,459,15,43,249,490,0.043,0.782,51267.92,22.05,190.0,False
198,10.0,19.0,8.0,0,100000,2.98,526,387,13,38,159,329,0.038,0.526,34484.56,13.1,190.0,False
199,10.0,19.0,9.0,0,100000,2.98,397,319,11,39,143,215,0.039,0.397,26027.32,10.15,190.0,False
200,10.0,1.0,10.0,0,100000,2.98,123,212,4,0,3,120,0.0,0.123,8063.88,0.0,10.0,False
201,10.0,1.0,11.0,0,100000,2.98,82,185,2,0,2,80,0.0,0.082,5375.92,0.0,10.0,False
202,10.0,1.0,12.0,0,100000,2.98,59,158,2,0,1,58,0.0,0.059,3868.04,0.0,10.0,False
203,10.0,1.0,13.0,0,100000,2.98,44,137,2,0,0,44,0.0,0.044,2884.64,0.0,10.0,False
204,10.0,1.0,14.0,0,100000,2.98,36,97,0,0,1,35,0.0,0.036,2360.16,0.0,10.0,False
205,10.0,1.0,15.0,0,100000,2.98,20,86,2,0,0,20,0.0,0.02,1311.2,0.0,10.0,False
206,10.0,1.0,16.0,0,100000,2.98,21,76,3,0,1,20,0.0,0.021,1376.76,0.0,10.0,False
207,10.0,1.0,17.0,0,100000,2.98,15,54,1,0,0,15,0.0,0.015,983.4,0.0,10.0,False
208,10.0,1.0,18.0,0,100000,2.98,19,63,3,0,0,19,0.0,0.019,1245.64,0.0,10.0,False
209,10.0,1.0,19.0,0,100000,2.98,11,43,0,0,0,11,0.0,0.011,721.16,0.0,10.0,False
210,10.0,1.0,1.0,0,100000,2.98,17017,10648,292,0,595,16422,0.0,17.017,1115634.52,0.0,10.0,False
211,10.0,1.0,20.0,0,100000,2.98,8,40,0,0,1,7,0.0,0.008,524.48,0.0,10.0,False
212,10.0,1.0,2.0,0,100000,2.98,6669,4427,121,0,276,6393,0.0,6.669,437219.64,0.0,10.0,False
213,10.0,1.0,3.0,0,100000,2.98,3274,2276,58,0,196,3078,0.0,3.274,214643.44,0.0,10.0,False
214,10.0,1.0,4.0,0,100000,2.98,1673,1300,39,0,97,1576,0.0,1.673,109681.88,0.0,10.0,False
215,10.0,1.0,5.0,0,100000,2.98,964,870,21,1,41,922,0.001,0.964,63199.84,0.63,10.0,False
216,10.0,1.0,6.0,0,100000,2.98,623,594,13,0,33,590,0.0,0.623,40843.88,0.0,10.0,False
217,10.0,1.0,7.0,0,100000,2.98,398,448,10,0,13,385,0.0,0.398,26092.88,0.0,10.0,False
218,10.0,1.0,8.0,0,100000,2.98,253,381,6,0,8,245,0.0,0.253,16586.68,0.0,10.0,False
219,10.0,1.0,9.0,0,100000,2.98,183,287,7,0,6,177,0.0,0.183,11997.48,0.0,10.0,False
220,10.0,20.0,10.0,0,100000,2.98,290,286,7,40,95,155,0.04,0.29,19012.4,7.6,200.0,False
221,10.0,20.0,11.0,0,100000,2.98,229,205,4,25,74,130,0.025,0.229,15013.24,3.75,200.0,False
222,10.0,20.0,12.0,0,100000,2.98,175,182,5,24,82,69,0.024,0.175,11473.0,2.75,200.0,False
223,10.0,20.0,13.0,0,100000,2.98,139,142,5,23,50,66,0.023,0.139,9112.84,2.1,200.0,False
224,10.0,20.0,14.0,0,100000,2.98,104,130,4,16,37,51,0.016,0.104,6818.24,1.09,200.0,False
225,10.0,20.0,15.0,0,100000,2.98,89,126,3,11,37,41,0.011,0.089,5834.84,0.64,200.0,False
226,10.0,20.0,16.0,0,100000,2.98,74,104,2,17,30,27,0.017,0.074,4851.44,0.82,200.0,False
227,10.0,20.0,17.0,0,100000,2.98,49,85,1,12,20,17,0.012,0.049,3212.44,0.39,200.0,False
228,10.0,20.0,18.0,0,100000,2.98,40,89,1,9,18,13,0.009,0.04,2622.4,0.24,200.0,False
229,10.0,20.0,19.0,0,100000,2.98,28,64,1,6,9,13,0.006,0.028,1835.68,0.11,200.0,False
230,10.0,20.0,1.0,0,100000,2.98,17419,10615,286,1,917,16501,0.001,17.419,1141989.64,11.42,200.0,False
231,10.0,20.0,20.0,0,100000,2.98,32,73,2,7,11,14,0.007,0.032,2097.92,0.15,200.0,False
232,10.0,20.0,2.0,0,100000,2.98,7394,4618,142,11,714,6669,0.011,7.394,484750.64,53.32,200.0,False
233,10.0,20.0,3.0,0,100000,2.98,3836,2341,79,18,553,3265,0.018,3.836,251488.16,45.27,200.0,False
234,10.0,20.0,4.0,0,100000,2.98,2282,1401,41,26,437,1819,0.026,2.282,149607.92,38.9,200.0,False
235,10.0,20.0,5.0,0,100000,2.98,1503,964,24,34,374,1095,0.034,1.503,98536.68,33.5,200.0,False
236,10.0,20.0,6.0,0,100000,2.98,1031,640,17,39,291,701,0.039,1.031,67592.36,26.36,200.0,False
237,10.0,20.0,7.0,0,100000,2.98,721,524,20,46,218,457,0.046,0.721,47268.76,21.74,200.0,False
238,10.0,20.0,8.0,0,100000,2.98,566,408,9,54,180,332,0.054,0.566,37106.96,20.04,200.0,False
239,10.0,20.0,9.0,0,100000,2.98,405,328,8,40,142,223,0.04,0.405,26551.8,10.62,200.0,False
240,10.0,2.0,10.0,0,100000,2.98,113,205,8,1,12,100,0.001,0.113,7408.28,0.07,20.0,False
241,10.0,2.0,11.0,0,100000,2.98,89,178,3,0,11,78,0.0,0.089,5834.84,0.0,20.0,False
242,10.0,2.0,12.0,0,100000,2.98,70,125,7,1,7,62,0.001,0.07,4589.2,0.05,20.0,False
243,10.0,2.0,13.0,0,100000,2.98,47,109,2,0,5,42,0.0,0.047,3081.32,0.0,20.0,False
244,10.0,2.0,14.0,0,100000,2.98,30,106,4,1,3,26,0.001,0.03,1966.8,0.02,20.0,False
245,10.0,2.0,15.0,0,100000,2.98,23,97,3,0,2,21,0.0,0.023,1507.88,0.0,20.0,False
246,10.0,2.0,16.0,0,100000,2.98,13,84,1,0,1,12,0.0,0.013,852.28,0.0,20.0,False
247,10.0,2.0,17.0,0,100000,2.98,11,56,0,0,2,9,0.0,0.011,721.16,0.0,20.0,False
248,10.0,2.0,18.0,0,100000,2.98,18,56,2,0,3,15,0.0,0.018,1180.08,0.0,20.0,False
249,10.0,2.0,19.0,0,100000,2.98,6,54,3,0,1,5,0.0,0.006,393.36,0.0,20.0,False
250,10.0,2.0,1.0,0,100000,2.98,17057,10763,318,0,815,16242,0.0,17.057,1118256.92,0.0,20.0,False
251,10.0,2.0,20.0,0,100000,2.98,3,41,4,0,0,3,0.0,0.003,196.68,0.0,20.0,False
252,10.0,2.0,2.0,0,100000,2.98,7129,4548,151,2,578,6549,0.002,7.129,467377.24,9.35,20.0,False
253,10.0,2.0,3.0,0,100000,2.98,3436,2323,70,3,332,3101,0.003,3.436,225264.16,6.76,20.0,False
254,10.0,2.0,4.0,0,100000,2.98,1839,1388,36,1,209,1629,0.001,1.839,120564.84,1.21,20.0,False
255,10.0,2.0,5.0,0,100000,2.98,1079,845,26,1,103,975,0.001,1.079,70739.24,0.71,20.0,False
256,10.0,2.0,6.0,0,100000,2.98,690,641,19,1,70,619,0.001,0.69,45236.4,0.45,20.0,False
257,10.0,2.0,7.0,0,100000,2.98,379,460,11,0,34,345,0.0,0.379,24847.24,0.0,20.0,False
258,10.0,2.0,8.0,0,100000,2.98,252,343,11,0,26,226,0.0,0.252,16521.12,0.0,20.0,False
259,10.0,2.0,9.0,0,100000,2.98,177,260,6,1,28,148,0.001,0.177,11604.12,0.12,20.0,False
260,10.0,3.0,10.0,0,100000,2.98,153,229,8,4,21,128,0.004,0.153,10030.68,0.4,30.0,False
261,10.0,3.0,11.0,0,100000,2.98,112,189,4,4,17,91,0.004,0.112,7342.72,0.29,30.0,False
262,10.0,3.0,12.0,0,100000,2.98,83,139,6,1,19,63,0.001,0.083,5441.48,0.05,30.0,False
263,10.0,3.0,13.0,0,100000,2.98,55,137,5,2,10,43,0.002,0.055,3605.8,0.07,30.0,False
264,10.0,3.0,14.0,0,100000,2.98,45,114,1,0,8,37,0.0,0.045,2950.2,0.0,30.0,False
265,10.0,3.0,15.0,0,100000,2.98,34,86,2,0,9,25,0.0,0.034,2229.04,0.0,30.0,False
266,10.0,3.0,16.0,0,100000,2.98,19,95,6,0,3,16,0.0,0.019,1245.64,0.0,30.0,False
267,10.0,3.0,17.0,0,100000,2.98,14,81,2,0,2,12,0.0,0.014,917.84,0.0,30.0,False
268,10.0,3.0,18.0,0,100000,2.98,19,61,1,2,3,14,0.002,0.019,1245.64,0.02,30.0,False
269,10.0,3.0,19.0,0,100000,2.98,13,48,3,1,2,10,0.001,0.013,852.28,0.01,30.0,False
270,10.0,3.0,1.0,0,100000,2.98,17447,10757,302,1,854,16592,0.001,17.447,1143825.32,11.44,30.0,False
271,10.0,3.0,20.0,0,100000,2.98,5,54,4,1,1,3,0.001,0.005,327.8,0.0,30.0,False
272,10.0,3.0,2.0,0,100000,2.98,7128,4580,155,2,633,6493,0.002,7.128,467311.68,9.35,30.0,False
273,10.0,3.0,3.0,0,100000,2.98,3535,2345,55,5,403,3127,0.005,3.535,231754.6,11.59,30.0,False
274,10.0,3.0,4.0,0,100000,2.98,2059,1376,33,9,320,1730,0.009,2.059,134988.04,12.15,30.0,False
275,10.0,3.0,5.0,0,100000,2.98,1212,929,23,2,200,1010,0.002,1.212,79458.72,1.59,30.0,False
276,10.0,3.0,6.0,0,100000,2.98,767,622,20,6,136,625,0.006,0.767,50284.52,3.02,30.0,False
277,10.0,3.0,7.0,0,100000,2.98,480,482,8,5,77,398,0.005,0.48,31468.8,1.57,30.0,False
278,10.0,3.0,8.0,0,100000,2.98,333,372,8,6,45,282,0.006,0.333,21831.48,1.31,30.0,False
279,10.0,3.0,9.0,0,100000,2.98,235,320,16,3,29,203,0.003,0.235,15406.6,0.46,30.0,False
280,10.0,4.0,10.0,0,100000,2.98,151,240,8,5,32,114,0.005,0.151,9899.56,0.49,40.0,False
281,10.0,4.0,11.0,0,100000,2.98,134,189,4,4,32,98,0.004,0.134,8785.04,0.35,40.0,False
282,10.0,4.0,12.0,0,100000,2.98,93,162,1,1,16,76,0.001,0.093,6097.08,0.06,40.0,False
283,10.0,4.0,13.0,0,100000,2.98,70,133,5,0,22,48,0.0,0.07,4589.2,0.0,40.0,False
284,10.0,4.0,14.0,0,100000,2.98,61,110,0,2,10,49,0.002,0.061,3999.16,0.08,40.0,False
285,10.0,4.0,15.0,0,100000,2.98,36,102,4,1,10,25,0.001,0.036,2360.16,0.02,40.0,False
286,10.0,4.0,16.0,0,100000,2.98,31,88,5,1,10,20,0.001,0.031,2032.36,0.02,40.0,False
287,10.0,4.0,17.0,0,100000,2.98,20,66,4,1,4,15,0.001,0.02,1311.2,0.01,40.0,False
288,10.0,4.0,18.0,0,100000,2.98,14,65,1,0,3,11,0.0,0.014,917.84,0.0,40.0,False
289,10.0,4.0,19.0,0,100000,2.98,12,61,0,0,2,10,0.0,0.012,786.72,0.0,40.0,False
290,10.0,4.0,1.0,0,100000,2.98,17564,10678,305,0,870,16694,0.0,17.564,1151495.84,0.0,40.0,False
291,10.0,4.0,20.0,0,100000,2.98,11,46,5,0,2,9,0.0,0.011,721.16,0.0,40.0,False
292,10.0,4.0,2.0,0,100000,2.98,7175,4472,136,5,665,6505,0.005,7.175,470393.0,23.52,40.0,False
293,10.0,4.0,3.0,0,100000,2.98,3638,2355,68,8,486,3144,0.008,3.638,238507.28,19.08,40.0,False
294,10.0,4.0,4.0,0,100000,2.98,2004,1470,44,12,339,1653,0.012,2.004,131382.24,15.77,40.0,False
295,10.0,4.0,5.0,0,100000,2.98,1227,925,22,7,225,995,0.007,1.227,80442.12,5.63,40.0,False
296,10.0,4.0,6.0,0,100000,2.98,848,680,16,11,158,679,0.011,0.848,55594.88,6.12,40.0,False
297,10.0,4.0,7.0,0,100000,2.98,566,480,22,10,123,433,0.01,0.566,37106.96,3.71,40.0,False
298,10.0,4.0,8.0,0,100000,2.98,406,374,15,10,98,298,0.01,0.406,26617.36,2.66,40.0,False
299,10.0,4.0,9.0,0,100000,2.98,255,288,6,4,58,193,0.004,0.255,16717.8,0.67,40.0,False
300,10.0,5.0,10.0,0,100000,2.98,249,272,11,4,58,187,0.004,0.249,16324.44,0.65,50.0,False
301,10.0,5.0,11.0,0,100000,2.98,152,196,5,7,44,101,0.007,0.152,9965.12,0.7,50.0,False
302,10.0,5.0,12.0,0,100000,2.98,118,136,1,9,36,73,0.009,0.118,7736.08,0.7,50.0,False
303,10.0,5.0,13.0,0,100000,2.98,67,123,5,3,13,51,0.003,0.067,4392.52,0.13,50.0,False
304,10.0,5.0,14.0,0,100000,2.98,68,122,4,3,14,51,0.003,0.068,4458.08,0.13,50.0,False
305,10.0,5.0,15.0,0,100000,2.98,51,111,5,2,12,37,0.002,0.051,3343.56,0.07,50.0,False
306,10.0,5.0,16.0,0,100000,2.98,31,97,4,0,9,22,0.0,0.031,2032.36,0.0,50.0,False
307,10.0,5.0,17.0,0,100000,2.98,27,61,1,0,6,21,0.0,0.027,1770.12,0.0,50.0,False
308,10.0,5.0,18.0,0,100000,2.98,26,57,0,0,6,20,0.0,0.026,1704.56,0.0,50.0,False
309,10.0,5.0,19.0,0,100000,2.98,27,48,2,2,7,18,0.002,0.027,1770.12,0.04,50.0,False
310,10.0,5.0,1.0,0,100000,2.98,17377,10600,322,0,903,16474,0.0,17.377,1139236.12,0.0,50.0,False
311,10.0,5.0,20.0,0,100000,2.98,8,46,1,0,3,5,0.0,0.008,524.48,0.0,50.0,False
312,10.0,5.0,2.0,0,100000,2.98,7348,4421,158,3,697,6648,0.003,7.348,481734.88,14.45,50.0,False
313,10.0,5.0,3.0,0,100000,2.98,3727,2394,75,4,503,3220,0.004,3.727,244342.12,9.77,50.0,False
314,10.0,5.0,4.0,0,100000,2.98,2093,1406,54,27,361,1705,0.027,2.093,137217.08,37.05,50.0,False
315,10.0,5.0,5.0,0,100000,2.98,1349,962,27,19,273,1057,0.019,1.349,88440.44,16.8,50.0,False
316,10.0,5.0,6.0,0,100000,2.98,872,647,19,26,206,640,0.026,0.872,57168.32,14.86,50.0,False
317,10.0,5.0,7.0,0,100000,2.98,641,480,14,17,150,474,0.017,0.641,42023.96,7.14,50.0,False
318,10.0,5.0,8.0,0,100000,2.98,440,358,16,15,106,319,0.015,0.44,28846.4,4.33,50.0,False
319,10.0,5.0,9.0,0,100000,2.98,263,311,10,6,73,184,0.006,0.263,17242.28,1.03,50.0,False
320,10.0,6.0,10.0,0,100000,2.98,219,208,8,16,65,138,0.016,0.219,14357.64,2.3,60.0,False
321,10.0,6.0,11.0,0,100000,2.98,185,200,6,11,47,127,0.011,0.185,12128.6,1.33,60.0,False
322,10.0,6.0,12.0,0,100000,2.98,116,175,8,4,31,81,0.004,0.116,7604.96,0.3,60.0,False
323,10.0,6.0,13.0,0,100000,2.98,103,154,2,5,25,73,0.005,0.103,6752.68,0.34,60.0,False
324,10.0,6.0,14.0,0,100000,2.98,65,118,7,2,18,45,0.002,0.065,4261.4,0.09,60.0,False
325,10.0,6.0,15.0,0,100000,2.98,61,100,1,4,14,43,0.004,0.061,3999.16,0.16,60.0,False
326,10.0,6.0,16.0,0,100000,2.98,37,98,3,0,14,23,0.0,0.037,2425.72,0.0,60.0,False
327,10.0,6.0,17.0,0,100000,2.98,25,69,2,4,6,15,0.004,0.025,1639.0,0.07,60.0,False
328,10.0,6.0,18.0,0,100000,2.98,22,58,1,3,7,12,0.003,0.022,1442.32,0.04,60.0,False
329,10.0,6.0,19.0,0,100000,2.98,10,60,1,2,0,8,0.002,0.01,655.6,0.01,60.0,False
330,10.0,6.0,1.0,0,100000,2.98,17513,10737,348,1,904,16608,0.001,17.513,1148152.28,11.48,60.0,False
331,10.0,6.0,20.0,0,100000,2.98,13,51,2,1,3,9,0.001,0.013,852.28,0.01,60.0,False
332,10.0,6.0,2.0,0,100000,2.98,7208,4622,150,2,681,6525,0.002,7.208,472556.48,9.45,60.0,False
333,10.0,6.0,3.0,0,100000,2.98,3723,2370,76,15,568,3140,0.015,3.723,244079.88,36.61,60.0,False
334,10.0,6.0,4.0,0,100000,2.98,2216,1479,37,23,401,1792,0.023,2.216,145280.96,33.41,60.0,False
335,10.0,6.0,5.0,0,100000,2.98,1358,938,25,13,294,1051,0.013,1.358,89030.48,11.57,60.0,False
336,10.0,6.0,6.0,0,100000,2.98,843,662,14,24,205,614,0.024,0.843,55267.08,13.26,60.0,False
337,10.0,6.0,7.0,0,100000,2.98,661,538,24,23,190,448,0.023,0.661,43335.16,9.97,60.0,False
338,10.0,6.0,8.0,0,100000,2.98,458,365,12,24,127,307,0.024,0.458,30026.48,7.21,60.0,False
339,10.0,6.0,9.0,0,100000,2.98,349,301,10,17,104,228,0.017,0.349,22880.44,3.89,60.0,False
340,10.0,7.0,10.0,0,100000,2.98,295,253,4,19,84,192,0.019,0.295,19340.2,3.67,70.0,False
341,10.0,7.0,11.0,0,100000,2.98,207,204,6,15,61,131,0.015,0.207,13570.92,2.04,70.0,False
342,10.0,7.0,12.0,0,100000,2.98,148,175,3,10,47,91,0.01,0.148,9702.88,0.97,70.0,False
343,10.0,7.0,13.0,0,100000,2.98,110,136,4,11,40,59,0.011,0.11,7211.6,0.79,70.0,False
344,10.0,7.0,14.0,0,100000,2.98,74,126,1,5,24,45,0.005,0.074,4851.44,0.24,70.0,False
345,10.0,7.0,15.0,0,100000,2.98,58,103,4,1,24,33,0.001,0.058,3802.48,0.04,70.0,False
346,10.0,7.0,16.0,0,100000,2.98,44,82,3,3,14,27,0.003,0.044,2884.64,0.09,70.0,False
347,10.0,7.0,17.0,0,100000,2.98,42,79,5,2,17,23,0.002,0.042,2753.52,0.06,70.0,False
348,10.0,7.0,18.0,0,100000,2.98,27,64,1,3,8,16,0.003,0.027,1770.12,0.05,70.0,False
349,10.0,7.0,19.0,0,100000,2.98,26,49,2,5,4,17,0.005,0.026,1704.56,0.09,70.0,False
350,10.0,7.0,1.0,0,100000,2.98,17405,10529,314,2,862,16541,0.002,17.405,1141071.8,22.82,70.0,False
351,10.0,7.0,20.0,0,100000,2.98,10,59,2,1,4,5,0.001,0.01,655.6,0.01,70.0,False
352,10.0,7.0,2.0,0,100000,2.98,7265,4506,121,8,690,6567,0.008,7.265,476293.4,38.1,70.0,False
353,10.0,7.0,3.0,0,100000,2.98,3670,2407,84,17,544,3109,0.017,3.67,240605.2,40.9,70.0,False
354,10.0,7.0,4.0,0,100000,2.98,2272,1452,49,26,427,1819,0.026,2.272,148952.32,38.73,70.0,False
355,10.0,7.0,5.0,0,100000,2.98,1410,919,20,32,340,1038,0.032,1.41,92439.6,29.58,70.0,False
356,10.0,7.0,6.0,0,100000,2.98,952,659,15,24,243,685,0.024,0.952,62413.12,14.98,70.0,False
357,10.0,7.0,7.0,0,100000,2.98,681,568,18,26,210,445,0.026,0.681,44646.36,11.61,70.0,False
358,10.0,7.0,8.0,0,100000,2.98,512,383,6,26,147,339,0.026,0.512,33566.72,8.73,70.0,False
359,10.0,7.0,9.0,0,100000,2.98,367,305,9,20,125,222,0.02,0.367,24060.52,4.81,70.0,False
360,10.0,8.0,10.0,0,100000,2.98,266,258,3,19,83,164,0.019,0.266,17438.96,3.31,80.0,False
361,10.0,8.0,11.0,0,100000,2.98,220,190,3,17,72,131,0.017,0.22,14423.2,2.45,80.0,False
362,10.0,8.0,12.0,0,100000,2.98,163,202,5,13,49,101,0.013,0.163,10686.28,1.39,80.0,False
363,10.0,8.0,13.0,0,100000,2.98,110,165,3,13,28,69,0.013,0.11,7211.6,0.94,80.0,False
364,10.0,8.0,14.0,0,100000,2.98,83,137,4,5,21,57,0.005,0.083,5441.48,0.27,80.0,False
365,10.0,8.0,15.0,0,100000,2.98,66,98,4,10,25,31,0.01,0.066,4326.96,0.43,80.0,False
366,10.0,8.0,16.0,0,100000,2.98,44,96,5,10,9,25,0.01,0.044,2884.64,0.29,80.0,False
367,10.0,8.0,17.0,0,100000,2.98,40,84,1,5,11,24,0.005,0.04,2622.4,0.13,80.0,False
368,10.0,8.0,18.0,0,100000,2.98,25,79,3,2,6,17,0.002,0.025,1639.0,0.03,80.0,False
369,10.0,8.0,19.0,0,100000,2.98,28,66,1,1,11,16,0.001,0.028,1835.68,0.02,80.0,False
370,10.0,8.0,1.0,0,100000,2.98,17222,10580,285,1,871,16350,0.001,17.222,1129074.32,11.29,80.0,False
371,10.0,8.0,20.0,0,100000,2.98,14,56,0,0,5,9,0.0,0.014,917.84,0.0,80.0,False
372,10.0,8.0,2.0,0,100000,2.98,7273,4543,126,6,761,6506,0.006,7.273,476817.88,28.61,80.0,False
373,10.0,8.0,3.0,0,100000,2.98,3684,2402,72,12,584,3088,0.012,3.684,241523.04,28.98,80.0,False
374,10.0,8.0,4.0,0,100000,2.98,2265,1455,45,24,417,1824,0.024,2.265,148493.4,35.64,80.0,False
375,10.0,8.0,5.0,0,100000,2.98,1406,955,34,27,334,1045,0.027,1.406,92177.36,24.89,80.0,False
376,10.0,8.0,6.0,0,100000,2.98,985,666,19,36,274,675,0.036,0.985,64576.6,23.25,80.0,False
377,10.0,8.0,7.0,0,100000,2.98,678,511,16,27,207,444,0.027,0.678,44449.68,12.0,80.0,False
378,10.0,8.0,8.0,0,100000,2.98,510,388,6,33,176,301,0.033,0.51,33435.6,11.03,80.0,False
379,10.0,8.0,9.0,0,100000,2.98,413,333,10,28,119,266,0.028,0.413,27076.28,7.58,80.0,False
380,10.0,9.0,10.0,0,100000,2.98,288,274,12,29,92,167,0.029,0.288,18881.28,5.48,90.0,False
381,10.0,9.0,11.0,0,100000,2.98,218,202,3,21,81,116,0.021,0.218,14292.08,3.0,90.0,False
382,10.0,9.0,12.0,0,100000,2.98,159,162,5,13,58,88,0.013,0.159,10424.04,1.36,90.0,False
383,10.0,9.0,13.0,0,100000,2.98,130,151,4,11,52,67,0.011,0.13,8522.8,0.94,90.0,False
384,10.0,9.0,14.0,0,100000,2.98,81,125,6,7,28,46,0.007,0.081,5310.36,0.37,90.0,False
385,10.0,9.0,15.0,0,100000,2.98,71,127,4,5,24,42,0.005,0.071,4654.76,0.23,90.0,False
386,10.0,9.0,16.0,0,100000,2.98,62,102,6,7,15,40,0.007,0.062,4064.72,0.28,90.0,False
387,10.0,9.0,17.0,0,100000,2.98,52,73,2,5,22,25,0.005,0.052,3409.12,0.17,90.0,False
388,10.0,9.0,18.0,0,100000,2.98,33,82,1,2,9,22,0.002,0.033,2163.48,0.04,90.0,False
389,10.0,9.0,19.0,0,100000,2.98,26,65,2,3,9,14,0.003,0.026,1704.56,0.05,90.0,False
390,10.0,9.0,1.0,0,100000,2.98,17285,10749,304,0,888,16397,0.0,17.285,1133204.6,0.0,90.0,False
391,10.0,9.0,20.0,0,100000,2.98,25,55,0,4,5,16,0.004,0.025,1639.0,0.07,90.0,False
392,10.0,9.0,2.0,0,100000,2.98,7310,4737,152,9,706,6595,0.009,7.31,479243.6,43.13,90.0,False
393,10.0,9.0,3.0,0,100000,2.98,3755,2417,92,25,560,3170,0.025,3.755,246177.8,61.54,90.0,False
394,10.0,9.0,4.0,0,100000,2.98,2227,1384,42,22,428,1777,0.022,2.227,146002.12,32.12,90.0,False
395,10.0,9.0,5.0,0,100000,2.98,1473,950,29,39,355,1079,0.039,1.473,96569.88,37.66,90.0,False
396,10.0,9.0,6.0,0,100000,2.98,957,678,17,46,261,650,0.046,0.957,62740.92,28.86,90.0,False
397,10.0,9.0,7.0,0,100000,2.98,673,497,10,36,197,440,0.036,0.673,44121.88,15.88,90.0,False
398,10.0,9.0,8.0,0,100000,2.98,537,362,8,33,168,336,0.033,0.537,35205.72,11.62,90.0,False
399,10.0,9.0,9.0,0,100000,2.98,352,287,7,37,107,208,0.037,0.352,23077.12,8.54,90.0,False
400,11.0,10.0,10.0,0,100000,2.98,283,235,10,34,98,151,0.034,0.283,18553.48,6.31,110.0,False
401,11.0,10.0,11.0,0,100000,2.98,218,208,6,22,78,118,0.022,0.218,14292.08,3.14,110.0,False
402,11.0,10.0,12.0,0,100000,2.98,169,161,1,28,53,88,0.028,0.169,11079.64,3.1,110.0,False
403,11.0,10.0,13.0,0,100000,2.98,128,159,2,17,36,75,0.017,0.128,8391.68,1.43,110.0,False
404,11.0,10.0,14.0,0,100000,2.98,106,125,0,12,39,55,0.012,0.106,6949.36,0.83,110.0,False
405,11.0,10.0,15.0,0,100000,2.98,84,122,2,14,34,36,0.014,0.084,5507.04,0.77,110.0,False
406,11.0,10.0,16.0,0,100000,2.98,69,115,7,6,31,32,0.006,0.069,4523.64,0.27,110.0,False
407,11.0,10.0,17.0,0,100000,2.98,38,86,2,4,11,23,0.004,0.038,2491.28,0.1,110.0,False
408,11.0,10.0,18.0,0,100000,2.98,35,80,4,6,14,15,0.006,0.035,2294.6,0.14,110.0,False
409,11.0,10.0,19.0,0,100000,2.98,26,75,3,5,5,16,0.005,0.026,1704.56,0.09,110.0,False
410,11.0,10.0,1.0,0,100000,2.98,17507,10627,309,1,936,16570,0.001,17.507,1147758.92,11.48,110.0,False
411,11.0,10.0,20.0,0,100000,2.98,14,50,1,2,7,5,0.002,0.014,917.84,0.02,110.0,False
412,11.0,10.0,2.0,0,100000,2.98,7297,4665,129,4,751,6542,0.004,7.297,478391.32,19.14,110.0,False
413,11.0,10.0,3.0,0,100000,2.98,3834,2421,75,13,553,3268,0.013,3.834,251357.04,32.68,110.0,False
414,11.0,10.0,4.0,0,100000,2.98,2255,1444,42,29,398,1828,0.029,2.255,147837.8,42.87,110.0,False
415,11.0,10.0,5.0,0,100000,2.98,1444,974,23,46,326,1072,0.046,1.444,94668.64,43.55,110.0,False
416,11.0,10.0,6.0,0,100000,2.98,1017,694,30,35,261,721,0.035,1.017,66674.52,23.34,110.0,False
417,11.0,10.0,7.0,0,100000,2.98,684,495,11,32,205,447,0.032,0.684,44843.04,14.35,110.0,False
418,11.0,10.0,8.0,0,100000,2.98,534,386,7,46,160,328,0.046,0.534,35009.04,16.1,110.0,False
419,11.0,10.0,9.0,0,100000,2.98,373,312,5,44,115,214,0.044,0.373,24453.88,10.76,110.0,False
420,11.0,11.0,10.0,0,100000,2.98,302,235,8,30,106,166,0.03,0.302,19799.12,5.94,121.0,True
421,11.0,11.0,11.0,0,100000,2.98,241,231,6,27,83,131,0.027,0.241,15799.96,4.27,121.0,True
422,11.0,11.0,12.0,0,100000,2.98,181,199,2,20,80,81,0.02,0.181,11866.36,2.37,121.0,True
423,11.0,11.0,13.0,0,100000,2.98,142,160,2,19,58,65,0.019,0.142,9309.52,1.77,121.0,True
424,11.0,11.0,14.0,0,100000,2.98,88,143,6,15,33,40,0.015,0.088,5769.28,0.87,121.0,True
425,11.0,11.0,15.0,0,100000,2.98,73,129,3,19,24,30,0.019,0.073,4785.88,0.91,121.0,True
426,11.0,11.0,16.0,0,100000,2.98,65,96,2,10,24,31,0.01,0.065,4261.4,0.43,121.0,True
427,11.0,11.0,17.0,0,100000,2.98,48,94,3,2,28,18,0.002,0.048,3146.88,0.06,121.0,True
428,11.0,11.0,18.0,0,100000,2.98,31,68,0,3,13,15,0.003,0.031,2032.36,0.06,121.0,True
429,11.0,11.0,19.0,0,100000,2.98,24,81,2,6,7,11,0.006,0.024,1573.44,0.09,121.0,True
430,11.0,11.0,1.0,0,100000,2.98,17407,10607,286,2,877,16528,0.002,17.407,1141202.92,22.82,121.0,True
431,11.0,11.0,20.0,0,100000,2.98,22,48,2,3,10,9,0.003,0.022,1442.32,0.04,121.0,True
432,11.0,11.0,2.0,0,100000,2.98,7191,4547,122,8,707,6476,0.008,7.191,471441.96,37.72,121.0,True
433,11.0,11.0,3.0,0,100000,2.98,3786,2250,69,16,584,3186,0.016,3.786,248210.16,39.71,121.0,True
434,11.0,11.0,4.0,0,100000,2.98,2179,1421,40,25,469,1685,0.025,2.179,142855.24,35.71,121.0,True
435,11.0,11.0,5.0,0,100000,2.98,1441,1000,31,36,330,1075,0.036,1.441,94471.96,34.01,121.0,True
436,11.0,11.0,6.0,0,100000,2.98,1001,705,23,44,256,701,0.044,1.001,65625.56,28.88,121.0,True
437,11.0,11.0,7.0,0,100000,2.98,715,483,22,45,210,460,0.045,0.715,46875.4,21.09,121.0,True
438,11.0,11.0,8.0,0,100000,2.98,541,371,11,42,164,335,0.042,0.541,35467.96,14.9,121.0,True
439,11.0,11.0,9.0,0,100000,2.98,412,306,13,35,154,223,0.035,0.412,27010.72,9.45,121.0,True
440,11.0,12.0,10.0,0,100000,2.98,294,280,10,25,118,151,0.025,0.294,19274.64,4.82,132.0,False
441,11.0,12.0,11.0,0,100000,2.98,235,206,8,32,80,123,0.032,0.235,15406.6,4.93,132.0,False
442,11.0,12.0,12.0,0,100000,2.98,177,206,4,16,68,93,0.016,0.177,11604.12,1.86,132.0,False
443,11.0,12.0,13.0,0,100000,2.98,134,153,5,20,50,64,0.02,0.134,8785.04,1.76,132.0,False
444,11.0,12.0,14.0,0,100000,2.98,115,148,8,23,41,51,0.023,0.115,7539.4,1.73,132.0,False
445,11.0,12.0,15.0,0,100000,2.98,70,112,2,9,27,34,0.009,0.07,4589.2,0.41,132.0,False
446,11.0,12.0,16.0,0,100000,2.98,50,101,5,13,12,25,0.013,0.05,3278.0,0.43,132.0,False
447,11.0,12.0,17.0,0,100000,2.98,59,79,0,9,21,29,0.009,0.059,3868.04,0.35,132.0,False
448,11.0,12.0,18.0,0,100000,2.98,53,64,1,8,22,23,0.008,0.053,3474.68,0.28,132.0,False
449,11.0,12.0,19.0,0,100000,2.98,26,66,0,4,10,12,0.004,0.026,1704.56,0.07,132.0,False
450,11.0,12.0,1.0,0,100000,2.98,17522,10516,307,2,916,16604,0.002,17.522,1148742.32,22.97,132.0,False
451,11.0,12.0,20.0,0,100000,2.98,21,72,4,3,9,9,0.003,0.021,1376.76,0.04,132.0,False
452,11.0,12.0,2.0,0,100000,2.98,7286,4544,138,5,722,6559,0.005,7.286,477670.16,23.88,132.0,False
453,11.0,12.0,3.0,0,100000,2.98,3910,2379,69,19,557,3334,0.019,3.91,256339.6,48.7,132.0,False
454,11.0,12.0,4.0,0,100000,2.98,2258,1405,43,26,447,1785,0.026,2.258,148034.48,38.49,132.0,False
455,11.0,12.0,5.0,0,100000,2.98,1468,968,22,33,352,1083,0.033,1.468,96242.08,31.76,132.0,False
456,11.0,12.0,6.0,0,100000,2.98,1024,689,11,53,302,669,0.053,1.024,67133.44,35.58,132.0,False
457,11.0,12.0,7.0,0,100000,2.98,729,526,15,55,213,461,0.055,0.729,47793.24,26.29,132.0,False
458,11.0,12.0,8.0,0,100000,2.98,530,395,15,40,159,331,0.04,0.53,34746.8,13.9,132.0,False
459,11.0,12.0,9.0,0,100000,2.98,393,331,10,45,149,199,0.045,0.393,25765.08,11.59,132.0,False
460,11.0,13.0,10.0,0,100000,2.98,349,269,11,32,139,178,0.032,0.349,22880.44,7.32,143.0,False
461,11.0,13.0,11.0,0,100000,2.98,202,237,4,37,76,89,0.037,0.202,13243.12,4.9,143.0,False
462,11.0,13.0,12.0,0,100000,2.98,166,191,3,25,64,77,0.025,0.166,10882.96,2.72,143.0,False
463,11.0,13.0,13.0,0,100000,2.98,154,159,3,28,65,61,0.028,0.154,10096.24,2.83,143.0,False
464,11.0,13.0,14.0,0,100000,2.98,118,139,3,20,38,60,0.02,0.118,7736.08,1.55,143.0,False
465,11.0,13.0,15.0,0,100000,2.98,88,136,0,16,35,37,0.016,0.088,5769.28,0.92,143.0,False
466,11.0,13.0,16.0,0,100000,2.98,65,99,1,14,26,25,0.014,0.065,4261.4,0.6,143.0,False
467,11.0,13.0,17.0,0,100000,2.98,55,92,4,14,22,19,0.014,0.055,3605.8,0.5,143.0,False
468,11.0,13.0,18.0,0,100000,2.98,34,87,2,5,10,19,0.005,0.034,2229.04,0.11,143.0,False
469,11.0,13.0,19.0,0,100000,2.98,38,67,3,7,9,22,0.007,0.038,2491.28,0.17,143.0,False
470,11.0,13.0,1.0,0,100000,2.98,17362,10720,300,1,937,16424,0.001,17.362,1138252.72,11.38,143.0,False
471,11.0,13.0,20.0,0,100000,2.98,32,69,4,6,15,11,0.006,0.032,2097.92,0.13,143.0,False
472,11.0,13.0,2.0,0,100000,2.98,7209,4556,155,13,702,6494,0.013,7.209,472622.04,61.44,143.0,False
473,11.0,13.0,3.0,0,100000,2.98,3881,2313,60,15,543,3323,0.015,3.881,254438.36,38.17,143.0,False
474,11.0,13.0,4.0,0,100000,2.98,2260,1350,39,34,462,1764,0.034,2.26,148165.6,50.38,143.0,False
475,11.0,13.0,5.0,0,100000,2.98,1505,995,33,52,318,1135,0.052,1.505,98667.8,51.31,143.0,False
476,11.0,13.0,6.0,0,100000,2.98,1037,754,32,39,282,716,0.039,1.037,67985.72,26.51,143.0,False
477,11.0,13.0,7.0,0,100000,2.98,757,476,19,45,228,484,0.045,0.757,49628.92,22.33,143.0,False
478,11.0,13.0,8.0,0,100000,2.98,575,393,9,51,191,333,0.051,0.575,37697.0,19.23,143.0,False
479,11.0,13.0,9.0,0,100000,2.98,381,310,9,34,130,217,0.034,0.381,24978.36,8.49,143.0,False
480,11.0,14.0,10.0,0,100000,2.98,289,283,11,34,101,154,0.034,0.289,18946.84,6.44,154.0,False
481,11.0,14.0,11.0,0,100000,2.98,221,201,1,25,89,107,0.025,0.221,14488.76,3.62,154.0,False
482,11.0,14.0,12.0,0,100000,2.98,157,149,5,37,48,72,0.037,0.157,10292.92,3.81,154.0,False
483,11.0,14.0,13.0,0,100000,2.98,134,167,5,17,55,62,0.017,0.134,8785.04,1.49,154.0,False
484,11.0,14.0,14.0,0,100000,2.98,123,121,0,19,51,53,0.019,0.123,8063.88,1.53,154.0,False
485,11.0,14.0,15.0,0,100000,2.98,87,123,4,14,50,23,0.014,0.087,5703.72,0.8,154.0,False
486,11.0,14.0,16.0,0,100000,2.98,70,116,3,19,21,30,0.019,0.07,4589.2,0.87,154.0,False
487,11.0,14.0,17.0,0,100000,2.98,51,82,4,11,14,26,0.011,0.051,3343.56,0.37,154.0,False
488,11.0,14.0,18.0,0,100000,2.98,31,77,3,8,14,9,0.008,0.031,2032.36,0.16,154.0,False
489,11.0,14.0,19.0,0,100000,2.98,37,67,1,7,10,20,0.007,0.037,2425.72,0.17,154.0,False
490,11.0,14.0,1.0,0,100000,2.98,17513,10546,305,2,910,16601,0.002,17.513,1148152.28,22.96,154.0,False
491,11.0,14.0,20.0,0,100000,2.98,25,64,2,4,13,8,0.004,0.025,1639.0,0.07,154.0,False
492,11.0,14.0,2.0,0,100000,2.98,7255,4442,139,4,726,6525,0.004,7.255,475637.8,19.03,154.0,False
493,11.0,14.0,3.0,0,100000,2.98,3653,2405,65,18,521,3114,0.018,3.653,239490.68,43.11,154.0,False
494,11.0,14.0,4.0,0,100000,2.98,2222,1458,37,38,416,1768,0.038,2.222,145674.32,55.36,154.0,False
495,11.0,14.0,5.0,0,100000,2.98,1487,995,36,36,333,1118,0.036,1.487,97487.72,35.1,154.0,False
496,11.0,14.0,6.0,0,100000,2.98,1039,657,11,47,308,684,0.047,1.039,68116.84,32.01,154.0,False
497,11.0,14.0,7.0,0,100000,2.98,718,529,9,48,226,444,0.048,0.718,47072.08,22.59,154.0,False
498,11.0,14.0,8.0,0,100000,2.98,532,413,6,35,188,309,0.035,0.532,34877.92,12.21,154.0,False
499,11.0,14.0,9.0,0,100000,2.98,424,315,10,48,145,231,0.048,0.424,27797.44,13.34,154.0,False
500,11.0,15.0,10.0,0,100000,2.98,324,246,7,33,127,164,0.033,0.324,21241.44,7.01,165.0,False
501,11.0,15.0,11.0,0,100000,2.98,237,238,5,26,84,127,0.026,0.237,15537.72,4.04,165.0,False
502,11.0,15.0,12.0,0,100000,2.98,195,177,4,24,75,96,0.024,0.195,12784.2,3.07,165.0,False
503,11.0,15.0,13.0,0,100000,2.98,153,145,6,22,61,70,0.022,0.153,10030.68,2.21,165.0,False
504,11.0,15.0,14.0,0,100000,2.98,112,145,2,15,41,56,0.015,0.112,7342.72,1.1,165.0,False
505,11.0,15.0,15.0,0,100000,2.98,100,123,4,24,29,47,0.024,0.1,6556.0,1.57,165.0,False
506,11.0,15.0,16.0,0,100000,2.98,82,107,6,16,30,36,0.016,0.082,5375.92,0.86,165.0,False
507,11.0,15.0,17.0,0,100000,2.98,53,85,3,10,24,19,0.01,0.053,3474.68,0.35,165.0,False
508,11.0,15.0,18.0,0,100000,2.98,46,89,1,12,15,19,0.012,0.046,3015.76,0.36,165.0,False
509,11.0,15.0,19.0,0,100000,2.98,27,80,5,3,14,10,0.003,0.027,1770.12,0.05,165.0,False
510,11.0,15.0,1.0,0,100000,2.98,17401,10531,291,0,908,16493,0.0,17.401,1140809.56,0.0,165.0,False
511,11.0,15.0,20.0,0,100000,2.98,32,65,4,7,9,16,0.007,0.032,2097.92,0.15,165.0,False
512,11.0,15.0,2.0,0,100000,2.98,7388,4516,147,5,706,6677,0.005,7.388,484357.28,24.22,165.0,False
513,11.0,15.0,3.0,0,100000,2.98,3780,2304,73,19,541,3220,0.019,3.78,247816.8,47.09,165.0,False
514,11.0,15.0,4.0,0,100000,2.98,2243,1474,42,27,441,1775,0.027,2.243,147051.08,39.7,165.0,False
515,11.0,15.0,5.0,0,100000,2.98,1405,963,25,39,351,1015,0.039,1.405,92111.8,35.92,165.0,False
516,11.0,15.0,6.0,0,100000,2.98,1016,653,21,46,280,690,0.046,1.016,66608.96,30.64,165.0,False
517,11.0,15.0,7.0,0,100000,2.98,736,543,11,57,241,438,0.057,0.736,48252.16,27.5,165.0,False
518,11.0,15.0,8.0,0,100000,2.98,521,409,8,39,184,298,0.039,0.521,34156.76,13.32,165.0,False
519,11.0,15.0,9.0,0,100000,2.98,438,355,6,34,169,235,0.034,0.438,28715.28,9.76,165.0,False
520,11.0,16.0,10.0,0,100000,2.98,321,277,8,40,112,169,0.04,0.321,21044.76,8.42,176.0,False
521,11.0,16.0,11.0,0,100000,2.98,234,237,7,33,78,123,0.033,0.234,15341.04,5.06,176.0,False
522,11.0,16.0,12.0,0,100000,2.98,208,169,2,25,83,100,0.025,0.208,13636.48,3.41,176.0,False
523,11.0,16.0,13.0,0,100000,2.98,145,158,1,14,55,76,0.014,0.145,9506.2,1.33,176.0,False
524,11.0,16.0,14.0,0,100000,2.98,116,133,0,29,41,46,0.029,0.116,7604.96,2.21,176.0,False
525,11.0,16.0,15.0,0,100000,2.98,89,141,3,19,29,41,0.019,0.089,5834.84,1.11,176.0,False
526,11.0,16.0,16.0,0,100000,2.98,67,118,1,11,26,30,0.011,0.067,4392.52,0.48,176.0,False
527,11.0,16.0,17.0,0,100000,2.98,58,95,2,14,16,28,0.014,0.058,3802.48,0.53,176.0,False
528,11.0,16.0,18.0,0,100000,2.98,48,81,2,6,25,17,0.006,0.048,3146.88,0.19,176.0,False
529,11.0,16.0,19.0,0,100000,2.98,30,59,1,5,14,11,0.005,0.03,1966.8,0.1,176.0,False
530,11.0,16.0,1.0,0,100000,2.98,17426,10535,306,1,918,16507,0.001,17.426,1142448.56,11.42,176.0,False
531,11.0,16.0,20.0,0,100000,2.98,30,73,2,8,11,11,0.008,0.03,1966.8,0.16,176.0,False
532,11.0,16.0,2.0,0,100000,2.98,7144,4605,149,5,698,6441,0.005,7.144,468360.64,23.42,176.0,False
533,11.0,16.0,3.0,0,100000,2.98,3622,2297,60,15,528,3079,0.015,3.622,237458.32,35.62,176.0,False
534,11.0,16.0,4.0,0,100000,2.98,2232,1430,34,33,463,1736,0.033,2.232,146329.92,48.29,176.0,False
535,11.0,16.0,5.0,0,100000,2.98,1336,978,26,37,350,949,0.037,1.336,87588.16,32.41,176.0,False
536,11.0,16.0,6.0,0,100000,2.98,1019,717,26,43,297,679,0.043,1.019,66805.64,28.73,176.0,False
537,11.0,16.0,7.0,0,100000,2.98,715,507,11,49,210,456,0.049,0.715,46875.4,22.97,176.0,False
538,11.0,16.0,8.0,0,100000,2.98,554,419,16,53,180,321,0.053,0.554,36320.24,19.25,176.0,False
539,11.0,16.0,9.0,0,100000,2.98,381,282,13,29,145,207,0.029,0.381,24978.36,7.24,176.0,False
540,11.0,17.0,10.0,0,100000,2.98,360,277,9,47,126,187,0.047,0.36,23601.6,11.09,187.0,False
541,11.0,17.0,11.0,0,100000,2.98,222,245,5,30,77,115,0.03,0.222,14554.32,4.37,187.0,False
542,11.0,17.0,12.0,0,100000,2.98,195,203,4,20,77,98,0.02,0.195,12784.2,2.56,187.0,False
543,11.0,17.0,13.0,0,100000,2.98,146,145,5,27,55,64,0.027,0.146,9571.76,2.58,187.0,False
544,11.0,17.0,14.0,0,100000,2.98,123,154,3,19,52,52,0.019,0.123,8063.88,1.53,187.0,False
545,11.0,17.0,15.0,0,100000,2.98,87,121,0,17,31,39,0.017,0.087,5703.72,0.97,187.0,False
546,11.0,17.0,16.0,0,100000,2.98,83,116,2,10,33,40,0.01,0.083,5441.48,0.54,187.0,False
547,11.0,17.0,17.0,0,100000,2.98,52,103,0,9,21,22,0.009,0.052,3409.12,0.31,187.0,False
548,11.0,17.0,18.0,0,100000,2.98,49,81,1,10,20,19,0.01,0.049,3212.44,0.32,187.0,False
549,11.0,17.0,19.0,0,100000,2.98,43,73,4,10,16,17,0.01,0.043,2819.08,0.28,187.0,False
550,11.0,17.0,1.0,0,100000,2.98,17608,10783,304,1,908,16699,0.001,17.608,1154380.48,11.54,187.0,False
551,11.0,17.0,20.0,0,100000,2.98,29,68,1,7,9,13,0.007,0.029,1901.24,0.13,187.0,False
552,11.0,17.0,2.0,0,100000,2.98,7228,4543,147,3,732,6493,0.003,7.228,473867.68,14.22,187.0,False
553,11.0,17.0,3.0,0,100000,2.98,3680,2336,66,24,548,3108,0.024,3.68,241260.8,57.9,187.0,False
554,11.0,17.0,4.0,0,100000,2.98,2295,1510,48,41,466,1788,0.041,2.295,150460.2,61.69,187.0,False
555,11.0,17.0,5.0,0,100000,2.98,1518,980,25,49,363,1106,0.049,1.518,99520.08,48.76,187.0,False
556,11.0,17.0,6.0,0,100000,2.98,964,661,27,41,262,661,0.041,0.964,63199.84,25.91,187.0,False
557,11.0,17.0,7.0,0,100000,2.98,757,488,11,45,246,466,0.045,0.757,49628.92,22.33,187.0,False
558,11.0,17.0,8.0,0,100000,2.98,551,404,9,40,203,308,0.04,0.551,36123.56,14.45,187.0,False
559,11.0,17.0,9.0,0,100000,2.98,396,338,12,45,149,202,0.045,0.396,25961.76,11.68,187.0,False
560,11.0,18.0,10.0,0,100000,2.98,315,262,6,26,115,174,0.026,0.315,20651.4,5.37,198.0,False
561,11.0,18.0,11.0,0,100000,2.98,246,230,5,23,104,119,0.023,0.246,16127.76,3.71,198.0,False
562,11.0,18.0,12.0,0,100000,2.98,188,202,7,29,82,77,0.029,0.188,12325.28,3.57,198.0,False
563,11.0,18.0,13.0,0,100000,2.98,149,150,5,29,54,66,0.029,0.149,9768.44,2.83,198.0,False
564,11.0,18.0,14.0,0,100000,2.98,105,146,3,23,41,41,0.023,0.105,6883.8,1.58,198.0,False
565,11.0,18.0,15.0,0,100000,2.98,99,118,1,20,36,43,0.02,0.099,6490.44,1.3,198.0,False
566,11.0,18.0,16.0,0,100000,2.98,52,119,1,10,19,23,0.01,0.052,3409.12,0.34,198.0,False
567,11.0,18.0,17.0,0,100000,2.98,59,96,0,8,21,30,0.008,0.059,3868.04,0.31,198.0,False
568,11.0,18.0,18.0,0,100000,2.98,49,79,1,8,18,23,0.008,0.049,3212.44,0.26,198.0,False
569,11.0,18.0,19.0,0,100000,2.98,41,73,0,8,16,17,0.008,0.041,2687.96,0.22,198.0,False
570,11.0,18.0,1.0,0,100000,2.98,17268,10549,299,1,862,16405,0.001,17.268,1132090.08,11.32,198.0,False
571,11.0,18.0,20.0,0,100000,2.98,31,51,1,3,12,16,0.003,0.031,2032.36,0.06,198.0,False
572,11.0,18.0,2.0,0,100000,2.98,7381,4554,153,7,734,6640,0.007,7.381,483898.36,33.87,198.0,False
573,11.0,18.0,3.0,0,100000,2.98,3808,2389,55,13,578,3217,0.013,3.808,249652.48,32.45,198.0,False
574,11.0,18.0,4.0,0,100000,2.98,2267,1421,40,26,465,1776,0.026,2.267,148624.52,38.64,198.0,False
575,11.0,18.0,5.0,0,100000,2.98,1486,963,19,37,341,1108,0.037,1.486,97422.16,36.05,198.0,False
576,11.0,18.0,6.0,0,100000,2.98,1042,700,21,48,287,707,0.048,1.042,68313.52,32.79,198.0,False
577,11.0,18.0,7.0,0,100000,2.98,760,504,15,40,233,487,0.04,0.76,49825.6,19.93,198.0,False
578,11.0,18.0,8.0,0,100000,2.98,591,401,6,51,203,337,0.051,0.591,38745.96,19.76,198.0,False
579,11.0,18.0,9.0,0,100000,2.98,407,348,9,44,116,247,0.044,0.407,26682.92,11.74,198.0,False
580,11.0,19.0,10.0,0,100000,2.98,283,288,4,36,113,134,0.036,0.283,18553.48,6.68,209.0,False
581,11.0,19.0,11.0,0,100000,2.98,267,217,5,34,102,131,0.034,0.267,17504.52,5.95,209.0,False
582,11.0,19.0,12.0,0,100000,2.98,197,183,3,29,66,102,0.029,0.197,12915.32,3.75,209.0,False
583,11.0,19.0,13.0,0,100000,2.98,164,147,4,29,63,72,0.029,0.164,10751.84,3.12,209.0,False
584,11.0,19.0,14.0,0,100000,2.98,115,138,4,28,50,37,0.028,0.115,7539.4,2.11,209.0,False
585,11.0,19.0,15.0,0,100000,2.98,75,122,4,12,30,33,0.012,0.075,4917.0,0.59,209.0,False
586,11.0,19.0,16.0,0,100000,2.98,82,113,2,19,35,28,0.019,0.082,5375.92,1.02,209.0,False
587,11.0,19.0,17.0,0,100000,2.98,46,99,1,15,14,17,0.015,0.046,3015.76,0.45,209.0,False
588,11.0,19.0,18.0,0,100000,2.98,40,82,3,7,15,18,0.007,0.04,2622.4,0.18,209.0,False
589,11.0,19.0,19.0,0,100000,2.98,38,67,1,15,8,15,0.015,0.038,2491.28,0.37,209.0,False
590,11.0,19.0,1.0,0,100000,2.98,17555,10797,307,1,873,16681,0.001,17.555,1150905.8,11.51,209.0,False
591,11.0,19.0,20.0,0,100000,2.98,30,50,0,7,13,10,0.007,0.03,1966.8,0.14,209.0,False
592,11.0,19.0,2.0,0,100000,2.98,7425,4594,149,7,750,6668,0.007,7.425,486783.0,34.07,209.0,False
593,11.0,19.0,3.0,0,100000,2.98,3799,2334,57,15,584,3200,0.015,3.799,249062.44,37.36,209.0,False
594,11.0,19.0,4.0,0,100000,2.98,2225,1419,36,37,434,1754,0.037,2.225,145871.0,53.97,209.0,False
595,11.0,19.0,5.0,0,100000,2.98,1516,924,31,45,370,1101,0.045,1.516,99388.96,44.73,209.0,False
596,11.0,19.0,6.0,0,100000,2.98,1062,691,21,49,304,709,0.049,1.062,69624.72,34.12,209.0,False
597,11.0,19.0,7.0,0,100000,2.98,707,506,19,54,225,428,0.054,0.707,46350.92,25.03,209.0,False
598,11.0,19.0,8.0,0,100000,2.98,538,389,9,50,180,308,0.05,0.538,35271.28,17.64,209.0,False
599,11.0,19.0,9.0,0,100000,2.98,425,319,6,40,169,216,0.04,0.425,27863.0,11.15,209.0,False
600,11.0,1.0,10.0,0,100000,2.98,116,217,7,0,3,113,0.0,0.116,7604.96,0.0,11.0,False
601,11.0,1.0,11.0,0,100000,2.98,93,162,3,0,2,91,0.0,0.093,6097.08,0.0,11.0,False
602,11.0,1.0,12.0,0,100000,2.98,69,148,2,0,3,66,0.0,0.069,4523.64,0.0,11.0,False
603,11.0,1.0,13.0,0,100000,2.98,42,126,1,0,0,42,0.0,0.042,2753.52,0.0,11.0,False
604,11.0,1.0,14.0,0,100000,2.98,34,78,1,0,0,34,0.0,0.034,2229.04,0.0,11.0,False
605,11.0,1.0,15.0,0,100000,2.98,19,68,3,0,1,18,0.0,0.019,1245.64,0.0,11.0,False
606,11.0,1.0,16.0,0,100000,2.98,12,65,0,0,0,12,0.0,0.012,786.72,0.0,11.0,False
607,11.0,1.0,17.0,0,100000,2.98,17,62,1,0,0,17,0.0,0.017,1114.52,0.0,11.0,False
608,11.0,1.0,18.0,0,100000,2.98,15,47,0,0,0,15,0.0,0.015,983.4,0.0,11.0,False
609,11.0,1.0,19.0,0,100000,2.98,13,48,3,0,0,13,0.0,0.013,852.28,0.0,11.0,False
610,11.0,1.0,1.0,0,100000,2.98,16775,10647,282,0,588,16187,0.0,16.775,1099769.0,0.0,11.0,False
611,11.0,1.0,20.0,0,100000,2.98,11,43,0,0,0,11,0.0,0.011,721.16,0.0,11.0,False
612,11.0,1.0,2.0,0,100000,2.98,6834,4504,125,0,335,6499,0.0,6.834,448037.04,0.0,11.0,False
613,11.0,1.0,3.0,0,100000,2.98,3218,2241,65,0,189,3029,0.0,3.218,210972.08,0.0,11.0,False
614,11.0,1.0,4.0,0,100000,2.98,1645,1366,26,0,96,1549,0.0,1.645,107846.2,0.0,11.0,False
615,11.0,1.0,5.0,0,100000,2.98,977,958,16,0,52,925,0.0,0.977,64052.12,0.0,11.0,False
616,11.0,1.0,6.0,0,100000,2.98,608,614,16,0,22,586,0.0,0.608,39860.48,0.0,11.0,False
617,11.0,1.0,7.0,0,100000,2.98,373,432,13,0,20,353,0.0,0.373,24453.88,0.0,11.0,False
618,11.0,1.0,8.0,0,100000,2.98,262,337,6,0,11,251,0.0,0.262,17176.72,0.0,11.0,False
619,11.0,1.0,9.0,0,100000,2.98,172,256,7,0,11,161,0.0,0.172,11276.32,0.0,11.0,False
620,11.0,20.0,10.0,0,100000,2.98,346,255,5,48,116,182,0.048,0.346,22683.76,10.89,220.0,False
621,11.0,20.0,11.0,0,100000,2.98,250,220,4,29,104,117,0.029,0.25,16390.0,4.75,220.0,False
622,11.0,20.0,12.0,0,100000,2.98,197,173,8,31,80,86,0.031,0.197,12915.32,4.0,220.0,False
623,11.0,20.0,13.0,0,100000,2.98,169,181,4,28,70,71,0.028,0.169,11079.64,3.1,220.0,False
624,11.0,20.0,14.0,0,100000,2.98,124,146,4,22,44,58,0.022,0.124,8129.44,1.79,220.0,False
625,11.0,20.0,15.0,0,100000,2.98,97,136,4,20,40,37,0.02,0.097,6359.32,1.27,220.0,False
626,11.0,20.0,16.0,0,100000,2.98,65,131,4,17,22,26,0.017,0.065,4261.4,0.72,220.0,False
627,11.0,20.0,17.0,0,100000,2.98,50,113,2,14,19,17,0.014,0.05,3278.0,0.46,220.0,False
628,11.0,20.0,18.0,0,100000,2.98,44,81,1,7,17,20,0.007,0.044,2884.64,0.2,220.0,False
629,11.0,20.0,19.0,0,100000,2.98,35,87,2,11,14,10,0.011,0.035,2294.6,0.25,220.0,False
630,11.0,20.0,1.0,0,100000,2.98,17506,10558,300,1,894,16611,0.001,17.506,1147693.36,11.48,220.0,False
631,11.0,20.0,20.0,0,100000,2.98,43,58,0,10,17,16,0.01,0.043,2819.08,0.28,220.0,False
632,11.0,20.0,2.0,0,100000,2.98,7480,4510,137,8,722,6750,0.008,7.48,490388.8,39.23,220.0,False
633,11.0,20.0,3.0,0,100000,2.98,3746,2388,65,22,555,3169,0.022,3.746,245587.76,54.03,220.0,False
634,11.0,20.0,4.0,0,100000,2.98,2272,1442,36,28,434,1810,0.028,2.272,148952.32,41.71,220.0,False
635,11.0,20.0,5.0,0,100000,2.98,1414,903,28,47,345,1022,0.047,1.414,92701.84,43.57,220.0,False
636,11.0,20.0,6.0,0,100000,2.98,1062,687,22,41,301,720,0.041,1.062,69624.72,28.55,220.0,False
637,11.0,20.0,7.0,0,100000,2.98,731,508,18,48,222,461,0.048,0.731,47924.36,23.0,220.0,False
638,11.0,20.0,8.0,0,100000,2.98,553,366,14,49,177,327,0.049,0.553,36254.68,17.76,220.0,False
639,11.0,20.0,9.0,0,100000,2.98,399,321,3,38,141,220,0.038,0.399,26158.44,9.94,220.0,False
640,11.0,2.0,10.0,0,100000,2.98,124,192,10,1,10,113,0.001,0.124,8129.44,0.08,22.0,False
641,11.0,2.0,11.0,0,100000,2.98,84,188,4,0,6,78,0.0,0.084,5507.04,0.0,22.0,False
642,11.0,2.0,12.0,0,100000,2.98,60,136,9,0,3,57,0.0,0.06,3933.6,0.0,22.0,False
643,11.0,2.0,13.0,0,100000,2.98,37,108,4,0,2,35,0.0,0.037,2425.72,0.0,22.0,False
644,11.0,2.0,14.0,0,100000,2.98,29,114,3,0,3,26,0.0,0.029,1901.24,0.0,22.0,False
645,11.0,2.0,15.0,0,100000,2.98,22,83,2,0,1,21,0.0,0.022,1442.32,0.0,22.0,False
646,11.0,2.0,16.0,0,100000,2.98,14,62,3,0,3,11,0.0,0.014,917.84,0.0,22.0,False
647,11.0,2.0,17.0,0,100000,2.98,7,76,3,0,0,7,0.0,0.007,458.92,0.0,22.0,False
648,11.0,2.0,18.0,0,100000,2.98,11,64,0,0,0,11,0.0,0.011,721.16,0.0,22.0,False
649,11.0,2.0,19.0,0,100000,2.98,7,52,0,0,0,7,0.0,0.007,458.92,0.0,22.0,False
650,11.0,2.0,1.0,0,100000,2.98,17098,10690,294,0,851,16247,0.0,17.098,1120944.88,0.0,22.0,False
651,11.0,2.0,20.0,0,100000,2.98,15,48,1,0,1,14,0.0,0.015,983.4,0.0,22.0,False
652,11.0,2.0,2.0,0,100000,2.98,7055,4479,120,1,508,6546,0.001,7.055,462525.8,4.63,22.0,False
653,11.0,2.0,3.0,0,100000,2.98,3277,2354,84,3,332,2942,0.003,3.277,214840.12,6.45,22.0,False
654,11.0,2.0,4.0,0,100000,2.98,1814,1392,53,2,178,1634,0.002,1.814,118925.84,2.38,22.0,False
655,11.0,2.0,5.0,0,100000,2.98,1049,957,27,3,120,926,0.003,1.049,68772.44,2.06,22.0,False
656,11.0,2.0,6.0,0,100000,2.98,675,609,23,0,80,595,0.0,0.675,44253.0,0.0,22.0,False
657,11.0,2.0,7.0,0,100000,2.98,400,439,13,0,44,356,0.0,0.4,26224.0,0.0,22.0,False
658,11.0,2.0,8.0,0,100000,2.98,257,321,5,1,29,227,0.001,0.257,16848.92,0.17,22.0,False
659,11.0,2.0,9.0,0,100000,2.98,178,263,8,0,18,160,0.0,0.178,11669.68,0.0,22.0,False
660,11.0,3.0,10.0,0,100000,2.98,138,251,4,4,25,109,0.004,0.138,9047.28,0.36,33.0,False
661,11.0,3.0,11.0,0,100000,2.98,132,204,7,1,18,113,0.001,0.132,8653.92,0.09,33.0,False
662,11.0,3.0,12.0,0,100000,2.98,80,133,0,1,10,69,0.001,0.08,5244.8,0.05,33.0,False
663,11.0,3.0,13.0,0,100000,2.98,73,143,6,1,9,63,0.001,0.073,4785.88,0.05,33.0,False
664,11.0,3.0,14.0,0,100000,2.98,48,115,1,0,4,44,0.0,0.048,3146.88,0.0,33.0,False
665,11.0,3.0,15.0,0,100000,2.98,33,91,7,0,3,30,0.0,0.033,2163.48,0.0,33.0,False
666,11.0,3.0,16.0,0,100000,2.98,28,101,2,0,2,26,0.0,0.028,1835.68,0.0,33.0,False
667,11.0,3.0,17.0,0,100000,2.98,18,69,1,0,4,14,0.0,0.018,1180.08,0.0,33.0,False
668,11.0,3.0,18.0,0,100000,2.98,4,69,5,0,1,3,0.0,0.004,262.24,0.0,33.0,False
669,11.0,3.0,19.0,0,100000,2.98,7,63,0,0,0,7,0.0,0.007,458.92,0.0,33.0,False
670,11.0,3.0,1.0,0,100000,2.98,17368,10654,273,2,886,16480,0.002,17.368,1138646.08,22.77,33.0,False
671,11.0,3.0,20.0,0,100000,2.98,9,46,1,0,4,5,0.0,0.009,590.04,0.0,33.0,False
672,11.0,3.0,2.0,0,100000,2.98,7227,4500,141,2,654,6571,0.002,7.227,473802.12,9.48,33.0,False
673,11.0,3.0,3.0,0,100000,2.98,3695,2323,79,6,452,3237,0.006,3.695,242244.2,14.53,33.0,False
674,11.0,3.0,4.0,0,100000,2.98,1952,1415,32,2,251,1699,0.002,1.952,127973.12,2.56,33.0,False
675,11.0,3.0,5.0,0,100000,2.98,1202,969,21,5,209,988,0.005,1.202,78803.12,3.94,33.0,False
676,11.0,3.0,6.0,0,100000,2.98,773,630,19,6,112,655,0.006,0.773,50677.88,3.04,33.0,False
677,11.0,3.0,7.0,0,100000,2.98,482,495,10,5,90,387,0.005,0.482,31599.92,1.58,33.0,False
678,11.0,3.0,8.0,0,100000,2.98,317,384,8,3,53,261,0.003,0.317,20782.52,0.62,33.0,False
679,11.0,3.0,9.0,0,100000,2.98,235,283,9,1,40,194,0.001,0.235,15406.6,0.15,33.0,False
680,11.0,4.0,10.0,0,100000,2.98,182,213,7,5,35,142,0.005,0.182,11931.92,0.6,44.0,False
681,11.0,4.0,11.0,0,100000,2.98,127,202,6,3,20,104,0.003,0.127,8326.12,0.25,44.0,False
682,11.0,4.0,12.0,0,100000,2.98,114,158,1,5,21,88,0.005,0.114,7473.84,0.37,44.0,False
683,11.0,4.0,13.0,0,100000,2.98,71,137,2,1,14,56,0.001,0.071,4654.76,0.05,44.0,False
684,11.0,4.0,14.0,0,100000,2.98,57,134,3,2,12,43,0.002,0.057,3736.92,0.07,44.0,False
685,11.0,4.0,15.0,0,100000,2.98,44,100,5,0,15,29,0.0,0.044,2884.64,0.0,44.0,False
686,11.0,4.0,16.0,0,100000,2.98,36,96,4,2,9,25,0.002,0.036,2360.16,0.05,44.0,False
687,11.0,4.0,17.0,0,100000,2.98,22,71,3,2,5,15,0.002,0.022,1442.32,0.03,44.0,False
688,11.0,4.0,18.0,0,100000,2.98,20,62,3,1,1,18,0.001,0.02,1311.2,0.01,44.0,False
689,11.0,4.0,19.0,0,100000,2.98,8,52,0,0,0,8,0.0,0.008,524.48,0.0,44.0,False
690,11.0,4.0,1.0,0,100000,2.98,17507,10609,293,0,907,16600,0.0,17.507,1147758.92,0.0,44.0,False
691,11.0,4.0,20.0,0,100000,2.98,4,40,3,0,0,4,0.0,0.004,262.24,0.0,44.0,False
692,11.0,4.0,2.0,0,100000,2.98,7284,4439,145,2,671,6611,0.002,7.284,477539.04,9.55,44.0,False
693,11.0,4.0,3.0,0,100000,2.98,3665,2376,51,10,500,3155,0.01,3.665,240277.4,24.03,44.0,False
694,11.0,4.0,4.0,0,100000,2.98,2147,1466,36,9,354,1784,0.009,2.147,140757.32,12.67,44.0,False
695,11.0,4.0,5.0,0,100000,2.98,1367,932,30,12,250,1105,0.012,1.367,89620.52,10.75,44.0,False
696,11.0,4.0,6.0,0,100000,2.98,830,661,17,8,160,662,0.008,0.83,54414.8,4.35,44.0,False
697,11.0,4.0,7.0,0,100000,2.98,562,486,14,7,133,422,0.007,0.562,36844.72,2.58,44.0,False
698,11.0,4.0,8.0,0,100000,2.98,379,391,11,9,74,296,0.009,0.379,24847.24,2.24,44.0,False
699,11.0,4.0,9.0,0,100000,2.98,241,277,10,6,54,181,0.006,0.241,15799.96,0.95,44.0,False
700,11.0,5.0,10.0,0,100000,2.98,225,244,6,11,59,155,0.011,0.225,14751.0,1.62,55.0,False
701,11.0,5.0,11.0,0,100000,2.98,167,204,3,5,46,116,0.005,0.167,10948.52,0.55,55.0,False
702,11.0,5.0,12.0,0,100000,2.98,112,176,4,6,25,81,0.006,0.112,7342.72,0.44,55.0,False
703,11.0,5.0,13.0,0,100000,2.98,79,142,6,3,17,59,0.003,0.079,5179.24,0.16,55.0,False
704,11.0,5.0,14.0,0,100000,2.98,72,134,3,3,19,50,0.003,0.072,4720.32,0.14,55.0,False
705,11.0,5.0,15.0,0,100000,2.98,46,103,6,1,11,34,0.001,0.046,3015.76,0.03,55.0,False
706,11.0,5.0,16.0,0,100000,2.98,25,98,5,2,4,19,0.002,0.025,1639.0,0.03,55.0,False
707,11.0,5.0,17.0,0,100000,2.98,27,64,2,1,8,18,0.001,0.027,1770.12,0.02,55.0,False
708,11.0,5.0,18.0,0,100000,2.98,16,56,0,0,4,12,0.0,0.016,1048.96,0.0,55.0,False
709,11.0,5.0,19.0,0,100000,2.98,15,44,2,0,4,11,0.0,0.015,983.4,0.0,55.0,False
710,11.0,5.0,1.0,0,100000,2.98,17464,10642,317,1,931,16532,0.001,17.464,1144939.84,11.45,55.0,False
711,11.0,5.0,20.0,0,100000,2.98,19,52,1,1,2,16,0.001,0.019,1245.64,0.01,55.0,False
712,11.0,5.0,2.0,0,100000,2.98,7405,4487,148,5,687,6713,0.005,7.405,485471.8,24.27,55.0,False
713,11.0,5.0,3.0,0,100000,2.98,3722,2359,80,10,551,3161,0.01,3.722,244014.32,24.4,55.0,False
714,11.0,5.0,4.0,0,100000,2.98,2147,1431,42,18,401,1728,0.018,2.147,140757.32,25.34,55.0,False
715,11.0,5.0,5.0,0,100000,2.98,1310,953,23,17,297,996,0.017,1.31,85883.6,14.6,55.0,False
716,11.0,5.0,6.0,0,100000,2.98,881,704,17,11,209,661,0.011,0.881,57758.36,6.35,55.0,False
717,11.0,5.0,7.0,0,100000,2.98,629,488,15,19,161,449,0.019,0.629,41237.24,7.84,55.0,False
718,11.0,5.0,8.0,0,100000,2.98,426,359,7,14,114,298,0.014,0.426,27928.56,3.91,55.0,False
719,11.0,5.0,9.0,0,100000,2.98,300,297,9,15,82,203,0.015,0.3,19668.0,2.95,55.0,False
720,11.0,6.0,10.0,0,100000,2.98,229,232,7,16,70,143,0.016,0.229,15013.24,2.4,66.0,False
721,11.0,6.0,11.0,0,100000,2.98,181,218,9,11,45,125,0.011,0.181,11866.36,1.31,66.0,False
722,11.0,6.0,12.0,0,100000,2.98,151,165,4,10,42,99,0.01,0.151,9899.56,0.99,66.0,False
723,11.0,6.0,13.0,0,100000,2.98,94,167,4,4,28,62,0.004,0.094,6162.64,0.25,66.0,False
724,11.0,6.0,14.0,0,100000,2.98,65,134,5,3,14,48,0.003,0.065,4261.4,0.13,66.0,False
725,11.0,6.0,15.0,0,100000,2.98,43,106,7,4,16,23,0.004,0.043,2819.08,0.11,66.0,False
726,11.0,6.0,16.0,0,100000,2.98,38,89,4,1,9,28,0.001,0.038,2491.28,0.02,66.0,False
727,11.0,6.0,17.0,0,100000,2.98,34,74,1,5,12,17,0.005,0.034,2229.04,0.11,66.0,False
728,11.0,6.0,18.0,0,100000,2.98,25,54,2,1,5,19,0.001,0.025,1639.0,0.02,66.0,False
729,11.0,6.0,19.0,0,100000,2.98,19,47,2,0,5,14,0.0,0.019,1245.64,0.0,66.0,False
730,11.0,6.0,1.0,0,100000,2.98,17483,10716,315,0,880,16603,0.0,17.483,1146185.48,0.0,66.0,False
731,11.0,6.0,20.0,0,100000,2.98,12,54,0,1,4,7,0.001,0.012,786.72,0.01,66.0,False
732,11.0,6.0,2.0,0,100000,2.98,7451,4517,151,4,751,6696,0.004,7.451,488487.56,19.54,66.0,False
733,11.0,6.0,3.0,0,100000,2.98,3776,2349,71,16,534,3226,0.016,3.776,247554.56,39.61,66.0,False
734,11.0,6.0,4.0,0,100000,2.98,2219,1451,37,19,457,1743,0.019,2.219,145477.64,27.64,66.0,False
735,11.0,6.0,5.0,0,100000,2.98,1428,935,32,19,298,1111,0.019,1.428,93619.68,17.79,66.0,False
736,11.0,6.0,6.0,0,100000,2.98,904,665,20,20,233,651,0.02,0.904,59266.24,11.85,66.0,False
737,11.0,6.0,7.0,0,100000,2.98,650,497,16,20,167,463,0.02,0.65,42614.0,8.52,66.0,False
738,11.0,6.0,8.0,0,100000,2.98,467,396,13,26,120,321,0.026,0.467,30616.52,7.96,66.0,False
739,11.0,6.0,9.0,0,100000,2.98,309,306,4,18,109,182,0.018,0.309,20258.04,3.65,66.0,False
740,11.0,7.0,10.0,0,100000,2.98,243,237,16,15,72,156,0.015,0.243,15931.08,2.39,77.0,False
741,11.0,7.0,11.0,0,100000,2.98,196,209,4,13,61,122,0.013,0.196,12849.76,1.67,77.0,False
742,11.0,7.0,12.0,0,100000,2.98,145,175,1,10,49,86,0.01,0.145,9506.2,0.95,77.0,False
743,11.0,7.0,13.0,0,100000,2.98,99,128,1,6,25,68,0.006,0.099,6490.44,0.39,77.0,False
744,11.0,7.0,14.0,0,100000,2.98,73,114,2,7,20,46,0.007,0.073,4785.88,0.34,77.0,False
745,11.0,7.0,15.0,0,100000,2.98,56,121,1,2,23,31,0.002,0.056,3671.36,0.07,77.0,False
746,11.0,7.0,16.0,0,100000,2.98,35,78,1,4,14,17,0.004,0.035,2294.6,0.09,77.0,False
747,11.0,7.0,17.0,0,100000,2.98,38,73,0,5,15,18,0.005,0.038,2491.28,0.12,77.0,False
748,11.0,7.0,18.0,0,100000,2.98,26,51,2,1,8,17,0.001,0.026,1704.56,0.02,77.0,False
749,11.0,7.0,19.0,0,100000,2.98,22,67,2,5,3,14,0.005,0.022,1442.32,0.07,77.0,False
750,11.0,7.0,1.0,0,100000,2.98,17419,10783,320,0,888,16531,0.0,17.419,1141989.64,0.0,77.0,False
751,11.0,7.0,20.0,0,100000,2.98,14,47,0,1,2,11,0.001,0.014,917.84,0.01,77.0,False
752,11.0,7.0,2.0,0,100000,2.98,7346,4635,135,5,713,6628,0.005,7.346,481603.76,24.08,77.0,False
753,11.0,7.0,3.0,0,100000,2.98,3757,2430,63,20,521,3216,0.02,3.757,246308.92,49.26,77.0,False
754,11.0,7.0,4.0,0,100000,2.98,2253,1385,44,24,418,1811,0.024,2.253,147706.68,35.45,77.0,False
755,11.0,7.0,5.0,0,100000,2.98,1430,964,22,32,337,1061,0.032,1.43,93750.8,30.0,77.0,False
756,11.0,7.0,6.0,0,100000,2.98,947,679,26,22,251,674,0.022,0.947,62085.32,13.66,77.0,False
757,11.0,7.0,7.0,0,100000,2.98,710,528,11,27,192,491,0.027,0.71,46547.6,12.57,77.0,False
758,11.0,7.0,8.0,0,100000,2.98,460,371,9,30,127,303,0.03,0.46,30157.6,9.05,77.0,False
759,11.0,7.0,9.0,0,100000,2.98,316,302,8,16,83,217,0.016,0.316,20716.96,3.31,77.0,False
760,11.0,8.0,10.0,0,100000,2.98,301,243,8,26,105,170,0.026,0.301,19733.56,5.13,88.0,False
761,11.0,8.0,11.0,0,100000,2.98,236,209,7,16,86,134,0.016,0.236,15472.16,2.48,88.0,False
762,11.0,8.0,12.0,0,100000,2.98,136,179,3,8,57,71,0.008,0.136,8916.16,0.71,88.0,False
763,11.0,8.0,13.0,0,100000,2.98,121,147,4,13,43,65,0.013,0.121,7932.76,1.03,88.0,False
764,11.0,8.0,14.0,0,100000,2.98,93,139,2,10,29,54,0.01,0.093,6097.08,0.61,88.0,False
765,11.0,8.0,15.0,0,100000,2.98,68,112,1,7,24,37,0.007,0.068,4458.08,0.31,88.0,False
766,11.0,8.0,16.0,0,100000,2.98,41,88,6,2,16,23,0.002,0.041,2687.96,0.05,88.0,False
767,11.0,8.0,17.0,0,100000,2.98,29,77,1,3,11,15,0.003,0.029,1901.24,0.06,88.0,False
768,11.0,8.0,18.0,0,100000,2.98,32,76,1,4,15,13,0.004,0.032,2097.92,0.08,88.0,False
769,11.0,8.0,19.0,0,100000,2.98,19,66,1,2,5,12,0.002,0.019,1245.64,0.02,88.0,False
770,11.0,8.0,1.0,0,100000,2.98,17760,10627,316,3,929,16828,0.003,17.76,1164345.6,34.93,88.0,False
771,11.0,8.0,20.0,0,100000,2.98,13,55,1,3,4,6,0.003,0.013,852.28,0.03,88.0,False
772,11.0,8.0,2.0,0,100000,2.98,7303,4568,163,4,718,6581,0.004,7.303,478784.68,19.15,88.0,False
773,11.0,8.0,3.0,0,100000,2.98,3767,2281,75,14,603,3150,0.014,3.767,246964.52,34.58,88.0,False
774,11.0,8.0,4.0,0,100000,2.98,2182,1453,48,33,395,1754,0.033,2.182,143051.92,47.21,88.0,False
775,11.0,8.0,5.0,0,100000,2.98,1399,930,30,35,325,1039,0.035,1.399,91718.44,32.1,88.0,False
776,11.0,8.0,6.0,0,100000,2.98,1010,629,10,34,268,708,0.034,1.01,66215.6,22.51,88.0,False
777,11.0,8.0,7.0,0,100000,2.98,688,566,11,35,204,449,0.035,0.688,45105.28,15.79,88.0,False
778,11.0,8.0,8.0,0,100000,2.98,520,369,8,30,172,318,0.03,0.52,34091.2,10.23,88.0,False
779,11.0,8.0,9.0,0,100000,2.98,396,305,10,43,130,223,0.043,0.396,25961.76,11.16,88.0,False
780,11.0,9.0,10.0,0,100000,2.98,303,272,8,15,112,176,0.015,0.303,19864.68,2.98,99.0,False
781,11.0,9.0,11.0,0,100000,2.98,198,235,12,19,69,110,0.019,0.198,12980.88,2.47,99.0,False
782,11.0,9.0,12.0,0,100000,2.98,175,200,5,15,64,96,0.015,0.175,11473.0,1.72,99.0,False
783,11.0,9.0,13.0,0,100000,2.98,132,144,3,12,54,66,0.012,0.132,8653.92,1.04,99.0,False
784,11.0,9.0,14.0,0,100000,2.98,90,127,2,14,35,41,0.014,0.09,5900.4,0.83,99.0,False
785,11.0,9.0,15.0,0,100000,2.98,83,109,4,11,29,43,0.011,0.083,5441.48,0.6,99.0,False
786,11.0,9.0,16.0,0,100000,2.98,63,103,3,8,21,34,0.008,0.063,4130.28,0.33,99.0,False
787,11.0,9.0,17.0,0,100000,2.98,50,90,1,7,16,27,0.007,0.05,3278.0,0.23,99.0,False
788,11.0,9.0,18.0,0,100000,2.98,41,80,1,4,17,20,0.004,0.041,2687.96,0.11,99.0,False
789,11.0,9.0,19.0,0,100000,2.98,28,65,4,4,12,12,0.004,0.028,1835.68,0.07,99.0,False
790,11.0,9.0,1.0,0,100000,2.98,17386,10512,322,2,920,16464,0.002,17.386,1139826.16,22.8,99.0,False
791,11.0,9.0,20.0,0,100000,2.98,24,56,1,8,3,13,0.008,0.024,1573.44,0.13,99.0,False
792,11.0,9.0,2.0,0,100000,2.98,7286,4641,140,4,741,6541,0.004,7.286,477670.16,19.11,99.0,False
793,11.0,9.0,3.0,0,100000,2.98,3699,2418,67,13,550,3136,0.013,3.699,242506.44,31.53,99.0,False
794,11.0,9.0,4.0,0,100000,2.98,2236,1430,47,23,464,1749,0.023,2.236,146592.16,33.72,99.0,False
795,11.0,9.0,5.0,0,100000,2.98,1441,914,23,32,333,1076,0.032,1.441,94471.96,30.23,99.0,False
796,11.0,9.0,6.0,0,100000,2.98,1013,670,15,41,289,683,0.041,1.013,66412.28,27.23,99.0,False
797,11.0,9.0,7.0,0,100000,2.98,679,495,16,32,193,454,0.032,0.679,44515.24,14.24,99.0,False
798,11.0,9.0,8.0,0,100000,2.98,505,389,8,29,180,296,0.029,0.505,33107.8,9.6,99.0,False
799,11.0,9.0,9.0,0,100000,2.98,369,311,6,23,116,230,0.023,0.369,24191.64,5.56,99.0,False
800,12.0,10.0,10.0,0,100000,2.98,316,255,6,32,109,175,0.032,0.316,20716.96,6.63,120.0,False
801,12.0,10.0,11.0,0,100000,2.98,232,239,6,31,100,101,0.031,0.232,15209.92,4.72,120.0,False
802,12.0,10.0,12.0,0,100000,2.98,176,164,3,24,61,91,0.024,0.176,11538.56,2.77,120.0,False
803,12.0,10.0,13.0,0,100000,2.98,117,158,4,12,44,61,0.012,0.117,7670.52,0.92,120.0,False
804,12.0,10.0,14.0,0,100000,2.98,104,119,4,22,35,47,0.022,0.104,6818.24,1.5,120.0,False
805,12.0,10.0,15.0,0,100000,2.98,75,120,3,4,34,37,0.004,0.075,4917.0,0.2,120.0,False
806,12.0,10.0,16.0,0,100000,2.98,62,93,1,10,23,29,0.01,0.062,4064.72,0.41,120.0,False
807,12.0,10.0,17.0,0,100000,2.98,32,85,2,6,17,9,0.006,0.032,2097.92,0.13,120.0,False
808,12.0,10.0,18.0,0,100000,2.98,39,70,0,4,14,21,0.004,0.039,2556.84,0.1,120.0,False
809,12.0,10.0,19.0,0,100000,2.98,37,64,3,8,15,14,0.008,0.037,2425.72,0.19,120.0,False
810,12.0,10.0,1.0,0,100000,2.98,17437,10525,322,0,867,16570,0.0,17.437,1143169.72,0.0,120.0,False
811,12.0,10.0,20.0,0,100000,2.98,26,63,1,4,11,11,0.004,0.026,1704.56,0.07,120.0,False
812,12.0,10.0,2.0,0,100000,2.98,7226,4526,156,7,743,6476,0.007,7.226,473736.56,33.16,120.0,False
813,12.0,10.0,3.0,0,100000,2.98,3793,2416,75,22,559,3212,0.022,3.793,248669.08,54.71,120.0,False
814,12.0,10.0,4.0,0,100000,2.98,2188,1435,32,25,463,1700,0.025,2.188,143445.28,35.86,120.0,False
815,12.0,10.0,5.0,0,100000,2.98,1508,976,29,36,384,1088,0.036,1.508,98864.48,35.59,120.0,False
816,12.0,10.0,6.0,0,100000,2.98,992,689,21,44,268,680,0.044,0.992,65035.52,28.62,120.0,False
817,12.0,10.0,7.0,0,100000,2.98,694,503,21,48,208,438,0.048,0.694,45498.64,21.84,120.0,False
818,12.0,10.0,8.0,0,100000,2.98,521,375,12,28,175,318,0.028,0.521,34156.76,9.56,120.0,False
819,12.0,10.0,9.0,0,100000,2.98,446,283,8,40,155,251,0.04,0.446,29239.76,11.7,120.0,False
820,12.0,11.0,10.0,0,100000,2.98,292,258,5,38,93,161,0.038,0.292,19143.52,7.27,132.0,False
821,12.0,11.0,11.0,0,100000,2.98,213,221,4,27,72,114,0.027,0.213,13964.28,3.77,132.0,False
822,12.0,11.0,12.0,0,100000,2.98,181,204,4,17,63,101,0.017,0.181,11866.36,2.02,132.0,False
823,12.0,11.0,13.0,0,100000,2.98,161,170,4,32,51,78,0.032,0.161,10555.16,3.38,132.0,False
824,12.0,11.0,14.0,0,100000,2.98,120,128,2,19,44,57,0.019,0.12,7867.2,1.49,132.0,False
825,12.0,11.0,15.0,0,100000,2.98,70,111,6,12,32,26,0.012,0.07,4589.2,0.55,132.0,False
826,12.0,11.0,16.0,0,100000,2.98,72,107,3,9,25,38,0.009,0.072,4720.32,0.42,132.0,False
827,12.0,11.0,17.0,0,100000,2.98,47,75,1,8,20,19,0.008,0.047,3081.32,0.25,132.0,False
828,12.0,11.0,18.0,0,100000,2.98,27,84,1,2,5,20,0.002,0.027,1770.12,0.04,132.0,False
829,12.0,11.0,19.0,0,100000,2.98,33,67,0,4,11,18,0.004,0.033,2163.48,0.09,132.0,False
830,12.0,11.0,1.0,0,100000,2.98,17518,10631,295,0,905,16613,0.0,17.518,1148480.08,0.0,132.0,False
831,12.0,11.0,20.0,0,100000,2.98,25,73,3,5,6,14,0.005,0.025,1639.0,0.08,132.0,False
832,12.0,11.0,2.0,0,100000,2.98,7350,4594,146,6,705,6639,0.006,7.35,481866.0,28.91,132.0,False
833,12.0,11.0,3.0,0,100000,2.98,3784,2372,94,15,590,3179,0.015,3.784,248079.04,37.21,132.0,False
834,12.0,11.0,4.0,0,100000,2.98,2218,1434,45,27,429,1762,0.027,2.218,145412.08,39.26,132.0,False
835,12.0,11.0,5.0,0,100000,2.98,1405,930,30,41,339,1025,0.041,1.405,92111.8,37.77,132.0,False
836,12.0,11.0,6.0,0,100000,2.98,1013,668,23,49,275,689,0.049,1.013,66412.28,32.54,132.0,False
837,12.0,11.0,7.0,0,100000,2.98,686,518,8,37,210,439,0.037,0.686,44974.16,16.64,132.0,False
838,12.0,11.0,8.0,0,100000,2.98,542,393,9,40,181,321,0.04,0.542,35533.52,14.21,132.0,False
839,12.0,11.0,9.0,0,100000,2.98,410,322,9,44,132,234,0.044,0.41,26879.6,11.83,132.0,False
840,12.0,12.0,10.0,0,100000,2.98,298,246,5,38,109,151,0.038,0.298,19536.88,7.42,144.0,True
841,12.0,12.0,11.0,0,100000,2.98,232,212,5,33,83,116,0.033,0.232,15209.92,5.02,144.0,True
842,12.0,12.0,12.0,0,100000,2.98,193,168,2,34,67,92,0.034,0.193,12653.08,4.3,144.0,True
843,12.0,12.0,13.0,0,100000,2.98,138,150,5,25,49,64,0.025,0.138,9047.28,2.26,144.0,True
844,12.0,12.0,14.0,0,100000,2.98,93,129,4,15,36,42,0.015,0.093,6097.08,0.91,144.0,True
845,12.0,12.0,15.0,0,100000,2.98,90,143,6,17,30,43,0.017,0.09,5900.4,1.0,144.0,True
846,12.0,12.0,16.0,0,100000,2.98,80,108,0,14,29,37,0.014,0.08,5244.8,0.73,144.0,True
847,12.0,12.0,17.0,0,100000,2.98,55,91,3,9,19,27,0.009,0.055,3605.8,0.32,144.0,True
848,12.0,12.0,18.0,0,100000,2.98,37,73,3,7,15,15,0.007,0.037,2425.72,0.17,144.0,True
849,12.0,12.0,19.0,0,100000,2.98,28,61,0,5,8,15,0.005,0.028,1835.68,0.09,144.0,True
850,12.0,12.0,1.0,0,100000,2.98,17467,10761,309,0,886,16581,0.0,17.467,1145136.52,0.0,144.0,True
851,12.0,12.0,20.0,0,100000,2.98,28,53,1,3,9,16,0.003,0.028,1835.68,0.06,144.0,True
852,12.0,12.0,2.0,0,100000,2.98,7298,4540,136,5,734,6559,0.005,7.298,478456.88,23.92,144.0,True
853,12.0,12.0,3.0,0,100000,2.98,3848,2334,64,24,550,3274,0.024,3.848,252274.88,60.55,144.0,True
854,12.0,12.0,4.0,0,100000,2.98,2213,1498,44,23,448,1742,0.023,2.213,145084.28,33.37,144.0,True
855,12.0,12.0,5.0,0,100000,2.98,1457,913,25,39,362,1056,0.039,1.457,95520.92,37.25,144.0,True
856,12.0,12.0,6.0,0,100000,2.98,1047,693,22,49,288,710,0.049,1.047,68641.32,33.63,144.0,True
857,12.0,12.0,7.0,0,100000,2.98,672,531,17,52,195,425,0.052,0.672,44056.32,22.91,144.0,True
858,12.0,12.0,8.0,0,100000,2.98,556,418,12,45,192,319,0.045,0.556,36451.36,16.4,144.0,True
859,12.0,12.0,9.0,0,100000,2.98,384,348,6,39,142,203,0.039,0.384,25175.04,9.82,144.0,True
860,12.0,13.0,10.0,0,100000,2.98,289,279,8,35,121,133,0.035,0.289,18946.84,6.63,156.0,False
861,12.0,13.0,11.0,0,100000,2.98,266,201,7,30,101,135,0.03,0.266,17438.96,5.23,156.0,False
862,12.0,13.0,12.0,0,100000,2.98,207,202,2,29,80,98,0.029,0.207,13570.92,3.94,156.0,False
863,12.0,13.0,13.0,0,100000,2.98,143,171,4,28,64,51,0.028,0.143,9375.08,2.63,156.0,False
864,12.0,13.0,14.0,0,100000,2.98,130,132,3,23,53,54,0.023,0.13,8522.8,1.96,156.0,False
865,12.0,13.0,15.0,0,100000,2.98,96,119,2,14,40,42,0.014,0.096,6293.76,0.88,156.0,False
866,12.0,13.0,16.0,0,100000,2.98,68,95,1,12,25,31,0.012,0.068,4458.08,0.53,156.0,False
867,12.0,13.0,17.0,0,100000,2.98,53,94,3,11,7,35,0.011,0.053,3474.68,0.38,156.0,False
868,12.0,13.0,18.0,0,100000,2.98,46,69,1,8,19,19,0.008,0.046,3015.76,0.24,156.0,False
869,12.0,13.0,19.0,0,100000,2.98,38,85,2,6,11,21,0.006,0.038,2491.28,0.15,156.0,False
870,12.0,13.0,1.0,0,100000,2.98,17528,10764,324,1,950,16577,0.001,17.528,1149135.68,11.49,156.0,False
871,12.0,13.0,20.0,0,100000,2.98,36,67,2,7,15,14,0.007,0.036,2360.16,0.17,156.0,False
872,12.0,13.0,2.0,0,100000,2.98,7365,4579,139,3,735,6627,0.003,7.365,482849.4,14.49,156.0,False
873,12.0,13.0,3.0,0,100000,2.98,3775,2305,71,16,579,3180,0.016,3.775,247489.0,39.6,156.0,False
874,12.0,13.0,4.0,0,100000,2.98,2219,1449,40,19,489,1711,0.019,2.219,145477.64,27.64,156.0,False
875,12.0,13.0,5.0,0,100000,2.98,1427,926,37,36,338,1053,0.036,1.427,93554.12,33.68,156.0,False
876,12.0,13.0,6.0,0,100000,2.98,1016,693,22,48,297,671,0.048,1.016,66608.96,31.97,156.0,False
877,12.0,13.0,7.0,0,100000,2.98,737,507,15,40,234,463,0.04,0.737,48317.72,19.33,156.0,False
878,12.0,13.0,8.0,0,100000,2.98,541,371,17,51,167,323,0.051,0.541,35467.96,18.09,156.0,False
879,12.0,13.0,9.0,0,100000,2.98,405,327,9,42,149,214,0.042,0.405,26551.8,11.15,156.0,False
880,12.0,14.0,10.0,0,100000,2.98,336,258,7,46,103,187,0.046,0.336,22028.16,10.13,168.0,False
881,12.0,14.0,11.0,0,100000,2.98,232,195,3,23,88,121,0.023,0.232,15209.92,3.5,168.0,False
882,12.0,14.0,12.0,0,100000,2.98,217,170,4,36,77,104,0.036,0.217,14226.52,5.12,168.0,False
883,12.0,14.0,13.0,0,100000,2.98,159,164,3,14,68,77,0.014,0.159,10424.04,1.46,168.0,False
884,12.0,14.0,14.0,0,100000,2.98,105,135,2,22,37,46,0.022,0.105,6883.8,1.51,168.0,False
885,12.0,14.0,15.0,0,100000,2.98,111,126,3,18,47,46,0.018,0.111,7277.16,1.31,168.0,False
886,12.0,14.0,16.0,0,100000,2.98,76,99,2,12,31,33,0.012,0.076,4982.56,0.6,168.0,False
887,12.0,14.0,17.0,0,100000,2.98,58,97,1,5,21,32,0.005,0.058,3802.48,0.19,168.0,False
888,12.0,14.0,18.0,0,100000,2.98,39,76,2,8,17,14,0.008,0.039,2556.84,0.2,168.0,False
889,12.0,14.0,19.0,0,100000,2.98,35,60,1,9,14,12,0.009,0.035,2294.6,0.21,168.0,False
890,12.0,14.0,1.0,0,100000,2.98,17293,10510,317,1,911,16381,0.001,17.293,1133729.08,11.34,168.0,False
891,12.0,14.0,20.0,0,100000,2.98,23,58,2,7,9,7,0.007,0.023,1507.88,0.11,168.0,False
892,12.0,14.0,2.0,0,100000,2.98,7359,4421,151,4,735,6620,0.004,7.359,482456.04,19.3,168.0,False
893,12.0,14.0,3.0,0,100000,2.98,3858,2377,66,19,591,3248,0.019,3.858,252930.48,48.06,168.0,False
894,12.0,14.0,4.0,0,100000,2.98,2223,1483,32,29,456,1738,0.029,2.223,145739.88,42.26,168.0,False
895,12.0,14.0,5.0,0,100000,2.98,1471,967,29,29,366,1076,0.029,1.471,96438.76,27.97,168.0,False
896,12.0,14.0,6.0,0,100000,2.98,965,677,13,37,276,652,0.037,0.965,63265.4,23.41,168.0,False
897,12.0,14.0,7.0,0,100000,2.98,721,511,9,53,229,439,0.053,0.721,47268.76,25.05,168.0,False
898,12.0,14.0,8.0,0,100000,2.98,581,379,18,58,187,336,0.058,0.581,38090.36,22.09,168.0,False
899,12.0,14.0,9.0,0,100000,2.98,399,317,5,42,136,221,0.042,0.399,26158.44,10.99,168.0,False
900,12.0,15.0,10.0,0,100000,2.98,292,264,3,36,102,154,0.036,0.292,19143.52,6.89,180.0,False
901,12.0,15.0,11.0,0,100000,2.98,243,223,8,38,80,125,0.038,0.243,15931.08,6.05,180.0,False
902,12.0,15.0,12.0,0,100000,2.98,207,183,2,33,77,97,0.033,0.207,13570.92,4.48,180.0,False
903,12.0,15.0,13.0,0,100000,2.98,155,150,6,27,65,63,0.027,0.155,10161.8,2.74,180.0,False
904,12.0,15.0,14.0,0,100000,2.98,116,151,5,19,45,52,0.019,0.116,7604.96,1.44,180.0,False
905,12.0,15.0,15.0,0,100000,2.98,87,146,3,14,34,39,0.014,0.087,5703.72,0.8,180.0,False
906,12.0,15.0,16.0,0,100000,2.98,77,97,5,17,29,31,0.017,0.077,5048.12,0.86,180.0,False
907,12.0,15.0,17.0,0,100000,2.98,55,88,3,12,19,24,0.012,0.055,3605.8,0.43,180.0,False
908,12.0,15.0,18.0,0,100000,2.98,52,87,0,10,22,20,0.01,0.052,3409.12,0.34,180.0,False
909,12.0,15.0,19.0,0,100000,2.98,38,74,1,11,14,13,0.011,0.038,2491.28,0.27,180.0,False
910,12.0,15.0,1.0,0,100000,2.98,17327,10677,315,0,937,16390,0.0,17.327,1135958.12,0.0,180.0,False
911,12.0,15.0,20.0,0,100000,2.98,27,69,1,3,8,16,0.003,0.027,1770.12,0.05,180.0,False
912,12.0,15.0,2.0,0,100000,2.98,7099,4532,133,7,740,6352,0.007,7.099,465410.44,32.58,180.0,False
913,12.0,15.0,3.0,0,100000,2.98,3814,2325,62,16,581,3217,0.016,3.814,250045.84,40.01,180.0,False
914,12.0,15.0,4.0,0,100000,2.98,2291,1435,41,22,455,1814,0.022,2.291,150197.96,33.04,180.0,False
915,12.0,15.0,5.0,0,100000,2.98,1483,906,25,35,362,1086,0.035,1.483,97225.48,34.03,180.0,False
916,12.0,15.0,6.0,0,100000,2.98,1027,648,18,40,285,702,0.04,1.027,67330.12,26.93,180.0,False
917,12.0,15.0,7.0,0,100000,2.98,712,535,13,53,231,428,0.053,0.712,46678.72,24.74,180.0,False
918,12.0,15.0,8.0,0,100000,2.98,530,412,15,51,191,288,0.051,0.53,34746.8,17.72,180.0,False
919,12.0,15.0,9.0,0,100000,2.98,426,305,11,33,148,245,0.033,0.426,27928.56,9.22,180.0,False
920,12.0,16.0,10.0,0,100000,2.98,319,298,5,44,110,165,0.044,0.319,20913.64,9.2,192.0,False
921,12.0,16.0,11.0,0,100000,2.98,247,229,10,36,98,113,0.036,0.247,16193.32,5.83,192.0,False
922,12.0,16.0,12.0,0,100000,2.98,209,193,2,33,72,104,0.033,0.209,13702.04,4.52,192.0,False
923,12.0,16.0,13.0,0,100000,2.98,140,160,2,28,56,56,0.028,0.14,9178.4,2.57,192.0,False
924,12.0,16.0,14.0,0,100000,2.98,141,145,3,23,50,68,0.023,0.141,9243.96,2.13,192.0,False
925,12.0,16.0,15.0,0,100000,2.98,95,116,6,10,40,45,0.01,0.095,6228.2,0.62,192.0,False
926,12.0,16.0,16.0,0,100000,2.98,64,118,3,7,29,28,0.007,0.064,4195.84,0.29,192.0,False
927,12.0,16.0,17.0,0,100000,2.98,68,108,3,11,30,27,0.011,0.068,4458.08,0.49,192.0,False
928,12.0,16.0,18.0,0,100000,2.98,30,88,3,5,14,11,0.005,0.03,1966.8,0.1,192.0,False
929,12.0,16.0,19.0,0,100000,2.98,28,58,2,7,14,7,0.007,0.028,1835.68,0.13,192.0,False
930,12.0,16.0,1.0,0,100000,2.98,17314,10605,319,2,879,16433,0.002,17.314,1135105.84,22.7,192.0,False
931,12.0,16.0,20.0,0,100000,2.98,28,65,3,7,10,11,0.007,0.028,1835.68,0.13,192.0,False
932,12.0,16.0,2.0,0,100000,2.98,7225,4619,161,8,749,6468,0.008,7.225,473671.0,37.89,192.0,False
933,12.0,16.0,3.0,0,100000,2.98,3789,2407,63,13,558,3218,0.013,3.789,248406.84,32.29,192.0,False
934,12.0,16.0,4.0,0,100000,2.98,2213,1447,47,37,428,1748,0.037,2.213,145084.28,53.68,192.0,False
935,12.0,16.0,5.0,0,100000,2.98,1445,988,21,39,318,1088,0.039,1.445,94734.2,36.95,192.0,False
936,12.0,16.0,6.0,0,100000,2.98,1002,668,22,40,278,684,0.04,1.002,65691.12,26.28,192.0,False
937,12.0,16.0,7.0,0,100000,2.98,711,509,12,32,209,470,0.032,0.711,46613.16,14.92,192.0,False
938,12.0,16.0,8.0,0,100000,2.98,575,430,12,58,184,333,0.058,0.575,37697.0,21.86,192.0,False
939,12.0,16.0,9.0,0,100000,2.98,462,332,11,48,172,242,0.048,0.462,30288.72,14.54,192.0,False
940,12.0,17.0,10.0,0,100000,2.98,316,257,12,34,106,176,0.034,0.316,20716.96,7.04,204.0,False
941,12.0,17.0,11.0,0,100000,2.98,274,236,3,32,97,145,0.032,0.274,17963.44,5.75,204.0,False
942,12.0,17.0,12.0,0,100000,2.98,192,192,1,29,79,84,0.029,0.192,12587.52,3.65,204.0,False
943,12.0,17.0,13.0,0,100000,2.98,169,191,8,33,58,78,0.033,0.169,11079.64,3.66,204.0,False
944,12.0,17.0,14.0,0,100000,2.98,121,152,4,26,54,41,0.026,0.121,7932.76,2.06,204.0,False
945,12.0,17.0,15.0,0,100000,2.98,114,109,4,21,55,38,0.021,0.114,7473.84,1.57,204.0,False
946,12.0,17.0,16.0,0,100000,2.98,88,112,0,16,39,33,0.016,0.088,5769.28,0.92,204.0,False
947,12.0,17.0,17.0,0,100000,2.98,66,90,2,16,26,24,0.016,0.066,4326.96,0.69,204.0,False
948,12.0,17.0,18.0,0,100000,2.98,42,73,5,7,15,20,0.007,0.042,2753.52,0.19,204.0,False
949,12.0,17.0,19.0,0,100000,2.98,40,71,1,11,13,16,0.011,0.04,2622.4,0.29,204.0,False
950,12.0,17.0,1.0,0,100000,2.98,17402,10667,321,1,870,16531,0.001,17.402,1140875.12,11.41,204.0,False
951,12.0,17.0,20.0,0,100000,2.98,30,64,1,7,14,9,0.007,0.03,1966.8,0.14,204.0,False
952,12.0,17.0,2.0,0,100000,2.98,7339,4517,148,4,741,6594,0.004,7.339,481144.84,19.25,204.0,False
953,12.0,17.0,3.0,0,100000,2.98,3827,2355,71,23,555,3249,0.023,3.827,250898.12,57.71,204.0,False
954,12.0,17.0,4.0,0,100000,2.98,2288,1425,43,30,424,1834,0.03,2.288,150001.28,45.0,204.0,False
955,12.0,17.0,5.0,0,100000,2.98,1436,950,25,34,385,1017,0.034,1.436,94144.16,32.01,204.0,False
956,12.0,17.0,6.0,0,100000,2.98,1063,651,19,42,323,698,0.042,1.063,69690.28,29.27,204.0,False
957,12.0,17.0,7.0,0,100000,2.98,783,503,11,42,243,498,0.042,0.783,51333.48,21.56,204.0,False
958,12.0,17.0,8.0,0,100000,2.98,538,414,13,51,170,317,0.051,0.538,35271.28,17.99,204.0,False
959,12.0,17.0,9.0,0,100000,2.98,403,298,13,42,144,217,0.042,0.403,26420.68,11.1,204.0,False
960,12.0,18.0,10.0,0,100000,2.98,296,249,8,27,114,155,0.027,0.296,19405.76,5.24,216.0,False
961,12.0,18.0,11.0,0,100000,2.98,247,249,2,40,77,130,0.04,0.247,16193.32,6.48,216.0,False
962,12.0,18.0,12.0,0,100000,2.98,181,188,5,22,64,95,0.022,0.181,11866.36,2.61,216.0,False
963,12.0,18.0,13.0,0,100000,2.98,171,161,8,26,65,80,0.026,0.171,11210.76,2.91,216.0,False
964,12.0,18.0,14.0,0,100000,2.98,110,151,4,21,49,40,0.021,0.11,7211.6,1.51,216.0,False
965,12.0,18.0,15.0,0,100000,2.98,106,127,3,18,44,44,0.018,0.106,6949.36,1.25,216.0,False
966,12.0,18.0,16.0,0,100000,2.98,67,98,0,10,23,34,0.01,0.067,4392.52,0.44,216.0,False
967,12.0,18.0,17.0,0,100000,2.98,62,100,4,17,23,22,0.017,0.062,4064.72,0.69,216.0,False
968,12.0,18.0,18.0,0,100000,2.98,51,98,5,13,19,19,0.013,0.051,3343.56,0.43,216.0,False
969,12.0,18.0,19.0,0,100000,2.98,50,69,0,9,20,21,0.009,0.05,3278.0,0.3,216.0,False
970,12.0,18.0,1.0,0,100000,2.98,17400,10602,268,0,920,16480,0.0,17.4,1140744.0,0.0,216.0,False
971,12.0,18.0,20.0,0,100000,2.98,28,49,2,5,14,9,0.005,0.028,1835.68,0.09,216.0,False
972,12.0,18.0,2.0,0,100000,2.98,7194,4509,142,9,735,6450,0.009,7.194,471638.64,42.45,216.0,False
973,12.0,18.0,3.0,0,100000,2.98,3681,2425,56,21,520,3140,0.021,3.681,241326.36,50.68,216.0,False
974,12.0,18.0,4.0,0,100000,2.98,2218,1457,45,29,419,1770,0.029,2.218,145412.08,42.17,216.0,False
975,12.0,18.0,5.0,0,100000,2.98,1500,950,18,26,377,1097,0.026,1.5,98340.0,25.57,216.0,False
976,12.0,18.0,6.0,0,100000,2.98,975,681,20,39,298,638,0.039,0.975,63921.0,24.93,216.0,False
977,12.0,18.0,7.0,0,100000,2.98,763,516,15,56,239,468,0.056,0.763,50022.28,28.01,216.0,False
978,12.0,18.0,8.0,0,100000,2.98,565,395,19,47,197,321,0.047,0.565,37041.4,17.41,216.0,False
979,12.0,18.0,9.0,0,100000,2.98,380,342,10,40,152,188,0.04,0.38,24912.8,9.97,216.0,False
980,12.0,19.0,10.0,0,100000,2.98,334,276,13,43,130,161,0.043,0.334,21897.04,9.42,228.0,False
981,12.0,19.0,11.0,0,100000,2.98,247,226,9,27,93,127,0.027,0.247,16193.32,4.37,228.0,False
982,12.0,19.0,12.0,0,100000,2.98,188,177,5,29,62,97,0.029,0.188,12325.28,3.57,228.0,False
983,12.0,19.0,13.0,0,100000,2.98,152,185,9,24,62,66,0.024,0.152,9965.12,2.39,228.0,False
984,12.0,19.0,14.0,0,100000,2.98,114,136,3,20,45,49,0.02,0.114,7473.84,1.49,228.0,False
985,12.0,19.0,15.0,0,100000,2.98,100,116,6,23,45,32,0.023,0.1,6556.0,1.51,228.0,False
986,12.0,19.0,16.0,0,100000,2.98,87,100,2,25,33,29,0.025,0.087,5703.72,1.43,228.0,False
987,12.0,19.0,17.0,0,100000,2.98,69,102,0,15,23,31,0.015,0.069,4523.64,0.68,228.0,False
988,12.0,19.0,18.0,0,100000,2.98,48,90,1,9,19,20,0.009,0.048,3146.88,0.28,228.0,False
989,12.0,19.0,19.0,0,100000,2.98,37,70,1,12,17,8,0.012,0.037,2425.72,0.29,228.0,False
990,12.0,19.0,1.0,0,100000,2.98,17349,10619,302,1,887,16461,0.001,17.349,1137400.44,11.37,228.0,False
991,12.0,19.0,20.0,0,100000,2.98,37,73,1,8,13,16,0.008,0.037,2425.72,0.19,228.0,False
992,12.0,19.0,2.0,0,100000,2.98,7367,4551,160,5,695,6667,0.005,7.367,482980.52,24.15,228.0,False
993,12.0,19.0,3.0,0,100000,2.98,3683,2323,82,8,548,3127,0.008,3.683,241457.48,19.32,228.0,False
994,12.0,19.0,4.0,0,100000,2.98,2222,1469,54,27,443,1752,0.027,2.222,145674.32,39.33,228.0,False
995,12.0,19.0,5.0,0,100000,2.98,1511,949,29,41,372,1098,0.041,1.511,99061.16,40.62,228.0,False
996,12.0,19.0,6.0,0,100000,2.98,1011,664,16,51,277,683,0.051,1.011,66281.16,33.8,228.0,False
997,12.0,19.0,7.0,0,100000,2.98,740,504,14,55,236,449,0.055,0.74,48514.4,26.68,228.0,False
998,12.0,19.0,8.0,0,100000,2.98,537,416,11,35,194,308,0.035,0.537,35205.72,12.32,228.0,False
999,12.0,19.0,9.0,0,100000,2.98,423,350,3,42,150,231,0.042,0.423,27731.88,11.65,228.0,False
1000,12.0,1.0,10.0,0,100000,2.98,126,227,1,0,8,118,0.0,0.126,8260.56,0.0,12.0,False
1001,12.0,1.0,11.0,0,100000,2.98,79,181,2,0,1,78,0.0,0.079,5179.24,0.0,12.0,False
1002,12.0,1.0,12.0,0,100000,2.98,70,139,2,0,3,67,0.0,0.07,4589.2,0.0,12.0,False
1003,12.0,1.0,13.0,0,100000,2.98,46,114,3,0,0,46,0.0,0.046,3015.76,0.0,12.0,False
1004,12.0,1.0,14.0,0,100000,2.98,31,96,0,0,0,31,0.0,0.031,2032.36,0.0,12.0,False
1005,12.0,1.0,15.0,0,100000,2.98,36,71,2,0,0,36,0.0,0.036,2360.16,0.0,12.0,False
1006,12.0,1.0,16.0,0,100000,2.98,17,69,0,0,1,16,0.0,0.017,1114.52,0.0,12.0,False
1007,12.0,1.0,17.0,0,100000,2.98,13,63,3,0,0,13,0.0,0.013,852.28,0.0,12.0,False
1008,12.0,1.0,18.0,0,100000,2.98,15,55,0,0,0,15,0.0,0.015,983.4,0.0,12.0,False
1009,12.0,1.0,19.0,0,100000,2.98,18,49,2,0,1,17,0.0,0.018,1180.08,0.0,12.0,False
1010,12.0,1.0,1.0,0,100000,2.98,16579,10563,276,0,621,15958,0.0,16.579,1086919.24,0.0,12.0,False
1011,12.0,1.0,20.0,0,100000,2.98,9,46,2,0,0,9,0.0,0.009,590.04,0.0,12.0,False
1012,12.0,1.0,2.0,0,100000,2.98,6859,4552,133,0,331,6528,0.0,6.859,449676.04,0.0,12.0,False
1013,12.0,1.0,3.0,0,100000,2.98,3194,2334,70,0,182,3012,0.0,3.194,209398.64,0.0,12.0,False
1014,12.0,1.0,4.0,0,100000,2.98,1634,1383,33,0,94,1540,0.0,1.634,107125.04,0.0,12.0,False
1015,12.0,1.0,5.0,0,100000,2.98,951,965,19,0,53,898,0.0,0.951,62347.56,0.0,12.0,False
1016,12.0,1.0,6.0,0,100000,2.98,620,625,17,0,24,596,0.0,0.62,40647.2,0.0,12.0,False
1017,12.0,1.0,7.0,0,100000,2.98,422,416,12,0,13,409,0.0,0.422,27666.32,0.0,12.0,False
1018,12.0,1.0,8.0,0,100000,2.98,274,355,4,0,10,264,0.0,0.274,17963.44,0.0,12.0,False
1019,12.0,1.0,9.0,0,100000,2.98,195,266,5,0,13,182,0.0,0.195,12784.2,0.0,12.0,False
1020,12.0,20.0,10.0,0,100000,2.98,301,255,3,32,109,160,0.032,0.301,19733.56,6.31,240.0,False
1021,12.0,20.0,11.0,0,100000,2.98,252,248,3,30,105,117,0.03,0.252,16521.12,4.96,240.0,False
1022,12.0,20.0,12.0,0,100000,2.98,203,186,5,42,80,81,0.042,0.203,13308.68,5.59,240.0,False
1023,12.0,20.0,13.0,0,100000,2.98,153,162,3,31,49,73,0.031,0.153,10030.68,3.11,240.0,False
1024,12.0,20.0,14.0,0,100000,2.98,149,165,2,36,54,59,0.036,0.149,9768.44,3.52,240.0,False
1025,12.0,20.0,15.0,0,100000,2.98,97,119,4,25,37,35,0.025,0.097,6359.32,1.59,240.0,False
1026,12.0,20.0,16.0,0,100000,2.98,74,111,1,14,35,25,0.014,0.074,4851.44,0.68,240.0,False
1027,12.0,20.0,17.0,0,100000,2.98,64,92,4,13,23,28,0.013,0.064,4195.84,0.55,240.0,False
1028,12.0,20.0,18.0,0,100000,2.98,58,81,1,17,20,21,0.017,0.058,3802.48,0.65,240.0,False
1029,12.0,20.0,19.0,0,100000,2.98,36,86,3,7,19,10,0.007,0.036,2360.16,0.17,240.0,False
1030,12.0,20.0,1.0,0,100000,2.98,17441,10537,299,3,864,16574,0.003,17.441,1143431.96,34.3,240.0,False
1031,12.0,20.0,20.0,0,100000,2.98,30,63,1,4,13,13,0.004,0.03,1966.8,0.08,240.0,False
1032,12.0,20.0,2.0,0,100000,2.98,7196,4540,161,7,739,6450,0.007,7.196,471769.76,33.02,240.0,False
1033,12.0,20.0,3.0,0,100000,2.98,3803,2414,86,13,556,3234,0.013,3.803,249324.68,32.41,240.0,False
1034,12.0,20.0,4.0,0,100000,2.98,2169,1409,40,34,409,1726,0.034,2.169,142199.64,48.35,240.0,False
1035,12.0,20.0,5.0,0,100000,2.98,1514,980,28,44,376,1094,0.044,1.514,99257.84,43.67,240.0,False
1036,12.0,20.0,6.0,0,100000,2.98,1001,637,24,53,277,671,0.053,1.001,65625.56,34.78,240.0,False
1037,12.0,20.0,7.0,0,100000,2.98,753,528,18,48,236,469,0.048,0.753,49366.68,23.7,240.0,False
1038,12.0,20.0,8.0,0,100000,2.98,541,371,9,41,186,314,0.041,0.541,35467.96,14.54,240.0,False
1039,12.0,20.0,9.0,0,100000,2.98,437,304,6,55,159,223,0.055,0.437,28649.72,15.76,240.0,False
1040,12.0,2.0,10.0,0,100000,2.98,136,204,6,0,10,126,0.0,0.136,8916.16,0.0,24.0,False
1041,12.0,2.0,11.0,0,100000,2.98,93,165,6,0,3,90,0.0,0.093,6097.08,0.0,24.0,False
1042,12.0,2.0,12.0,0,100000,2.98,64,122,4,0,4,60,0.0,0.064,4195.84,0.0,24.0,False
1043,12.0,2.0,13.0,0,100000,2.98,41,119,4,0,3,38,0.0,0.041,2687.96,0.0,24.0,False
1044,12.0,2.0,14.0,0,100000,2.98,29,102,5,0,1,28,0.0,0.029,1901.24,0.0,24.0,False
1045,12.0,2.0,15.0,0,100000,2.98,20,80,5,0,1,19,0.0,0.02,1311.2,0.0,24.0,False
1046,12.0,2.0,16.0,0,100000,2.98,14,67,3,0,0,14,0.0,0.014,917.84,0.0,24.0,False
1047,12.0,2.0,17.0,0,100000,2.98,12,66,1,0,0,12,0.0,0.012,786.72,0.0,24.0,False
1048,12.0,2.0,18.0,0,100000,2.98,10,54,2,0,1,9,0.0,0.01,655.6,0.0,24.0,False
1049,12.0,2.0,19.0,0,100000,2.98,9,52,3,0,0,9,0.0,0.009,590.04,0.0,24.0,False
1050,12.0,2.0,1.0,0,100000,2.98,17175,10482,319,0,853,16322,0.0,17.175,1125993.0,0.0,24.0,False
1051,12.0,2.0,20.0,0,100000,2.98,6,49,2,0,1,5,0.0,0.006,393.36,0.0,24.0,False
1052,12.0,2.0,2.0,0,100000,2.98,6890,4586,147,1,549,6340,0.001,6.89,451708.4,4.52,24.0,False
1053,12.0,2.0,3.0,0,100000,2.98,3332,2287,91,2,339,2991,0.002,3.332,218445.92,4.37,24.0,False
1054,12.0,2.0,4.0,0,100000,2.98,1872,1402,41,0,193,1679,0.0,1.872,122728.32,0.0,24.0,False
1055,12.0,2.0,5.0,0,100000,2.98,1061,938,19,2,120,939,0.002,1.061,69559.16,1.39,24.0,False
1056,12.0,2.0,6.0,0,100000,2.98,637,597,19,3,59,575,0.003,0.637,41761.72,1.25,24.0,False
1057,12.0,2.0,7.0,0,100000,2.98,402,459,10,0,33,369,0.0,0.402,26355.12,0.0,24.0,False
1058,12.0,2.0,8.0,0,100000,2.98,262,341,8,2,18,242,0.002,0.262,17176.72,0.34,24.0,False
1059,12.0,2.0,9.0,0,100000,2.98,182,275,10,0,19,163,0.0,0.182,11931.92,0.0,24.0,False
1060,12.0,3.0,10.0,0,100000,2.98,161,218,6,1,27,133,0.001,0.161,10555.16,0.11,36.0,False
1061,12.0,3.0,11.0,0,100000,2.98,105,178,7,1,17,87,0.001,0.105,6883.8,0.07,36.0,False
1062,12.0,3.0,12.0,0,100000,2.98,89,144,1,2,11,76,0.002,0.089,5834.84,0.12,36.0,False
1063,12.0,3.0,13.0,0,100000,2.98,61,139,3,0,11,50,0.0,0.061,3999.16,0.0,36.0,False
1064,12.0,3.0,14.0,0,100000,2.98,51,118,2,0,7,44,0.0,0.051,3343.56,0.0,36.0,False
1065,12.0,3.0,15.0,0,100000,2.98,21,96,5,0,4,17,0.0,0.021,1376.76,0.0,36.0,False
1066,12.0,3.0,16.0,0,100000,2.98,16,79,4,1,1,14,0.001,0.016,1048.96,0.01,36.0,False
1067,12.0,3.0,17.0,0,100000,2.98,16,80,4,0,3,13,0.0,0.016,1048.96,0.0,36.0,False
1068,12.0,3.0,18.0,0,100000,2.98,12,53,0,1,0,11,0.001,0.012,786.72,0.01,36.0,False
1069,12.0,3.0,19.0,0,100000,2.98,9,49,0,0,2,7,0.0,0.009,590.04,0.0,36.0,False
1070,12.0,3.0,1.0,0,100000,2.98,17318,10510,288,0,876,16442,0.0,17.318,1135368.08,0.0,36.0,False
1071,12.0,3.0,20.0,0,100000,2.98,10,47,1,0,0,10,0.0,0.01,655.6,0.0,36.0,False
1072,12.0,3.0,2.0,0,100000,2.98,7188,4485,148,1,631,6556,0.001,7.188,471245.28,4.71,36.0,False
1073,12.0,3.0,3.0,0,100000,2.98,3535,2412,67,9,445,3081,0.009,3.535,231754.6,20.86,36.0,False
1074,12.0,3.0,4.0,0,100000,2.98,2001,1471,42,4,300,1697,0.004,2.001,131185.56,5.25,36.0,False
1075,12.0,3.0,5.0,0,100000,2.98,1204,906,28,6,181,1017,0.006,1.204,78934.24,4.74,36.0,False
1076,12.0,3.0,6.0,0,100000,2.98,779,652,19,3,128,648,0.003,0.779,51071.24,1.53,36.0,False
1077,12.0,3.0,7.0,0,100000,2.98,552,454,15,9,92,451,0.009,0.552,36189.12,3.26,36.0,False
1078,12.0,3.0,8.0,0,100000,2.98,357,346,13,3,54,300,0.003,0.357,23404.92,0.7,36.0,False
1079,12.0,3.0,9.0,0,100000,2.98,270,293,8,4,43,223,0.004,0.27,17701.2,0.71,36.0,False
1080,12.0,4.0,10.0,0,100000,2.98,194,242,5,4,44,146,0.004,0.194,12718.64,0.51,48.0,False
1081,12.0,4.0,11.0,0,100000,2.98,162,191,6,5,40,117,0.005,0.162,10620.72,0.53,48.0,False
1082,12.0,4.0,12.0,0,100000,2.98,110,200,9,2,27,81,0.002,0.11,7211.6,0.14,48.0,False
1083,12.0,4.0,13.0,0,100000,2.98,76,146,7,4,12,60,0.004,0.076,4982.56,0.2,48.0,False
1084,12.0,4.0,14.0,0,100000,2.98,54,104,9,3,10,41,0.003,0.054,3540.24,0.11,48.0,False
1085,12.0,4.0,15.0,0,100000,2.98,33,90,4,2,9,22,0.002,0.033,2163.48,0.04,48.0,False
1086,12.0,4.0,16.0,0,100000,2.98,33,90,4,2,5,26,0.002,0.033,2163.48,0.04,48.0,False
1087,12.0,4.0,17.0,0,100000,2.98,26,83,2,1,6,19,0.001,0.026,1704.56,0.02,48.0,False
1088,12.0,4.0,18.0,0,100000,2.98,17,65,1,1,2,14,0.001,0.017,1114.52,0.01,48.0,False
1089,12.0,4.0,19.0,0,100000,2.98,16,57,1,0,4,12,0.0,0.016,1048.96,0.0,48.0,False
1090,12.0,4.0,1.0,0,100000,2.98,17339,10624,299,0,922,16417,0.0,17.339,1136744.84,0.0,48.0,False
1091,12.0,4.0,20.0,0,100000,2.98,8,41,1,0,0,8,0.0,0.008,524.48,0.0,48.0,False
1092,12.0,4.0,2.0,0,100000,2.98,7108,4507,137,2,702,6404,0.002,7.108,466000.48,9.32,48.0,False
1093,12.0,4.0,3.0,0,100000,2.98,3632,2357,83,9,520,3103,0.009,3.632,238113.92,21.43,48.0,False
1094,12.0,4.0,4.0,0,100000,2.98,2139,1441,36,14,347,1778,0.014,2.139,140232.84,19.63,48.0,False
1095,12.0,4.0,5.0,0,100000,2.98,1294,981,24,4,234,1056,0.004,1.294,84834.64,3.39,48.0,False
1096,12.0,4.0,6.0,0,100000,2.98,796,679,29,9,180,607,0.009,0.796,52185.76,4.7,48.0,False
1097,12.0,4.0,7.0,0,100000,2.98,565,474,9,10,119,436,0.01,0.565,37041.4,3.7,48.0,False
1098,12.0,4.0,8.0,0,100000,2.98,381,358,17,7,87,287,0.007,0.381,24978.36,1.75,48.0,False
1099,12.0,4.0,9.0,0,100000,2.98,259,282,6,3,49,207,0.003,0.259,16980.04,0.51,48.0,False
1100,12.0,5.0,10.0,0,100000,2.98,221,239,4,12,46,163,0.012,0.221,14488.76,1.74,60.0,False
1101,12.0,5.0,11.0,0,100000,2.98,169,187,4,5,44,120,0.005,0.169,11079.64,0.55,60.0,False
1102,12.0,5.0,12.0,0,100000,2.98,124,141,3,10,24,90,0.01,0.124,8129.44,0.81,60.0,False
1103,12.0,5.0,13.0,0,100000,2.98,91,125,1,7,22,62,0.007,0.091,5965.96,0.42,60.0,False
1104,12.0,5.0,14.0,0,100000,2.98,73,107,4,4,9,60,0.004,0.073,4785.88,0.19,60.0,False
1105,12.0,5.0,15.0,0,100000,2.98,36,89,2,1,9,26,0.001,0.036,2360.16,0.02,60.0,False
1106,12.0,5.0,16.0,0,100000,2.98,36,88,2,3,6,27,0.003,0.036,2360.16,0.07,60.0,False
1107,12.0,5.0,17.0,0,100000,2.98,33,83,1,1,12,20,0.001,0.033,2163.48,0.02,60.0,False
1108,12.0,5.0,18.0,0,100000,2.98,26,61,0,0,6,20,0.0,0.026,1704.56,0.0,60.0,False
1109,12.0,5.0,19.0,0,100000,2.98,15,70,2,1,5,9,0.001,0.015,983.4,0.01,60.0,False
1110,12.0,5.0,1.0,0,100000,2.98,17481,10625,288,0,895,16586,0.0,17.481,1146054.36,0.0,60.0,False
1111,12.0,5.0,20.0,0,100000,2.98,9,43,1,0,2,7,0.0,0.009,590.04,0.0,60.0,False
1112,12.0,5.0,2.0,0,100000,2.98,7170,4573,144,5,685,6480,0.005,7.17,470065.2,23.5,60.0,False
1113,12.0,5.0,3.0,0,100000,2.98,3658,2314,77,6,508,3144,0.006,3.658,239818.48,14.39,60.0,False
1114,12.0,5.0,4.0,0,100000,2.98,2117,1345,35,18,407,1692,0.018,2.117,138790.52,24.98,60.0,False
1115,12.0,5.0,5.0,0,100000,2.98,1312,970,34,17,274,1021,0.017,1.312,86014.72,14.62,60.0,False
1116,12.0,5.0,6.0,0,100000,2.98,936,632,24,16,222,698,0.016,0.936,61364.16,9.82,60.0,False
1117,12.0,5.0,7.0,0,100000,2.98,659,483,12,15,164,480,0.015,0.659,43204.04,6.48,60.0,False
1118,12.0,5.0,8.0,0,100000,2.98,442,406,18,11,124,307,0.011,0.442,28977.52,3.19,60.0,False
1119,12.0,5.0,9.0,0,100000,2.98,317,332,6,15,83,219,0.015,0.317,20782.52,3.12,60.0,False
1120,12.0,6.0,10.0,0,100000,2.98,262,249,4,15,73,174,0.015,0.262,17176.72,2.58,72.0,False
1121,12.0,6.0,11.0,0,100000,2.98,184,206,6,13,44,127,0.013,0.184,12063.04,1.57,72.0,False
1122,12.0,6.0,12.0,0,100000,2.98,152,157,3,13,46,93,0.013,0.152,9965.12,1.3,72.0,False
1123,12.0,6.0,13.0,0,100000,2.98,103,138,4,8,34,61,0.008,0.103,6752.68,0.54,72.0,False
1124,12.0,6.0,14.0,0,100000,2.98,75,135,4,8,21,46,0.008,0.075,4917.0,0.39,72.0,False
1125,12.0,6.0,15.0,0,100000,2.98,66,103,3,4,21,41,0.004,0.066,4326.96,0.17,72.0,False
1126,12.0,6.0,16.0,0,100000,2.98,45,103,0,3,11,31,0.003,0.045,2950.2,0.09,72.0,False
1127,12.0,6.0,17.0,0,100000,2.98,36,87,2,3,9,24,0.003,0.036,2360.16,0.07,72.0,False
1128,12.0,6.0,18.0,0,100000,2.98,20,61,1,1,9,10,0.001,0.02,1311.2,0.01,72.0,False
1129,12.0,6.0,19.0,0,100000,2.98,23,60,1,1,5,17,0.001,0.023,1507.88,0.02,72.0,False
1130,12.0,6.0,1.0,0,100000,2.98,17338,10519,301,0,891,16447,0.0,17.338,1136679.28,0.0,72.0,False
1131,12.0,6.0,20.0,0,100000,2.98,14,66,0,1,4,9,0.001,0.014,917.84,0.01,72.0,False
1132,12.0,6.0,2.0,0,100000,2.98,7262,4590,161,9,691,6562,0.009,7.262,476096.72,42.85,72.0,False
1133,12.0,6.0,3.0,0,100000,2.98,3608,2284,56,7,519,3082,0.007,3.608,236540.48,16.56,72.0,False
1134,12.0,6.0,4.0,0,100000,2.98,2173,1433,42,21,414,1738,0.021,2.173,142461.88,29.92,72.0,False
1135,12.0,6.0,5.0,0,100000,2.98,1466,915,26,28,330,1108,0.028,1.466,96110.96,26.91,72.0,False
1136,12.0,6.0,6.0,0,100000,2.98,950,652,20,29,241,680,0.029,0.95,62282.0,18.06,72.0,False
1137,12.0,6.0,7.0,0,100000,2.98,667,519,8,17,167,483,0.017,0.667,43728.52,7.43,72.0,False
1138,12.0,6.0,8.0,0,100000,2.98,470,388,18,26,127,317,0.026,0.47,30813.2,8.01,72.0,False
1139,12.0,6.0,9.0,0,100000,2.98,363,294,5,20,106,237,0.02,0.363,23798.28,4.76,72.0,False
1140,12.0,7.0,10.0,0,100000,2.98,289,256,8,18,92,179,0.018,0.289,18946.84,3.41,84.0,False
1141,12.0,7.0,11.0,0,100000,2.98,207,224,8,17,60,130,0.017,0.207,13570.92,2.31,84.0,False
1142,12.0,7.0,12.0,0,100000,2.98,156,176,6,14,55,87,0.014,0.156,10227.36,1.43,84.0,False
1143,12.0,7.0,13.0,0,100000,2.98,97,142,1,10,41,46,0.01,0.097,6359.32,0.64,84.0,False
1144,12.0,7.0,14.0,0,100000,2.98,72,137,2,12,21,39,0.012,0.072,4720.32,0.57,84.0,False
1145,12.0,7.0,15.0,0,100000,2.98,62,115,2,3,18,41,0.003,0.062,4064.72,0.12,84.0,False
1146,12.0,7.0,16.0,0,100000,2.98,46,96,1,2,12,32,0.002,0.046,3015.76,0.06,84.0,False
1147,12.0,7.0,17.0,0,100000,2.98,38,73,3,0,7,31,0.0,0.038,2491.28,0.0,84.0,False
1148,12.0,7.0,18.0,0,100000,2.98,26,62,2,1,5,20,0.001,0.026,1704.56,0.02,84.0,False
1149,12.0,7.0,19.0,0,100000,2.98,15,58,2,4,4,7,0.004,0.015,983.4,0.04,84.0,False
1150,12.0,7.0,1.0,0,100000,2.98,17450,10690,328,1,899,16550,0.001,17.45,1144022.0,11.44,84.0,False
1151,12.0,7.0,20.0,0,100000,2.98,16,44,1,2,4,10,0.002,0.016,1048.96,0.02,84.0,False
1152,12.0,7.0,2.0,0,100000,2.98,7082,4529,148,5,710,6367,0.005,7.082,464295.92,23.21,84.0,False
1153,12.0,7.0,3.0,0,100000,2.98,3828,2287,55,11,518,3299,0.011,3.828,250963.68,27.61,84.0,False
1154,12.0,7.0,4.0,0,100000,2.98,2224,1422,46,25,424,1775,0.025,2.224,145805.44,36.45,84.0,False
1155,12.0,7.0,5.0,0,100000,2.98,1394,944,30,24,341,1029,0.024,1.394,91390.64,21.93,84.0,False
1156,12.0,7.0,6.0,0,100000,2.98,949,705,16,23,261,665,0.023,0.949,62216.44,14.31,84.0,False
1157,12.0,7.0,7.0,0,100000,2.98,687,506,12,28,204,455,0.028,0.687,45039.72,12.61,84.0,False
1158,12.0,7.0,8.0,0,100000,2.98,467,398,14,25,149,293,0.025,0.467,30616.52,7.65,84.0,False
1159,12.0,7.0,9.0,0,100000,2.98,349,324,9,20,95,234,0.02,0.349,22880.44,4.58,84.0,False
1160,12.0,8.0,10.0,0,100000,2.98,277,259,8,12,102,163,0.012,0.277,18160.12,2.18,96.0,False
1161,12.0,8.0,11.0,0,100000,2.98,183,211,1,16,62,105,0.016,0.183,11997.48,1.92,96.0,False
1162,12.0,8.0,12.0,0,100000,2.98,147,174,1,14,47,86,0.014,0.147,9637.32,1.35,96.0,False
1163,12.0,8.0,13.0,0,100000,2.98,134,157,3,17,40,77,0.017,0.134,8785.04,1.49,96.0,False
1164,12.0,8.0,14.0,0,100000,2.98,93,100,1,9,29,55,0.009,0.093,6097.08,0.55,96.0,False
1165,12.0,8.0,15.0,0,100000,2.98,74,100,3,9,29,36,0.009,0.074,4851.44,0.44,96.0,False
1166,12.0,8.0,16.0,0,100000,2.98,49,105,2,8,11,30,0.008,0.049,3212.44,0.26,96.0,False
1167,12.0,8.0,17.0,0,100000,2.98,37,73,4,11,11,15,0.011,0.037,2425.72,0.27,96.0,False
1168,12.0,8.0,18.0,0,100000,2.98,34,80,5,7,11,16,0.007,0.034,2229.04,0.16,96.0,False
1169,12.0,8.0,19.0,0,100000,2.98,28,57,3,5,10,13,0.005,0.028,1835.68,0.09,96.0,False
1170,12.0,8.0,1.0,0,100000,2.98,17622,10495,285,0,892,16730,0.0,17.622,1155298.32,0.0,96.0,False
1171,12.0,8.0,20.0,0,100000,2.98,21,37,1,3,7,11,0.003,0.021,1376.76,0.04,96.0,False
1172,12.0,8.0,2.0,0,100000,2.98,7197,4508,143,5,686,6506,0.005,7.197,471835.32,23.59,96.0,False
1173,12.0,8.0,3.0,0,100000,2.98,3756,2427,79,20,556,3180,0.02,3.756,246243.36,49.25,96.0,False
1174,12.0,8.0,4.0,0,100000,2.98,2174,1454,55,22,431,1721,0.022,2.174,142527.44,31.36,96.0,False
1175,12.0,8.0,5.0,0,100000,2.98,1453,1012,17,35,348,1070,0.035,1.453,95258.68,33.34,96.0,False
1176,12.0,8.0,6.0,0,100000,2.98,977,647,18,36,267,674,0.036,0.977,64052.12,23.06,96.0,False
1177,12.0,8.0,7.0,0,100000,2.98,679,523,12,27,206,446,0.027,0.679,44515.24,12.02,96.0,False
1178,12.0,8.0,8.0,0,100000,2.98,516,374,6,35,162,319,0.035,0.516,33828.96,11.84,96.0,False
1179,12.0,8.0,9.0,0,100000,2.98,399,303,9,35,132,232,0.035,0.399,26158.44,9.16,96.0,False
1180,12.0,9.0,10.0,0,100000,2.98,263,243,6,31,91,141,0.031,0.263,17242.28,5.35,108.0,False
1181,12.0,9.0,11.0,0,100000,2.98,222,231,5,21,95,106,0.021,0.222,14554.32,3.06,108.0,False
1182,12.0,9.0,12.0,0,100000,2.98,158,182,4,24,57,77,0.024,0.158,10358.48,2.49,108.0,False
1183,12.0,9.0,13.0,0,100000,2.98,128,142,6,12,42,74,0.012,0.128,8391.68,1.01,108.0,False
1184,12.0,9.0,14.0,0,100000,2.98,94,116,2,18,31,45,0.018,0.094,6162.64,1.11,108.0,False
1185,12.0,9.0,15.0,0,100000,2.98,83,90,3,15,24,44,0.015,0.083,5441.48,0.82,108.0,False
1186,12.0,9.0,16.0,0,100000,2.98,53,111,3,7,18,28,0.007,0.053,3474.68,0.24,108.0,False
1187,12.0,9.0,17.0,0,100000,2.98,37,70,2,2,19,16,0.002,0.037,2425.72,0.05,108.0,False
1188,12.0,9.0,18.0,0,100000,2.98,35,73,0,7,15,13,0.007,0.035,2294.6,0.16,108.0,False
1189,12.0,9.0,19.0,0,100000,2.98,34,70,2,3,14,17,0.003,0.034,2229.04,0.07,108.0,False
1190,12.0,9.0,1.0,0,100000,2.98,17403,10567,277,0,896,16507,0.0,17.403,1140940.68,0.0,108.0,False
1191,12.0,9.0,20.0,0,100000,2.98,21,66,2,2,12,7,0.002,0.021,1376.76,0.03,108.0,False
1192,12.0,9.0,2.0,0,100000,2.98,7251,4516,149,8,694,6549,0.008,7.251,475375.56,38.03,108.0,False
1193,12.0,9.0,3.0,0,100000,2.98,3736,2253,76,19,540,3177,0.019,3.736,244932.16,46.54,108.0,False
1194,12.0,9.0,4.0,0,100000,2.98,2222,1455,50,26,432,1764,0.026,2.222,145674.32,37.88,108.0,False
1195,12.0,9.0,5.0,0,100000,2.98,1496,944,27,29,361,1106,0.029,1.496,98077.76,28.44,108.0,False
1196,12.0,9.0,6.0,0,100000,2.98,933,652,20,30,272,631,0.03,0.933,61167.48,18.35,108.0,False
1197,12.0,9.0,7.0,0,100000,2.98,718,534,18,28,215,475,0.028,0.718,47072.08,13.18,108.0,False
1198,12.0,9.0,8.0,0,100000,2.98,532,416,10,52,137,343,0.052,0.532,34877.92,18.14,108.0,False
1199,12.0,9.0,9.0,0,100000,2.98,407,337,10,37,127,243,0.037,0.407,26682.92,9.87,108.0,False
1200,13.0,10.0,10.0,0,100000,2.98,315,268,7,27,111,177,0.027,0.315,20651.4,5.58,130.0,False
1201,13.0,10.0,11.0,0,100000,2.98,210,221,7,24,80,106,0.024,0.21,13767.6,3.3,130.0,False
1202,13.0,10.0,12.0,0,100000,2.98,173,199,3,25,67,81,0.025,0.173,11341.88,2.84,130.0,False
1203,13.0,10.0,13.0,0,100000,2.98,137,163,2,18,49,70,0.018,0.137,8981.72,1.62,130.0,False
1204,13.0,10.0,14.0,0,100000,2.98,123,129,3,13,46,64,0.013,0.123,8063.88,1.05,130.0,False
1205,13.0,10.0,15.0,0,100000,2.98,108,90,6,16,33,59,0.016,0.108,7080.48,1.13,130.0,False
1206,13.0,10.0,16.0,0,100000,2.98,62,103,3,6,25,31,0.006,0.062,4064.72,0.24,130.0,False
1207,13.0,10.0,17.0,0,100000,2.98,44,84,0,7,18,19,0.007,0.044,2884.64,0.2,130.0,False
1208,13.0,10.0,18.0,0,100000,2.98,37,67,1,5,16,16,0.005,0.037,2425.72,0.12,130.0,False
1209,13.0,10.0,19.0,0,100000,2.98,30,73,1,8,11,11,0.008,0.03,1966.8,0.16,130.0,False
1210,13.0,10.0,1.0,0,100000,2.98,17384,10710,312,1,854,16529,0.001,17.384,1139695.04,11.4,130.0,False
1211,13.0,10.0,20.0,0,100000,2.98,19,48,1,3,6,10,0.003,0.019,1245.64,0.04,130.0,False
1212,13.0,10.0,2.0,0,100000,2.98,7528,4510,135,6,756,6766,0.006,7.528,493535.68,29.61,130.0,False
1213,13.0,10.0,3.0,0,100000,2.98,3858,2382,73,20,536,3302,0.02,3.858,252930.48,50.59,130.0,False
1214,13.0,10.0,4.0,0,100000,2.98,2242,1402,42,29,446,1767,0.029,2.242,146985.52,42.63,130.0,False
1215,13.0,10.0,5.0,0,100000,2.98,1458,994,23,44,339,1075,0.044,1.458,95586.48,42.06,130.0,False
1216,13.0,10.0,6.0,0,100000,2.98,1048,697,23,47,298,703,0.047,1.048,68706.88,32.29,130.0,False
1217,13.0,10.0,7.0,0,100000,2.98,728,535,12,38,225,465,0.038,0.728,47727.68,18.14,130.0,False
1218,13.0,10.0,8.0,0,100000,2.98,516,411,11,35,177,304,0.035,0.516,33828.96,11.84,130.0,False
1219,13.0,10.0,9.0,0,100000,2.98,385,368,5,33,127,225,0.033,0.385,25240.6,8.33,130.0,False
1220,13.0,11.0,10.0,0,100000,2.98,286,254,8,32,103,151,0.032,0.286,18750.16,6.0,143.0,False
1221,13.0,11.0,11.0,0,100000,2.98,248,221,8,30,88,130,0.03,0.248,16258.88,4.88,143.0,False
1222,13.0,11.0,12.0,0,100000,2.98,194,173,5,29,70,95,0.029,0.194,12718.64,3.69,143.0,False
1223,13.0,11.0,13.0,0,100000,2.98,128,155,3,18,52,58,0.018,0.128,8391.68,1.51,143.0,False
1224,13.0,11.0,14.0,0,100000,2.98,91,130,2,15,29,47,0.015,0.091,5965.96,0.89,143.0,False
1225,13.0,11.0,15.0,0,100000,2.98,95,106,1,19,33,43,0.019,0.095,6228.2,1.18,143.0,False
1226,13.0,11.0,16.0,0,100000,2.98,72,119,4,7,30,35,0.007,0.072,4720.32,0.33,143.0,False
1227,13.0,11.0,17.0,0,100000,2.98,58,84,3,12,18,28,0.012,0.058,3802.48,0.46,143.0,False
1228,13.0,11.0,18.0,0,100000,2.98,47,72,1,11,12,24,0.011,0.047,3081.32,0.34,143.0,False
1229,13.0,11.0,19.0,0,100000,2.98,32,58,0,7,13,12,0.007,0.032,2097.92,0.15,143.0,False
1230,13.0,11.0,1.0,0,100000,2.98,17352,10535,318,0,923,16429,0.0,17.352,1137597.12,0.0,143.0,False
1231,13.0,11.0,20.0,0,100000,2.98,22,64,1,5,8,9,0.005,0.022,1442.32,0.07,143.0,False
1232,13.0,11.0,2.0,0,100000,2.98,7195,4649,158,7,667,6521,0.007,7.195,471704.2,33.02,143.0,False
1233,13.0,11.0,3.0,0,100000,2.98,3738,2436,86,16,533,3189,0.016,3.738,245063.28,39.21,143.0,False
1234,13.0,11.0,4.0,0,100000,2.98,2162,1419,36,29,455,1678,0.029,2.162,141740.72,41.1,143.0,False
1235,13.0,11.0,5.0,0,100000,2.98,1390,988,21,34,314,1042,0.034,1.39,91128.4,30.98,143.0,False
1236,13.0,11.0,6.0,0,100000,2.98,1026,697,12,47,263,716,0.047,1.026,67264.56,31.61,143.0,False
1237,13.0,11.0,7.0,0,100000,2.98,762,545,10,45,248,469,0.045,0.762,49956.72,22.48,143.0,False
1238,13.0,11.0,8.0,0,100000,2.98,544,404,13,39,170,335,0.039,0.544,35664.64,13.91,143.0,False
1239,13.0,11.0,9.0,0,100000,2.98,388,287,5,44,152,192,0.044,0.388,25437.28,11.19,143.0,False
1240,13.0,12.0,10.0,0,100000,2.98,348,266,7,45,124,179,0.045,0.348,22814.88,10.27,156.0,False
1241,13.0,12.0,11.0,0,100000,2.98,221,233,4,27,76,118,0.027,0.221,14488.76,3.91,156.0,False
1242,13.0,12.0,12.0,0,100000,2.98,161,188,7,20,57,84,0.02,0.161,10555.16,2.11,156.0,False
1243,13.0,12.0,13.0,0,100000,2.98,136,152,3,23,49,64,0.023,0.136,8916.16,2.05,156.0,False
1244,13.0,12.0,14.0,0,100000,2.98,120,127,2,24,45,51,0.024,0.12,7867.2,1.89,156.0,False
1245,13.0,12.0,15.0,0,100000,2.98,78,129,1,13,27,38,0.013,0.078,5113.68,0.66,156.0,False
1246,13.0,12.0,16.0,0,100000,2.98,65,107,2,6,29,30,0.006,0.065,4261.4,0.26,156.0,False
1247,13.0,12.0,17.0,0,100000,2.98,45,107,3,9,19,17,0.009,0.045,2950.2,0.27,156.0,False
1248,13.0,12.0,18.0,0,100000,2.98,41,87,0,9,12,20,0.009,0.041,2687.96,0.24,156.0,False
1249,13.0,12.0,19.0,0,100000,2.98,26,66,3,5,11,10,0.005,0.026,1704.56,0.09,156.0,False
1250,13.0,12.0,1.0,0,100000,2.98,17435,10546,312,0,930,16505,0.0,17.435,1143038.6,0.0,156.0,False
1251,13.0,12.0,20.0,0,100000,2.98,30,68,1,7,15,8,0.007,0.03,1966.8,0.14,156.0,False
1252,13.0,12.0,2.0,0,100000,2.98,7234,4528,125,9,725,6500,0.009,7.234,474261.04,42.68,156.0,False
1253,13.0,12.0,3.0,0,100000,2.98,3766,2348,70,12,601,3153,0.012,3.766,246898.96,29.63,156.0,False
1254,13.0,12.0,4.0,0,100000,2.98,2167,1418,49,33,423,1711,0.033,2.167,142068.52,46.88,156.0,False
1255,13.0,12.0,5.0,0,100000,2.98,1550,1007,22,30,426,1094,0.03,1.55,101618.0,30.49,156.0,False
1256,13.0,12.0,6.0,0,100000,2.98,998,728,22,38,315,645,0.038,0.998,65428.88,24.86,156.0,False
1257,13.0,12.0,7.0,0,100000,2.98,746,518,12,54,223,469,0.054,0.746,48907.76,26.41,156.0,False
1258,13.0,12.0,8.0,0,100000,2.98,542,447,9,44,193,305,0.044,0.542,35533.52,15.63,156.0,False
1259,13.0,12.0,9.0,0,100000,2.98,405,315,8,46,146,213,0.046,0.405,26551.8,12.21,156.0,False
1260,13.0,13.0,10.0,0,100000,2.98,338,266,10,30,129,179,0.03,0.338,22159.28,6.65,169.0,True
1261,13.0,13.0,11.0,0,100000,2.98,242,224,6,33,88,121,0.033,0.242,15865.52,5.24,169.0,True
1262,13.0,13.0,12.0,0,100000,2.98,193,206,6,30,76,87,0.03,0.193,12653.08,3.8,169.0,True
1263,13.0,13.0,13.0,0,100000,2.98,133,169,5,20,51,62,0.02,0.133,8719.48,1.74,169.0,True
1264,13.0,13.0,14.0,0,100000,2.98,99,136,4,19,29,51,0.019,0.099,6490.44,1.23,169.0,True
1265,13.0,13.0,15.0,0,100000,2.98,82,144,6,11,43,28,0.011,0.082,5375.92,0.59,169.0,True
1266,13.0,13.0,16.0,0,100000,2.98,88,119,4,11,36,41,0.011,0.088,5769.28,0.63,169.0,True
1267,13.0,13.0,17.0,0,100000,2.98,63,100,4,12,22,29,0.012,0.063,4130.28,0.5,169.0,True
1268,13.0,13.0,18.0,0,100000,2.98,52,77,3,16,18,18,0.016,0.052,3409.12,0.55,169.0,True
1269,13.0,13.0,19.0,0,100000,2.98,34,60,2,6,14,14,0.006,0.034,2229.04,0.13,169.0,True
1270,13.0,13.0,1.0,0,100000,2.98,17602,10699,326,0,950,16652,0.0,17.602,1153987.12,0.0,169.0,True
1271,13.0,13.0,20.0,0,100000,2.98,27,58,0,7,6,14,0.007,0.027,1770.12,0.12,169.0,True
1272,13.0,13.0,2.0,0,100000,2.98,7120,4478,149,8,714,6398,0.008,7.12,466787.2,37.34,169.0,True
1273,13.0,13.0,3.0,0,100000,2.98,3645,2416,75,16,571,3058,0.016,3.645,238966.2,38.23,169.0,True
1274,13.0,13.0,4.0,0,100000,2.98,2170,1376,42,33,413,1724,0.033,2.17,142265.2,46.95,169.0,True
1275,13.0,13.0,5.0,0,100000,2.98,1451,964,25,41,365,1045,0.041,1.451,95127.56,39.0,169.0,True
1276,13.0,13.0,6.0,0,100000,2.98,1016,730,17,52,300,664,0.052,1.016,66608.96,34.64,169.0,True
1277,13.0,13.0,7.0,0,100000,2.98,732,491,19,54,231,447,0.054,0.732,47989.92,25.91,169.0,True
1278,13.0,13.0,8.0,0,100000,2.98,468,374,15,28,170,270,0.028,0.468,30682.08,8.59,169.0,True
1279,13.0,13.0,9.0,0,100000,2.98,391,323,7,53,124,214,0.053,0.391,25633.96,13.59,169.0,True
1280,13.0,14.0,10.0,0,100000,2.98,339,288,7,36,126,177,0.036,0.339,22224.84,8.0,182.0,False
1281,13.0,14.0,11.0,0,100000,2.98,241,229,6,37,81,123,0.037,0.241,15799.96,5.85,182.0,False
1282,13.0,14.0,12.0,0,100000,2.98,191,198,3,21,72,98,0.021,0.191,12521.96,2.63,182.0,False
1283,13.0,14.0,13.0,0,100000,2.98,140,162,4,27,55,58,0.027,0.14,9178.4,2.48,182.0,False
1284,13.0,14.0,14.0,0,100000,2.98,116,136,4,26,51,39,0.026,0.116,7604.96,1.98,182.0,False
1285,13.0,14.0,15.0,0,100000,2.98,91,114,3,22,35,34,0.022,0.091,5965.96,1.31,182.0,False
1286,13.0,14.0,16.0,0,100000,2.98,72,105,3,12,27,33,0.012,0.072,4720.32,0.57,182.0,False
1287,13.0,14.0,17.0,0,100000,2.98,58,97,2,9,23,26,0.009,0.058,3802.48,0.34,182.0,False
1288,13.0,14.0,18.0,0,100000,2.98,45,81,5,10,17,18,0.01,0.045,2950.2,0.3,182.0,False
1289,13.0,14.0,19.0,0,100000,2.98,28,73,1,8,12,8,0.008,0.028,1835.68,0.15,182.0,False
1290,13.0,14.0,1.0,0,100000,2.98,17356,10633,287,0,871,16485,0.0,17.356,1137859.36,0.0,182.0,False
1291,13.0,14.0,20.0,0,100000,2.98,28,61,0,5,11,12,0.005,0.028,1835.68,0.09,182.0,False
1292,13.0,14.0,2.0,0,100000,2.98,7192,4488,138,4,689,6499,0.004,7.192,471507.52,18.86,182.0,False
1293,13.0,14.0,3.0,0,100000,2.98,3776,2371,74,18,582,3176,0.018,3.776,247554.56,44.56,182.0,False
1294,13.0,14.0,4.0,0,100000,2.98,2149,1417,40,25,460,1664,0.025,2.149,140888.44,35.22,182.0,False
1295,13.0,14.0,5.0,0,100000,2.98,1380,1016,20,37,349,994,0.037,1.38,90472.8,33.47,182.0,False
1296,13.0,14.0,6.0,0,100000,2.98,1027,699,24,40,265,722,0.04,1.027,67330.12,26.93,182.0,False
1297,13.0,14.0,7.0,0,100000,2.98,797,539,19,54,244,499,0.054,0.797,52251.32,28.22,182.0,False
1298,13.0,14.0,8.0,0,100000,2.98,526,403,8,51,197,278,0.051,0.526,34484.56,17.59,182.0,False
1299,13.0,14.0,9.0,0,100000,2.98,409,335,11,38,143,228,0.038,0.409,26814.04,10.19,182.0,False
1300,13.0,15.0,10.0,0,100000,2.98,327,251,7,39,114,174,0.039,0.327,21438.12,8.36,195.0,False
1301,13.0,15.0,11.0,0,100000,2.98,223,221,7,30,85,108,0.03,0.223,14619.88,4.39,195.0,False
1302,13.0,15.0,12.0,0,100000,2.98,193,212,4,33,69,91,0.033,0.193,12653.08,4.18,195.0,False
1303,13.0,15.0,13.0,0,100000,2.98,146,174,3,27,57,62,0.027,0.146,9571.76,2.58,195.0,False
1304,13.0,15.0,14.0,0,100000,2.98,121,165,5,22,46,53,0.022,0.121,7932.76,1.75,195.0,False
1305,13.0,15.0,15.0,0,100000,2.98,89,135,6,20,33,36,0.02,0.089,5834.84,1.17,195.0,False
1306,13.0,15.0,16.0,0,100000,2.98,84,120,3,21,29,34,0.021,0.084,5507.04,1.16,195.0,False
1307,13.0,15.0,17.0,0,100000,2.98,74,99,4,15,23,36,0.015,0.074,4851.44,0.73,195.0,False
1308,13.0,15.0,18.0,0,100000,2.98,58,87,3,13,22,23,0.013,0.058,3802.48,0.49,195.0,False
1309,13.0,15.0,19.0,0,100000,2.98,42,73,3,11,15,16,0.011,0.042,2753.52,0.3,195.0,False
1310,13.0,15.0,1.0,0,100000,2.98,17522,10677,300,0,916,16606,0.0,17.522,1148742.32,0.0,195.0,False
1311,13.0,15.0,20.0,0,100000,2.98,29,64,1,7,7,15,0.007,0.029,1901.24,0.13,195.0,False
1312,13.0,15.0,2.0,0,100000,2.98,7331,4492,150,9,704,6618,0.009,7.331,480620.36,43.26,195.0,False
1313,13.0,15.0,3.0,0,100000,2.98,3755,2428,75,15,581,3159,0.015,3.755,246177.8,36.93,195.0,False
1314,13.0,15.0,4.0,0,100000,2.98,2215,1406,34,33,457,1725,0.033,2.215,145215.4,47.92,195.0,False
1315,13.0,15.0,5.0,0,100000,2.98,1436,988,27,51,348,1037,0.051,1.436,94144.16,48.01,195.0,False
1316,13.0,15.0,6.0,0,100000,2.98,1048,655,20,43,298,707,0.043,1.048,68706.88,29.54,195.0,False
1317,13.0,15.0,7.0,0,100000,2.98,761,519,17,54,208,499,0.054,0.761,49891.16,26.94,195.0,False
1318,13.0,15.0,8.0,0,100000,2.98,544,422,11,38,195,311,0.038,0.544,35664.64,13.55,195.0,False
1319,13.0,15.0,9.0,0,100000,2.98,425,335,13,52,173,200,0.052,0.425,27863.0,14.49,195.0,False
1320,13.0,16.0,10.0,0,100000,2.98,304,264,8,44,100,160,0.044,0.304,19930.24,8.77,208.0,False
1321,13.0,16.0,11.0,0,100000,2.98,270,202,4,53,85,132,0.053,0.27,17701.2,9.38,208.0,False
1322,13.0,16.0,12.0,0,100000,2.98,206,205,5,36,78,92,0.036,0.206,13505.36,4.86,208.0,False
1323,13.0,16.0,13.0,0,100000,2.98,159,169,2,29,62,68,0.029,0.159,10424.04,3.02,208.0,False
1324,13.0,16.0,14.0,0,100000,2.98,125,145,2,22,50,53,0.022,0.125,8195.0,1.8,208.0,False
1325,13.0,16.0,15.0,0,100000,2.98,98,115,1,28,32,38,0.028,0.098,6424.88,1.8,208.0,False
1326,13.0,16.0,16.0,0,100000,2.98,88,109,4,18,39,31,0.018,0.088,5769.28,1.04,208.0,False
1327,13.0,16.0,17.0,0,100000,2.98,57,95,0,10,26,21,0.01,0.057,3736.92,0.37,208.0,False
1328,13.0,16.0,18.0,0,100000,2.98,47,91,3,10,23,14,0.01,0.047,3081.32,0.31,208.0,False
1329,13.0,16.0,19.0,0,100000,2.98,28,72,4,5,6,17,0.005,0.028,1835.68,0.09,208.0,False
1330,13.0,16.0,1.0,0,100000,2.98,17365,10757,336,3,897,16465,0.003,17.365,1138449.4,34.15,208.0,False
1331,13.0,16.0,20.0,0,100000,2.98,31,62,0,10,10,11,0.01,0.031,2032.36,0.2,208.0,False
1332,13.0,16.0,2.0,0,100000,2.98,7273,4647,134,6,719,6548,0.006,7.273,476817.88,28.61,208.0,False
1333,13.0,16.0,3.0,0,100000,2.98,3792,2394,79,13,627,3152,0.013,3.792,248603.52,32.32,208.0,False
1334,13.0,16.0,4.0,0,100000,2.98,2255,1423,42,36,431,1788,0.036,2.255,147837.8,53.22,208.0,False
1335,13.0,16.0,5.0,0,100000,2.98,1498,926,24,36,376,1086,0.036,1.498,98208.88,35.36,208.0,False
1336,13.0,16.0,6.0,0,100000,2.98,1034,673,23,50,310,674,0.05,1.034,67789.04,33.89,208.0,False
1337,13.0,16.0,7.0,0,100000,2.98,742,493,18,52,228,462,0.052,0.742,48645.52,25.3,208.0,False
1338,13.0,16.0,8.0,0,100000,2.98,561,396,13,42,193,326,0.042,0.561,36779.16,15.45,208.0,False
1339,13.0,16.0,9.0,0,100000,2.98,429,318,6,40,145,244,0.04,0.429,28125.24,11.25,208.0,False
1340,13.0,17.0,10.0,0,100000,2.98,331,277,10,44,130,157,0.044,0.331,21700.36,9.55,221.0,False
1341,13.0,17.0,11.0,0,100000,2.98,248,265,2,28,104,116,0.028,0.248,16258.88,4.55,221.0,False
1342,13.0,17.0,12.0,0,100000,2.98,187,188,3,33,77,77,0.033,0.187,12259.72,4.05,221.0,False
1343,13.0,17.0,13.0,0,100000,2.98,133,177,4,22,48,63,0.022,0.133,8719.48,1.92,221.0,False
1344,13.0,17.0,14.0,0,100000,2.98,111,163,2,29,35,47,0.029,0.111,7277.16,2.11,221.0,False
1345,13.0,17.0,15.0,0,100000,2.98,96,113,6,14,41,41,0.014,0.096,6293.76,0.88,221.0,False
1346,13.0,17.0,16.0,0,100000,2.98,92,130,3,16,26,50,0.016,0.092,6031.52,0.97,221.0,False
1347,13.0,17.0,17.0,0,100000,2.98,57,100,3,15,21,21,0.015,0.057,3736.92,0.56,221.0,False
1348,13.0,17.0,18.0,0,100000,2.98,52,92,1,11,19,22,0.011,0.052,3409.12,0.38,221.0,False
1349,13.0,17.0,19.0,0,100000,2.98,54,70,1,11,26,17,0.011,0.054,3540.24,0.39,221.0,False
1350,13.0,17.0,1.0,0,100000,2.98,17540,10618,348,0,911,16629,0.0,17.54,1149922.4,0.0,221.0,False
1351,13.0,17.0,20.0,0,100000,2.98,25,66,1,5,12,8,0.005,0.025,1639.0,0.08,221.0,False
1352,13.0,17.0,2.0,0,100000,2.98,7204,4564,180,6,727,6471,0.006,7.204,472294.24,28.34,221.0,False
1353,13.0,17.0,3.0,0,100000,2.98,3752,2403,78,21,585,3146,0.021,3.752,245981.12,51.66,221.0,False
1354,13.0,17.0,4.0,0,100000,2.98,2292,1506,52,36,445,1811,0.036,2.292,150263.52,54.09,221.0,False
1355,13.0,17.0,5.0,0,100000,2.98,1401,963,20,39,329,1033,0.039,1.401,91849.56,35.82,221.0,False
1356,13.0,17.0,6.0,0,100000,2.98,1029,704,26,37,300,692,0.037,1.029,67461.24,24.96,221.0,False
1357,13.0,17.0,7.0,0,100000,2.98,737,528,8,45,238,454,0.045,0.737,48317.72,21.74,221.0,False
1358,13.0,17.0,8.0,0,100000,2.98,540,401,2,43,185,312,0.043,0.54,35402.4,15.22,221.0,False
1359,13.0,17.0,9.0,0,100000,2.98,412,353,6,47,146,219,0.047,0.412,27010.72,12.7,221.0,False
1360,13.0,18.0,10.0,0,100000,2.98,329,291,13,34,132,163,0.034,0.329,21569.24,7.33,234.0,False
1361,13.0,18.0,11.0,0,100000,2.98,249,258,9,32,96,121,0.032,0.249,16324.44,5.22,234.0,False
1362,13.0,18.0,12.0,0,100000,2.98,189,189,5,31,80,78,0.031,0.189,12390.84,3.84,234.0,False
1363,13.0,18.0,13.0,0,100000,2.98,156,158,2,28,66,62,0.028,0.156,10227.36,2.86,234.0,False
1364,13.0,18.0,14.0,0,100000,2.98,111,167,2,21,53,37,0.021,0.111,7277.16,1.53,234.0,False
1365,13.0,18.0,15.0,0,100000,2.98,91,126,5,20,37,34,0.02,0.091,5965.96,1.19,234.0,False
1366,13.0,18.0,16.0,0,100000,2.98,78,99,4,17,30,31,0.017,0.078,5113.68,0.87,234.0,False
1367,13.0,18.0,17.0,0,100000,2.98,63,90,3,12,22,29,0.012,0.063,4130.28,0.5,234.0,False
1368,13.0,18.0,18.0,0,100000,2.98,48,101,3,11,14,23,0.011,0.048,3146.88,0.35,234.0,False
1369,13.0,18.0,19.0,0,100000,2.98,43,65,1,10,18,15,0.01,0.043,2819.08,0.28,234.0,False
1370,13.0,18.0,1.0,0,100000,2.98,17331,10787,287,0,904,16427,0.0,17.331,1136220.36,0.0,234.0,False
1371,13.0,18.0,20.0,0,100000,2.98,31,71,1,12,15,4,0.012,0.031,2032.36,0.24,234.0,False
1372,13.0,18.0,2.0,0,100000,2.98,7133,4493,147,7,709,6417,0.007,7.133,467639.48,32.73,234.0,False
1373,13.0,18.0,3.0,0,100000,2.98,3844,2325,63,18,553,3273,0.018,3.844,252012.64,45.36,234.0,False
1374,13.0,18.0,4.0,0,100000,2.98,2244,1399,43,31,430,1783,0.031,2.244,147116.64,45.61,234.0,False
1375,13.0,18.0,5.0,0,100000,2.98,1481,899,25,53,371,1057,0.053,1.481,97094.36,51.46,234.0,False
1376,13.0,18.0,6.0,0,100000,2.98,1034,658,22,47,304,683,0.047,1.034,67789.04,31.86,234.0,False
1377,13.0,18.0,7.0,0,100000,2.98,779,522,14,41,216,522,0.041,0.779,51071.24,20.94,234.0,False
1378,13.0,18.0,8.0,0,100000,2.98,516,371,11,43,170,303,0.043,0.516,33828.96,14.55,234.0,False
1379,13.0,18.0,9.0,0,100000,2.98,462,338,8,54,167,241,0.054,0.462,30288.72,16.36,234.0,False
1380,13.0,19.0,10.0,0,100000,2.98,347,267,13,42,127,178,0.042,0.347,22749.32,9.55,247.0,False
1381,13.0,19.0,11.0,0,100000,2.98,229,243,6,31,90,108,0.031,0.229,15013.24,4.65,247.0,False
1382,13.0,19.0,12.0,0,100000,2.98,217,188,5,41,90,86,0.041,0.217,14226.52,5.83,247.0,False
1383,13.0,19.0,13.0,0,100000,2.98,167,181,3,30,64,73,0.03,0.167,10948.52,3.28,247.0,False
1384,13.0,19.0,14.0,0,100000,2.98,134,142,2,29,51,54,0.029,0.134,8785.04,2.55,247.0,False
1385,13.0,19.0,15.0,0,100000,2.98,103,126,3,22,43,38,0.022,0.103,6752.68,1.49,247.0,False
1386,13.0,19.0,16.0,0,100000,2.98,91,107,0,18,37,36,0.018,0.091,5965.96,1.07,247.0,False
1387,13.0,19.0,17.0,0,100000,2.98,63,103,0,16,25,22,0.016,0.063,4130.28,0.66,247.0,False
1388,13.0,19.0,18.0,0,100000,2.98,47,90,2,12,20,15,0.012,0.047,3081.32,0.37,247.0,False
1389,13.0,19.0,19.0,0,100000,2.98,41,75,1,9,17,15,0.009,0.041,2687.96,0.24,247.0,False
1390,13.0,19.0,1.0,0,100000,2.98,17426,10702,304,1,842,16583,0.001,17.426,1142448.56,11.42,247.0,False
1391,13.0,19.0,20.0,0,100000,2.98,23,72,3,8,11,4,0.008,0.023,1507.88,0.12,247.0,False
1392,13.0,19.0,2.0,0,100000,2.98,7171,4566,150,3,707,6461,0.003,7.171,470130.76,14.1,247.0,False
1393,13.0,19.0,3.0,0,100000,2.98,3743,2436,87,25,567,3151,0.025,3.743,245391.08,61.35,247.0,False
1394,13.0,19.0,4.0,0,100000,2.98,2171,1426,46,27,430,1714,0.027,2.171,142330.76,38.43,247.0,False
1395,13.0,19.0,5.0,0,100000,2.98,1499,985,28,33,375,1091,0.033,1.499,98274.44,32.43,247.0,False
1396,13.0,19.0,6.0,0,100000,2.98,1022,692,15,59,298,665,0.059,1.022,67002.32,39.53,247.0,False
1397,13.0,19.0,7.0,0,100000,2.98,756,520,19,52,244,460,0.052,0.756,49563.36,25.77,247.0,False
1398,13.0,19.0,8.0,0,100000,2.98,560,389,7,51,181,328,0.051,0.56,36713.6,18.72,247.0,False
1399,13.0,19.0,9.0,0,100000,2.98,436,353,11,43,159,234,0.043,0.436,28584.16,12.29,247.0,False
1400,13.0,1.0,10.0,0,100000,2.98,122,191,4,0,5,117,0.0,0.122,7998.32,0.0,13.0,False
1401,13.0,1.0,11.0,0,100000,2.98,83,159,3,0,0,83,0.0,0.083,5441.48,0.0,13.0,False
1402,13.0,1.0,12.0,0,100000,2.98,60,138,2,0,0,60,0.0,0.06,3933.6,0.0,13.0,False
1403,13.0,1.0,13.0,0,100000,2.98,52,105,2,0,1,51,0.0,0.052,3409.12,0.0,13.0,False
1404,13.0,1.0,14.0,0,100000,2.98,42,101,1,0,1,41,0.0,0.042,2753.52,0.0,13.0,False
1405,13.0,1.0,15.0,0,100000,2.98,23,90,1,0,0,23,0.0,0.023,1507.88,0.0,13.0,False
1406,13.0,1.0,16.0,0,100000,2.98,24,74,1,0,1,23,0.0,0.024,1573.44,0.0,13.0,False
1407,13.0,1.0,17.0,0,100000,2.98,21,64,1,0,0,21,0.0,0.021,1376.76,0.0,13.0,False
1408,13.0,1.0,18.0,0,100000,2.98,14,59,0,0,0,14,0.0,0.014,917.84,0.0,13.0,False
1409,13.0,1.0,19.0,0,100000,2.98,14,49,3,0,0,14,0.0,0.014,917.84,0.0,13.0,False
1410,13.0,1.0,1.0,0,100000,2.98,16802,10668,272,0,629,16173,0.0,16.802,1101539.12,0.0,13.0,False
1411,13.0,1.0,20.0,0,100000,2.98,5,40,2,0,0,5,0.0,0.005,327.8,0.0,13.0,False
1412,13.0,1.0,2.0,0,100000,2.98,6769,4568,115,0,350,6419,0.0,6.769,443775.64,0.0,13.0,False
1413,13.0,1.0,3.0,0,100000,2.98,3177,2285,75,0,167,3010,0.0,3.177,208284.12,0.0,13.0,False
1414,13.0,1.0,4.0,0,100000,2.98,1707,1401,41,0,86,1621,0.0,1.707,111910.92,0.0,13.0,False
1415,13.0,1.0,5.0,0,100000,2.98,940,902,24,0,54,886,0.0,0.94,61626.4,0.0,13.0,False
1416,13.0,1.0,6.0,0,100000,2.98,628,613,21,0,27,601,0.0,0.628,41171.68,0.0,13.0,False
1417,13.0,1.0,7.0,0,100000,2.98,393,500,11,0,15,378,0.0,0.393,25765.08,0.0,13.0,False
1418,13.0,1.0,8.0,0,100000,2.98,259,336,6,0,14,245,0.0,0.259,16980.04,0.0,13.0,False
1419,13.0,1.0,9.0,0,100000,2.98,177,277,7,0,7,170,0.0,0.177,11604.12,0.0,13.0,False
1420,13.0,20.0,10.0,0,100000,2.98,343,266,4,41,127,175,0.041,0.343,22487.08,9.22,260.0,False
1421,13.0,20.0,11.0,0,100000,2.98,271,226,7,51,94,126,0.051,0.271,17766.76,9.06,260.0,False
1422,13.0,20.0,12.0,0,100000,2.98,213,170,4,41,74,98,0.041,0.213,13964.28,5.73,260.0,False
1423,13.0,20.0,13.0,0,100000,2.98,159,191,3,34,66,59,0.034,0.159,10424.04,3.54,260.0,False
1424,13.0,20.0,14.0,0,100000,2.98,128,164,2,23,47,58,0.023,0.128,8391.68,1.93,260.0,False
1425,13.0,20.0,15.0,0,100000,2.98,107,110,5,20,35,52,0.02,0.107,7014.92,1.4,260.0,False
1426,13.0,20.0,16.0,0,100000,2.98,68,89,2,9,31,28,0.009,0.068,4458.08,0.4,260.0,False
1427,13.0,20.0,17.0,0,100000,2.98,66,94,2,12,26,28,0.012,0.066,4326.96,0.52,260.0,False
1428,13.0,20.0,18.0,0,100000,2.98,58,89,0,13,28,17,0.013,0.058,3802.48,0.49,260.0,False
1429,13.0,20.0,19.0,0,100000,2.98,37,65,3,10,18,9,0.01,0.037,2425.72,0.24,260.0,False
1430,13.0,20.0,1.0,0,100000,2.98,17465,10477,289,1,870,16594,0.001,17.465,1145005.4,11.45,260.0,False
1431,13.0,20.0,20.0,0,100000,2.98,27,74,1,3,13,11,0.003,0.027,1770.12,0.05,260.0,False
1432,13.0,20.0,2.0,0,100000,2.98,7347,4563,145,6,788,6553,0.006,7.347,481669.32,28.9,260.0,False
1433,13.0,20.0,3.0,0,100000,2.98,3726,2404,77,12,577,3137,0.012,3.726,244276.56,29.31,260.0,False
1434,13.0,20.0,4.0,0,100000,2.98,2142,1481,44,30,394,1718,0.03,2.142,140429.52,42.13,260.0,False
1435,13.0,20.0,5.0,0,100000,2.98,1457,917,27,51,343,1063,0.051,1.457,95520.92,48.72,260.0,False
1436,13.0,20.0,6.0,0,100000,2.98,1009,703,15,46,292,671,0.046,1.009,66150.04,30.43,260.0,False
1437,13.0,20.0,7.0,0,100000,2.98,732,534,14,50,227,455,0.05,0.732,47989.92,23.99,260.0,False
1438,13.0,20.0,8.0,0,100000,2.98,558,398,16,56,178,324,0.056,0.558,36582.48,20.49,260.0,False
1439,13.0,20.0,9.0,0,100000,2.98,430,338,6,51,158,221,0.051,0.43,28190.8,14.38,260.0,False
1440,13.0,2.0,10.0,0,100000,2.98,130,201,9,1,15,114,0.001,0.13,8522.8,0.09,26.0,False
1441,13.0,2.0,11.0,0,100000,2.98,89,182,4,0,8,81,0.0,0.089,5834.84,0.0,26.0,False
1442,13.0,2.0,12.0,0,100000,2.98,48,138,6,0,3,45,0.0,0.048,3146.88,0.0,26.0,False
1443,13.0,2.0,13.0,0,100000,2.98,32,103,4,0,2,30,0.0,0.032,2097.92,0.0,26.0,False
1444,13.0,2.0,14.0,0,100000,2.98,42,103,4,0,5,37,0.0,0.042,2753.52,0.0,26.0,False
1445,13.0,2.0,15.0,0,100000,2.98,27,87,3,0,1,26,0.0,0.027,1770.12,0.0,26.0,False
1446,13.0,2.0,16.0,0,100000,2.98,13,75,1,0,1,12,0.0,0.013,852.28,0.0,26.0,False
1447,13.0,2.0,17.0,0,100000,2.98,12,65,5,0,0,12,0.0,0.012,786.72,0.0,26.0,False
1448,13.0,2.0,18.0,0,100000,2.98,15,55,0,0,2,13,0.0,0.015,983.4,0.0,26.0,False
1449,13.0,2.0,19.0,0,100000,2.98,11,58,0,0,1,10,0.0,0.011,721.16,0.0,26.0,False
1450,13.0,2.0,1.0,0,100000,2.98,17382,10606,300,0,845,16537,0.0,17.382,1139563.92,0.0,26.0,False
1451,13.0,2.0,20.0,0,100000,2.98,4,39,1,0,0,4,0.0,0.004,262.24,0.0,26.0,False
1452,13.0,2.0,2.0,0,100000,2.98,7082,4493,131,1,533,6548,0.001,7.082,464295.92,4.64,26.0,False
1453,13.0,2.0,3.0,0,100000,2.98,3343,2375,75,4,302,3037,0.004,3.343,219167.08,8.77,26.0,False
1454,13.0,2.0,4.0,0,100000,2.98,1833,1473,42,4,203,1626,0.004,1.833,120171.48,4.81,26.0,False
1455,13.0,2.0,5.0,0,100000,2.98,1034,928,24,1,116,917,0.001,1.034,67789.04,0.68,26.0,False
1456,13.0,2.0,6.0,0,100000,2.98,630,664,20,1,59,570,0.001,0.63,41302.8,0.41,26.0,False
1457,13.0,2.0,7.0,0,100000,2.98,398,455,15,0,35,363,0.0,0.398,26092.88,0.0,26.0,False
1458,13.0,2.0,8.0,0,100000,2.98,281,354,15,0,39,242,0.0,0.281,18422.36,0.0,26.0,False
1459,13.0,2.0,9.0,0,100000,2.98,188,259,9,1,23,164,0.001,0.188,12325.28,0.12,26.0,False
1460,13.0,3.0,10.0,0,100000,2.98,170,245,6,1,35,134,0.001,0.17,11145.2,0.11,39.0,False
1461,13.0,3.0,11.0,0,100000,2.98,117,183,2,3,18,96,0.003,0.117,7670.52,0.23,39.0,False
1462,13.0,3.0,12.0,0,100000,2.98,79,154,3,1,13,65,0.001,0.079,5179.24,0.05,39.0,False
1463,13.0,3.0,13.0,0,100000,2.98,47,145,6,0,10,37,0.0,0.047,3081.32,0.0,39.0,False
1464,13.0,3.0,14.0,0,100000,2.98,44,106,1,1,3,40,0.001,0.044,2884.64,0.03,39.0,False
1465,13.0,3.0,15.0,0,100000,2.98,32,110,0,1,7,24,0.001,0.032,2097.92,0.02,39.0,False
1466,13.0,3.0,16.0,0,100000,2.98,18,81,1,0,0,18,0.0,0.018,1180.08,0.0,39.0,False
1467,13.0,3.0,17.0,0,100000,2.98,12,65,3,0,2,10,0.0,0.012,786.72,0.0,39.0,False
1468,13.0,3.0,18.0,0,100000,2.98,12,56,1,0,3,9,0.0,0.012,786.72,0.0,39.0,False
1469,13.0,3.0,19.0,0,100000,2.98,15,54,2,0,3,12,0.0,0.015,983.4,0.0,39.0,False
1470,13.0,3.0,1.0,0,100000,2.98,17320,10682,323,0,892,16428,0.0,17.32,1135499.2,0.0,39.0,False
1471,13.0,3.0,20.0,0,100000,2.98,4,40,1,0,0,4,0.0,0.004,262.24,0.0,39.0,False
1472,13.0,3.0,2.0,0,100000,2.98,7176,4586,165,3,611,6562,0.003,7.176,470458.56,14.11,39.0,False
1473,13.0,3.0,3.0,0,100000,2.98,3546,2288,54,7,466,3073,0.007,3.546,232475.76,16.27,39.0,False
1474,13.0,3.0,4.0,0,100000,2.98,1944,1378,51,9,261,1674,0.009,1.944,127448.64,11.47,39.0,False
1475,13.0,3.0,5.0,0,100000,2.98,1267,945,27,6,205,1056,0.006,1.267,83064.52,4.98,39.0,False
1476,13.0,3.0,6.0,0,100000,2.98,732,680,23,6,112,614,0.006,0.732,47989.92,2.88,39.0,False
1477,13.0,3.0,7.0,0,100000,2.98,508,437,15,5,93,410,0.005,0.508,33304.48,1.67,39.0,False
1478,13.0,3.0,8.0,0,100000,2.98,321,365,8,2,52,267,0.002,0.321,21044.76,0.42,39.0,False
1479,13.0,3.0,9.0,0,100000,2.98,249,272,8,1,42,206,0.001,0.249,16324.44,0.16,39.0,False
1480,13.0,4.0,10.0,0,100000,2.98,179,275,9,6,43,130,0.006,0.179,11735.24,0.7,52.0,False
1481,13.0,4.0,11.0,0,100000,2.98,131,200,2,3,27,101,0.003,0.131,8588.36,0.26,52.0,False
1482,13.0,4.0,12.0,0,100000,2.98,88,183,4,4,16,68,0.004,0.088,5769.28,0.23,52.0,False
1483,13.0,4.0,13.0,0,100000,2.98,89,140,5,1,16,72,0.001,0.089,5834.84,0.06,52.0,False
1484,13.0,4.0,14.0,0,100000,2.98,45,96,2,1,9,35,0.001,0.045,2950.2,0.03,52.0,False
1485,13.0,4.0,15.0,0,100000,2.98,36,101,1,2,10,24,0.002,0.036,2360.16,0.05,52.0,False
1486,13.0,4.0,16.0,0,100000,2.98,34,77,0,2,7,25,0.002,0.034,2229.04,0.04,52.0,False
1487,13.0,4.0,17.0,0,100000,2.98,19,82,2,1,0,18,0.001,0.019,1245.64,0.01,52.0,False
1488,13.0,4.0,18.0,0,100000,2.98,12,69,1,1,2,9,0.001,0.012,786.72,0.01,52.0,False
1489,13.0,4.0,19.0,0,100000,2.98,7,57,2,1,0,6,0.001,0.007,458.92,0.0,52.0,False
1490,13.0,4.0,1.0,0,100000,2.98,17210,10693,303,1,870,16339,0.001,17.21,1128287.6,11.28,52.0,False
1491,13.0,4.0,20.0,0,100000,2.98,14,45,0,0,4,10,0.0,0.014,917.84,0.0,52.0,False
1492,13.0,4.0,2.0,0,100000,2.98,7094,4550,120,4,662,6428,0.004,7.094,465082.64,18.6,52.0,False
1493,13.0,4.0,3.0,0,100000,2.98,3658,2393,93,5,477,3176,0.005,3.658,239818.48,11.99,52.0,False
1494,13.0,4.0,4.0,0,100000,2.98,2133,1451,39,10,351,1772,0.01,2.133,139839.48,13.98,52.0,False
1495,13.0,4.0,5.0,0,100000,2.98,1303,958,22,10,240,1053,0.01,1.303,85424.68,8.54,52.0,False
1496,13.0,4.0,6.0,0,100000,2.98,887,665,15,16,182,689,0.016,0.887,58151.72,9.3,52.0,False
1497,13.0,4.0,7.0,0,100000,2.98,519,536,10,11,119,389,0.011,0.519,34025.64,3.74,52.0,False
1498,13.0,4.0,8.0,0,100000,2.98,388,381,11,12,89,287,0.012,0.388,25437.28,3.05,52.0,False
1499,13.0,4.0,9.0,0,100000,2.98,295,286,9,10,66,219,0.01,0.295,19340.2,1.93,52.0,False
1500,13.0,5.0,10.0,0,100000,2.98,244,232,6,9,55,180,0.009,0.244,15996.64,1.44,65.0,False
1501,13.0,5.0,11.0,0,100000,2.98,149,189,5,8,35,106,0.008,0.149,9768.44,0.78,65.0,False
1502,13.0,5.0,12.0,0,100000,2.98,116,161,1,6,29,81,0.006,0.116,7604.96,0.46,65.0,False
1503,13.0,5.0,13.0,0,100000,2.98,78,153,9,1,26,51,0.001,0.078,5113.68,0.05,65.0,False
1504,13.0,5.0,14.0,0,100000,2.98,55,113,4,3,10,42,0.003,0.055,3605.8,0.11,65.0,False
1505,13.0,5.0,15.0,0,100000,2.98,45,100,3,0,8,37,0.0,0.045,2950.2,0.0,65.0,False
1506,13.0,5.0,16.0,0,100000,2.98,34,76,5,3,5,26,0.003,0.034,2229.04,0.07,65.0,False
1507,13.0,5.0,17.0,0,100000,2.98,31,85,4,0,9,22,0.0,0.031,2032.36,0.0,65.0,False
1508,13.0,5.0,18.0,0,100000,2.98,21,71,2,2,7,12,0.002,0.021,1376.76,0.03,65.0,False
1509,13.0,5.0,19.0,0,100000,2.98,15,41,5,3,5,7,0.003,0.015,983.4,0.03,65.0,False
1510,13.0,5.0,1.0,0,100000,2.98,17467,10635,319,0,920,16547,0.0,17.467,1145136.52,0.0,65.0,False
1511,13.0,5.0,20.0,0,100000,2.98,15,42,1,1,4,10,0.001,0.015,983.4,0.01,65.0,False
1512,13.0,5.0,2.0,0,100000,2.98,7167,4590,160,7,694,6466,0.007,7.167,469868.52,32.89,65.0,False
1513,13.0,5.0,3.0,0,100000,2.98,3762,2395,69,11,554,3197,0.011,3.762,246636.72,27.13,65.0,False
1514,13.0,5.0,4.0,0,100000,2.98,2195,1441,42,15,405,1775,0.015,2.195,143904.2,21.59,65.0,False
1515,13.0,5.0,5.0,0,100000,2.98,1371,955,29,21,295,1055,0.021,1.371,89882.76,18.88,65.0,False
1516,13.0,5.0,6.0,0,100000,2.98,930,690,16,20,220,690,0.02,0.93,60970.8,12.19,65.0,False
1517,13.0,5.0,7.0,0,100000,2.98,632,506,19,19,161,452,0.019,0.632,41433.92,7.87,65.0,False
1518,13.0,5.0,8.0,0,100000,2.98,472,390,6,18,136,318,0.018,0.472,30944.32,5.57,65.0,False
1519,13.0,5.0,9.0,0,100000,2.98,334,288,5,13,92,229,0.013,0.334,21897.04,2.85,65.0,False
1520,13.0,6.0,10.0,0,100000,2.98,261,245,6,18,72,171,0.018,0.261,17111.16,3.08,78.0,False
1521,13.0,6.0,11.0,0,100000,2.98,179,204,3,9,66,104,0.009,0.179,11735.24,1.06,78.0,False
1522,13.0,6.0,12.0,0,100000,2.98,143,169,5,6,50,87,0.006,0.143,9375.08,0.56,78.0,False
1523,13.0,6.0,13.0,0,100000,2.98,109,140,0,5,39,65,0.005,0.109,7146.04,0.36,78.0,False
1524,13.0,6.0,14.0,0,100000,2.98,83,133,4,6,27,50,0.006,0.083,5441.48,0.33,78.0,False
1525,13.0,6.0,15.0,0,100000,2.98,43,103,2,3,14,26,0.003,0.043,2819.08,0.08,78.0,False
1526,13.0,6.0,16.0,0,100000,2.98,44,91,3,0,16,28,0.0,0.044,2884.64,0.0,78.0,False
1527,13.0,6.0,17.0,0,100000,2.98,32,80,2,2,8,22,0.002,0.032,2097.92,0.04,78.0,False
1528,13.0,6.0,18.0,0,100000,2.98,29,52,2,2,11,16,0.002,0.029,1901.24,0.04,78.0,False
1529,13.0,6.0,19.0,0,100000,2.98,14,72,2,0,1,13,0.0,0.014,917.84,0.0,78.0,False
1530,13.0,6.0,1.0,0,100000,2.98,17455,10715,329,0,896,16559,0.0,17.455,1144349.8,0.0,78.0,False
1531,13.0,6.0,20.0,0,100000,2.98,12,43,2,1,8,3,0.001,0.012,786.72,0.01,78.0,False
1532,13.0,6.0,2.0,0,100000,2.98,7208,4462,159,2,706,6500,0.002,7.208,472556.48,9.45,78.0,False
1533,13.0,6.0,3.0,0,100000,2.98,3761,2348,67,17,539,3205,0.017,3.761,246571.16,41.92,78.0,False
1534,13.0,6.0,4.0,0,100000,2.98,2158,1481,47,17,394,1747,0.017,2.158,141478.48,24.05,78.0,False
1535,13.0,6.0,5.0,0,100000,2.98,1384,953,29,23,320,1041,0.023,1.384,90735.04,20.87,78.0,False
1536,13.0,6.0,6.0,0,100000,2.98,859,726,17,30,222,607,0.03,0.859,56316.04,16.89,78.0,False
1537,13.0,6.0,7.0,0,100000,2.98,651,540,12,27,191,433,0.027,0.651,42679.56,11.52,78.0,False
1538,13.0,6.0,8.0,0,100000,2.98,475,413,6,18,120,337,0.018,0.475,31141.0,5.61,78.0,False
1539,13.0,6.0,9.0,0,100000,2.98,344,307,6,15,104,225,0.015,0.344,22552.64,3.38,78.0,False
1540,13.0,7.0,10.0,0,100000,2.98,272,253,5,17,93,162,0.017,0.272,17832.32,3.03,91.0,False
1541,13.0,7.0,11.0,0,100000,2.98,181,196,8,15,64,102,0.015,0.181,11866.36,1.78,91.0,False
1542,13.0,7.0,12.0,0,100000,2.98,140,168,1,12,48,80,0.012,0.14,9178.4,1.1,91.0,False
1543,13.0,7.0,13.0,0,100000,2.98,94,151,2,11,28,55,0.011,0.094,6162.64,0.68,91.0,False
1544,13.0,7.0,14.0,0,100000,2.98,83,106,2,7,23,53,0.007,0.083,5441.48,0.38,91.0,False
1545,13.0,7.0,15.0,0,100000,2.98,69,96,1,7,21,41,0.007,0.069,4523.64,0.32,91.0,False
1546,13.0,7.0,16.0,0,100000,2.98,46,112,4,6,13,27,0.006,0.046,3015.76,0.18,91.0,False
1547,13.0,7.0,17.0,0,100000,2.98,44,74,2,6,14,24,0.006,0.044,2884.64,0.17,91.0,False
1548,13.0,7.0,18.0,0,100000,2.98,25,67,3,3,12,10,0.003,0.025,1639.0,0.05,91.0,False
1549,13.0,7.0,19.0,0,100000,2.98,24,60,1,1,6,17,0.001,0.024,1573.44,0.02,91.0,False
1550,13.0,7.0,1.0,0,100000,2.98,17406,10741,328,1,872,16533,0.001,17.406,1141137.36,11.41,91.0,False
1551,13.0,7.0,20.0,0,100000,2.98,12,57,0,2,4,6,0.002,0.012,786.72,0.02,91.0,False
1552,13.0,7.0,2.0,0,100000,2.98,7506,4512,145,2,734,6770,0.002,7.506,492093.36,9.84,91.0,False
1553,13.0,7.0,3.0,0,100000,2.98,3693,2334,68,9,540,3144,0.009,3.693,242113.08,21.79,91.0,False
1554,13.0,7.0,4.0,0,100000,2.98,2191,1401,30,26,412,1753,0.026,2.191,143641.96,37.35,91.0,False
1555,13.0,7.0,5.0,0,100000,2.98,1444,980,21,28,307,1109,0.028,1.444,94668.64,26.51,91.0,False
1556,13.0,7.0,6.0,0,100000,2.98,948,709,14,32,239,677,0.032,0.948,62150.88,19.89,91.0,False
1557,13.0,7.0,7.0,0,100000,2.98,708,490,19,33,194,481,0.033,0.708,46416.48,15.32,91.0,False
1558,13.0,7.0,8.0,0,100000,2.98,519,423,6,34,146,339,0.034,0.519,34025.64,11.57,91.0,False
1559,13.0,7.0,9.0,0,100000,2.98,346,290,2,13,94,239,0.013,0.346,22683.76,2.95,91.0,False
1560,13.0,8.0,10.0,0,100000,2.98,291,228,6,16,104,171,0.016,0.291,19077.96,3.05,104.0,False
1561,13.0,8.0,11.0,0,100000,2.98,206,211,9,19,77,110,0.019,0.206,13505.36,2.57,104.0,False
1562,13.0,8.0,12.0,0,100000,2.98,146,186,4,19,50,77,0.019,0.146,9571.76,1.82,104.0,False
1563,13.0,8.0,13.0,0,100000,2.98,111,147,2,6,48,57,0.006,0.111,7277.16,0.44,104.0,False
1564,13.0,8.0,14.0,0,100000,2.98,96,157,7,10,35,51,0.01,0.096,6293.76,0.63,104.0,False
1565,13.0,8.0,15.0,0,100000,2.98,70,103,1,12,21,37,0.012,0.07,4589.2,0.55,104.0,False
1566,13.0,8.0,16.0,0,100000,2.98,52,84,3,8,23,21,0.008,0.052,3409.12,0.27,104.0,False
1567,13.0,8.0,17.0,0,100000,2.98,38,78,1,5,8,25,0.005,0.038,2491.28,0.12,104.0,False
1568,13.0,8.0,18.0,0,100000,2.98,33,80,7,3,9,21,0.003,0.033,2163.48,0.06,104.0,False
1569,13.0,8.0,19.0,0,100000,2.98,19,74,2,3,6,10,0.003,0.019,1245.64,0.04,104.0,False
1570,13.0,8.0,1.0,0,100000,2.98,17302,10723,311,1,878,16423,0.001,17.302,1134319.12,11.34,104.0,False
1571,13.0,8.0,20.0,0,100000,2.98,22,55,1,5,4,13,0.005,0.022,1442.32,0.07,104.0,False
1572,13.0,8.0,2.0,0,100000,2.98,7344,4528,119,6,736,6602,0.006,7.344,481472.64,28.89,104.0,False
1573,13.0,8.0,3.0,0,100000,2.98,3825,2371,80,13,577,3235,0.013,3.825,250767.0,32.6,104.0,False
1574,13.0,8.0,4.0,0,100000,2.98,2211,1405,40,25,441,1745,0.025,2.211,144953.16,36.24,104.0,False
1575,13.0,8.0,5.0,0,100000,2.98,1365,933,22,33,337,995,0.033,1.365,89489.4,29.53,104.0,False
1576,13.0,8.0,6.0,0,100000,2.98,973,701,18,36,273,664,0.036,0.973,63789.88,22.96,104.0,False
1577,13.0,8.0,7.0,0,100000,2.98,721,527,14,42,224,455,0.042,0.721,47268.76,19.85,104.0,False
1578,13.0,8.0,8.0,0,100000,2.98,482,381,9,31,162,289,0.031,0.482,31599.92,9.8,104.0,False
1579,13.0,8.0,9.0,0,100000,2.98,375,290,5,23,132,220,0.023,0.375,24585.0,5.65,104.0,False
1580,13.0,9.0,10.0,0,100000,2.98,276,253,8,28,104,144,0.028,0.276,18094.56,5.07,117.0,False
1581,13.0,9.0,11.0,0,100000,2.98,217,238,7,31,74,112,0.031,0.217,14226.52,4.41,117.0,False
1582,13.0,9.0,12.0,0,100000,2.98,183,182,3,20,67,96,0.02,0.183,11997.48,2.4,117.0,False
1583,13.0,9.0,13.0,0,100000,2.98,142,143,4,16,66,60,0.016,0.142,9309.52,1.49,117.0,False
1584,13.0,9.0,14.0,0,100000,2.98,100,131,4,13,36,51,0.013,0.1,6556.0,0.85,117.0,False
1585,13.0,9.0,15.0,0,100000,2.98,87,95,2,17,30,40,0.017,0.087,5703.72,0.97,117.0,False
1586,13.0,9.0,16.0,0,100000,2.98,60,88,3,7,24,29,0.007,0.06,3933.6,0.28,117.0,False
1587,13.0,9.0,17.0,0,100000,2.98,50,86,2,2,26,22,0.002,0.05,3278.0,0.07,117.0,False
1588,13.0,9.0,18.0,0,100000,2.98,34,65,2,4,14,16,0.004,0.034,2229.04,0.09,117.0,False
1589,13.0,9.0,19.0,0,100000,2.98,30,65,0,4,12,14,0.004,0.03,1966.8,0.08,117.0,False
1590,13.0,9.0,1.0,0,100000,2.98,17392,10544,301,0,859,16533,0.0,17.392,1140219.52,0.0,117.0,False
1591,13.0,9.0,20.0,0,100000,2.98,18,60,1,3,7,8,0.003,0.018,1180.08,0.04,117.0,False
1592,13.0,9.0,2.0,0,100000,2.98,7212,4432,141,7,710,6495,0.007,7.212,472818.72,33.1,117.0,False
1593,13.0,9.0,3.0,0,100000,2.98,3868,2374,71,19,567,3282,0.019,3.868,253586.08,48.18,117.0,False
1594,13.0,9.0,4.0,0,100000,2.98,2218,1488,45,24,427,1767,0.024,2.218,145412.08,34.9,117.0,False
1595,13.0,9.0,5.0,0,100000,2.98,1467,923,23,31,352,1084,0.031,1.467,96176.52,29.81,117.0,False
1596,13.0,9.0,6.0,0,100000,2.98,1028,711,19,48,292,688,0.048,1.028,67395.68,32.35,117.0,False
1597,13.0,9.0,7.0,0,100000,2.98,718,492,10,39,210,469,0.039,0.718,47072.08,18.36,117.0,False
1598,13.0,9.0,8.0,0,100000,2.98,533,389,8,38,178,317,0.038,0.533,34943.48,13.28,117.0,False
1599,13.0,9.0,9.0,0,100000,2.98,385,311,4,30,135,220,0.03,0.385,25240.6,7.57,117.0,False
1600,14.0,10.0,10.0,0,100000,2.98,287,252,3,33,99,155,0.033,0.287,18815.72,6.21,140.0,False
1601,14.0,10.0,11.0,0,100000,2.98,219,199,8,28,75,116,0.028,0.219,14357.64,4.02,140.0,False
1602,14.0,10.0,12.0,0,100000,2.98,211,166,6,23,79,109,0.023,0.211,13833.16,3.18,140.0,False
1603,14.0,10.0,13.0,0,100000,2.98,131,158,5,19,56,56,0.019,0.131,8588.36,1.63,140.0,False
1604,14.0,10.0,14.0,0,100000,2.98,86,145,5,15,28,43,0.015,0.086,5638.16,0.85,140.0,False
1605,14.0,10.0,15.0,0,100000,2.98,81,116,3,14,32,35,0.014,0.081,5310.36,0.74,140.0,False
1606,14.0,10.0,16.0,0,100000,2.98,61,114,1,13,13,35,0.013,0.061,3999.16,0.52,140.0,False
1607,14.0,10.0,17.0,0,100000,2.98,58,90,2,7,25,26,0.007,0.058,3802.48,0.27,140.0,False
1608,14.0,10.0,18.0,0,100000,2.98,40,65,0,7,8,25,0.007,0.04,2622.4,0.18,140.0,False
1609,14.0,10.0,19.0,0,100000,2.98,25,78,4,8,5,12,0.008,0.025,1639.0,0.13,140.0,False
1610,14.0,10.0,1.0,0,100000,2.98,17440,10603,277,0,892,16548,0.0,17.44,1143366.4,0.0,140.0,False
1611,14.0,10.0,20.0,0,100000,2.98,22,83,1,4,4,14,0.004,0.022,1442.32,0.06,140.0,False
1612,14.0,10.0,2.0,0,100000,2.98,7291,4662,142,12,711,6568,0.012,7.291,477997.96,57.36,140.0,False
1613,14.0,10.0,3.0,0,100000,2.98,3832,2365,71,18,576,3238,0.018,3.832,251225.92,45.22,140.0,False
1614,14.0,10.0,4.0,0,100000,2.98,2225,1369,33,28,413,1784,0.028,2.225,145871.0,40.84,140.0,False
1615,14.0,10.0,5.0,0,100000,2.98,1482,983,38,44,351,1087,0.044,1.482,97159.92,42.75,140.0,False
1616,14.0,10.0,6.0,0,100000,2.98,999,687,22,47,284,668,0.047,0.999,65494.44,30.78,140.0,False
1617,14.0,10.0,7.0,0,100000,2.98,731,500,6,41,250,440,0.041,0.731,47924.36,19.65,140.0,False
1618,14.0,10.0,8.0,0,100000,2.98,514,443,7,29,176,309,0.029,0.514,33697.84,9.77,140.0,False
1619,14.0,10.0,9.0,0,100000,2.98,408,329,5,35,119,254,0.035,0.408,26748.48,9.36,140.0,False
1620,14.0,11.0,10.0,0,100000,2.98,319,257,8,29,106,184,0.029,0.319,20913.64,6.06,154.0,False
1621,14.0,11.0,11.0,0,100000,2.98,233,220,5,22,84,127,0.022,0.233,15275.48,3.36,154.0,False
1622,14.0,11.0,12.0,0,100000,2.98,168,182,3,18,68,82,0.018,0.168,11014.08,1.98,154.0,False
1623,14.0,11.0,13.0,0,100000,2.98,135,162,6,19,54,62,0.019,0.135,8850.6,1.68,154.0,False
1624,14.0,11.0,14.0,0,100000,2.98,110,159,3,21,41,48,0.021,0.11,7211.6,1.51,154.0,False
1625,14.0,11.0,15.0,0,100000,2.98,95,130,6,17,38,40,0.017,0.095,6228.2,1.06,154.0,False
1626,14.0,11.0,16.0,0,100000,2.98,74,93,2,8,29,37,0.008,0.074,4851.44,0.39,154.0,False
1627,14.0,11.0,17.0,0,100000,2.98,49,103,1,10,16,23,0.01,0.049,3212.44,0.32,154.0,False
1628,14.0,11.0,18.0,0,100000,2.98,46,78,3,8,20,18,0.008,0.046,3015.76,0.24,154.0,False
1629,14.0,11.0,19.0,0,100000,2.98,30,72,0,9,11,10,0.009,0.03,1966.8,0.18,154.0,False
1630,14.0,11.0,1.0,0,100000,2.98,17221,10726,317,0,933,16288,0.0,17.221,1129008.76,0.0,154.0,False
1631,14.0,11.0,20.0,0,100000,2.98,27,62,0,2,14,11,0.002,0.027,1770.12,0.04,154.0,False
1632,14.0,11.0,2.0,0,100000,2.98,7364,4697,144,10,743,6611,0.01,7.364,482783.84,48.28,154.0,False
1633,14.0,11.0,3.0,0,100000,2.98,3675,2357,60,24,520,3131,0.024,3.675,240933.0,57.82,154.0,False
1634,14.0,11.0,4.0,0,100000,2.98,2193,1429,41,22,444,1727,0.022,2.193,143773.08,31.63,154.0,False
1635,14.0,11.0,5.0,0,100000,2.98,1536,1001,30,32,348,1156,0.032,1.536,100700.16,32.22,154.0,False
1636,14.0,11.0,6.0,0,100000,2.98,1039,695,20,37,299,703,0.037,1.039,68116.84,25.2,154.0,False
1637,14.0,11.0,7.0,0,100000,2.98,729,509,17,41,226,462,0.041,0.729,47793.24,19.6,154.0,False
1638,14.0,11.0,8.0,0,100000,2.98,524,406,14,40,179,305,0.04,0.524,34353.44,13.74,154.0,False
1639,14.0,11.0,9.0,0,100000,2.98,382,350,6,23,128,231,0.023,0.382,25043.92,5.76,154.0,False
1640,14.0,12.0,10.0,0,100000,2.98,333,259,8,38,136,159,0.038,0.333,21831.48,8.3,168.0,False
1641,14.0,12.0,11.0,0,100000,2.98,239,214,9,32,89,118,0.032,0.239,15668.84,5.01,168.0,False
1642,14.0,12.0,12.0,0,100000,2.98,186,181,4,22,74,90,0.022,0.186,12194.16,2.68,168.0,False
1643,14.0,12.0,13.0,0,100000,2.98,157,165,2,23,62,72,0.023,0.157,10292.92,2.37,168.0,False
1644,14.0,12.0,14.0,0,100000,2.98,115,128,5,22,45,48,0.022,0.115,7539.4,1.66,168.0,False
1645,14.0,12.0,15.0,0,100000,2.98,95,117,3,15,35,45,0.015,0.095,6228.2,0.93,168.0,False
1646,14.0,12.0,16.0,0,100000,2.98,50,107,2,14,20,16,0.014,0.05,3278.0,0.46,168.0,False
1647,14.0,12.0,17.0,0,100000,2.98,46,99,3,9,18,19,0.009,0.046,3015.76,0.27,168.0,False
1648,14.0,12.0,18.0,0,100000,2.98,41,66,1,11,14,16,0.011,0.041,2687.96,0.3,168.0,False
1649,14.0,12.0,19.0,0,100000,2.98,47,67,0,14,18,15,0.014,0.047,3081.32,0.43,168.0,False
1650,14.0,12.0,1.0,0,100000,2.98,17443,10907,305,0,928,16515,0.0,17.443,1143563.08,0.0,168.0,False
1651,14.0,12.0,20.0,0,100000,2.98,34,57,3,6,15,13,0.006,0.034,2229.04,0.13,168.0,False
1652,14.0,12.0,2.0,0,100000,2.98,7106,4568,125,3,701,6402,0.003,7.106,465869.36,13.98,168.0,False
1653,14.0,12.0,3.0,0,100000,2.98,3779,2367,59,19,589,3171,0.019,3.779,247751.24,47.07,168.0,False
1654,14.0,12.0,4.0,0,100000,2.98,2209,1444,33,22,445,1742,0.022,2.209,144822.04,31.86,168.0,False
1655,14.0,12.0,5.0,0,100000,2.98,1530,978,21,49,366,1115,0.049,1.53,100306.8,49.15,168.0,False
1656,14.0,12.0,6.0,0,100000,2.98,997,709,23,48,269,680,0.048,0.997,65363.32,31.37,168.0,False
1657,14.0,12.0,7.0,0,100000,2.98,763,534,17,49,251,463,0.049,0.763,50022.28,24.51,168.0,False
1658,14.0,12.0,8.0,0,100000,2.98,534,423,13,48,181,305,0.048,0.534,35009.04,16.8,168.0,False
1659,14.0,12.0,9.0,0,100000,2.98,419,346,12,52,156,211,0.052,0.419,27469.64,14.28,168.0,False
1660,14.0,13.0,10.0,0,100000,2.98,327,272,3,40,128,159,0.04,0.327,21438.12,8.58,182.0,False
1661,14.0,13.0,11.0,0,100000,2.98,232,241,5,28,79,125,0.028,0.232,15209.92,4.26,182.0,False
1662,14.0,13.0,12.0,0,100000,2.98,199,173,11,34,59,106,0.034,0.199,13046.44,4.44,182.0,False
1663,14.0,13.0,13.0,0,100000,2.98,154,155,5,19,57,78,0.019,0.154,10096.24,1.92,182.0,False
1664,14.0,13.0,14.0,0,100000,2.98,119,149,1,26,40,53,0.026,0.119,7801.64,2.03,182.0,False
1665,14.0,13.0,15.0,0,100000,2.98,101,112,1,16,48,37,0.016,0.101,6621.56,1.06,182.0,False
1666,14.0,13.0,16.0,0,100000,2.98,82,111,3,17,40,25,0.017,0.082,5375.92,0.91,182.0,False
1667,14.0,13.0,17.0,0,100000,2.98,61,99,4,17,18,26,0.017,0.061,3999.16,0.68,182.0,False
1668,14.0,13.0,18.0,0,100000,2.98,53,81,1,15,16,22,0.015,0.053,3474.68,0.52,182.0,False
1669,14.0,13.0,19.0,0,100000,2.98,34,70,0,8,15,11,0.008,0.034,2229.04,0.18,182.0,False
1670,14.0,13.0,1.0,0,100000,2.98,17379,10646,308,0,884,16495,0.0,17.379,1139367.24,0.0,182.0,False
1671,14.0,13.0,20.0,0,100000,2.98,31,66,1,7,13,11,0.007,0.031,2032.36,0.14,182.0,False
1672,14.0,13.0,2.0,0,100000,2.98,7252,4569,128,7,751,6494,0.007,7.252,475441.12,33.28,182.0,False
1673,14.0,13.0,3.0,0,100000,2.98,3862,2360,84,30,591,3241,0.03,3.862,253192.72,75.96,182.0,False
1674,14.0,13.0,4.0,0,100000,2.98,2222,1411,39,23,460,1739,0.023,2.222,145674.32,33.51,182.0,False
1675,14.0,13.0,5.0,0,100000,2.98,1474,982,28,48,320,1106,0.048,1.474,96635.44,46.39,182.0,False
1676,14.0,13.0,6.0,0,100000,2.98,1041,699,25,54,299,688,0.054,1.041,68247.96,36.85,182.0,False
1677,14.0,13.0,7.0,0,100000,2.98,758,504,17,46,232,480,0.046,0.758,49694.48,22.86,182.0,False
1678,14.0,13.0,8.0,0,100000,2.98,559,389,12,37,178,344,0.037,0.559,36648.04,13.56,182.0,False
1679,14.0,13.0,9.0,0,100000,2.98,397,329,8,32,155,210,0.032,0.397,26027.32,8.33,182.0,False
1680,14.0,14.0,10.0,0,100000,2.98,344,287,4,51,133,160,0.051,0.344,22552.64,11.5,196.0,True
1681,14.0,14.0,11.0,0,100000,2.98,255,226,9,30,102,123,0.03,0.255,16717.8,5.02,196.0,True
1682,14.0,14.0,12.0,0,100000,2.98,196,181,5,27,78,91,0.027,0.196,12849.76,3.47,196.0,True
1683,14.0,14.0,13.0,0,100000,2.98,186,174,7,28,76,82,0.028,0.186,12194.16,3.41,196.0,True
1684,14.0,14.0,14.0,0,100000,2.98,119,148,3,17,54,48,0.017,0.119,7801.64,1.33,196.0,True
1685,14.0,14.0,15.0,0,100000,2.98,107,121,7,21,51,35,0.021,0.107,7014.92,1.47,196.0,True
1686,14.0,14.0,16.0,0,100000,2.98,70,102,2,13,29,28,0.013,0.07,4589.2,0.6,196.0,True
1687,14.0,14.0,17.0,0,100000,2.98,75,93,6,16,28,31,0.016,0.075,4917.0,0.79,196.0,True
1688,14.0,14.0,18.0,0,100000,2.98,36,96,1,8,14,14,0.008,0.036,2360.16,0.19,196.0,True
1689,14.0,14.0,19.0,0,100000,2.98,40,72,1,9,18,13,0.009,0.04,2622.4,0.24,196.0,True
1690,14.0,14.0,1.0,0,100000,2.98,17478,10803,314,1,907,16570,0.001,17.478,1145857.68,11.46,196.0,True
1691,14.0,14.0,20.0,0,100000,2.98,28,70,3,5,13,10,0.005,0.028,1835.68,0.09,196.0,True
1692,14.0,14.0,2.0,0,100000,2.98,7183,4547,149,5,703,6475,0.005,7.183,470917.48,23.55,196.0,True
1693,14.0,14.0,3.0,0,100000,2.98,3817,2478,71,16,583,3218,0.016,3.817,250242.52,40.04,196.0,True
1694,14.0,14.0,4.0,0,100000,2.98,2243,1398,43,30,447,1766,0.03,2.243,147051.08,44.12,196.0,True
1695,14.0,14.0,5.0,0,100000,2.98,1517,980,21,31,389,1097,0.031,1.517,99454.52,30.83,196.0,True
1696,14.0,14.0,6.0,0,100000,2.98,1032,699,12,45,319,668,0.045,1.032,67657.92,30.45,196.0,True
1697,14.0,14.0,7.0,0,100000,2.98,774,524,16,38,262,474,0.038,0.774,50743.44,19.28,196.0,True
1698,14.0,14.0,8.0,0,100000,2.98,545,396,5,49,180,316,0.049,0.545,35730.2,17.51,196.0,True
1699,14.0,14.0,9.0,0,100000,2.98,413,318,7,39,146,228,0.039,0.413,27076.28,10.56,196.0,True
1700,14.0,15.0,10.0,0,100000,2.98,343,251,5,34,131,178,0.034,0.343,22487.08,7.65,210.0,False
1701,14.0,15.0,11.0,0,100000,2.98,264,230,4,40,89,135,0.04,0.264,17307.84,6.92,210.0,False
1702,14.0,15.0,12.0,0,100000,2.98,189,178,3,29,77,83,0.029,0.189,12390.84,3.59,210.0,False
1703,14.0,15.0,13.0,0,100000,2.98,146,178,5,32,57,57,0.032,0.146,9571.76,3.06,210.0,False
1704,14.0,15.0,14.0,0,100000,2.98,119,152,6,23,39,57,0.023,0.119,7801.64,1.79,210.0,False
1705,14.0,15.0,15.0,0,100000,2.98,101,110,3,20,45,36,0.02,0.101,6621.56,1.32,210.0,False
1706,14.0,15.0,16.0,0,100000,2.98,76,119,2,18,38,20,0.018,0.076,4982.56,0.9,210.0,False
1707,14.0,15.0,17.0,0,100000,2.98,59,95,4,14,19,26,0.014,0.059,3868.04,0.54,210.0,False
1708,14.0,15.0,18.0,0,100000,2.98,56,82,0,9,23,24,0.009,0.056,3671.36,0.33,210.0,False
1709,14.0,15.0,19.0,0,100000,2.98,55,68,2,20,18,17,0.02,0.055,3605.8,0.72,210.0,False
1710,14.0,15.0,1.0,0,100000,2.98,17632,10681,318,0,897,16735,0.0,17.632,1155953.92,0.0,210.0,False
1711,14.0,15.0,20.0,0,100000,2.98,42,70,2,15,17,10,0.015,0.042,2753.52,0.41,210.0,False
1712,14.0,15.0,2.0,0,100000,2.98,7389,4418,146,10,767,6612,0.01,7.389,484422.84,48.44,210.0,False
1713,14.0,15.0,3.0,0,100000,2.98,3680,2362,79,17,544,3119,0.017,3.68,241260.8,41.01,210.0,False
1714,14.0,15.0,4.0,0,100000,2.98,2173,1403,47,31,482,1660,0.031,2.173,142461.88,44.16,210.0,False
1715,14.0,15.0,5.0,0,100000,2.98,1392,951,20,42,359,991,0.042,1.392,91259.52,38.33,210.0,False
1716,14.0,15.0,6.0,0,100000,2.98,1009,763,19,60,274,675,0.06,1.009,66150.04,39.69,210.0,False
1717,14.0,15.0,7.0,0,100000,2.98,733,509,14,43,261,429,0.043,0.733,48055.48,20.66,210.0,False
1718,14.0,15.0,8.0,0,100000,2.98,552,417,9,41,203,308,0.041,0.552,36189.12,14.84,210.0,False
1719,14.0,15.0,9.0,0,100000,2.98,425,310,7,49,146,230,0.049,0.425,27863.0,13.65,210.0,False
1720,14.0,16.0,10.0,0,100000,2.98,326,253,5,45,108,173,0.045,0.326,21372.56,9.62,224.0,False
1721,14.0,16.0,11.0,0,100000,2.98,274,251,4,36,99,139,0.036,0.274,17963.44,6.47,224.0,False
1722,14.0,16.0,12.0,0,100000,2.98,209,196,2,33,74,102,0.033,0.209,13702.04,4.52,224.0,False
1723,14.0,16.0,13.0,0,100000,2.98,169,171,2,28,68,73,0.028,0.169,11079.64,3.1,224.0,False
1724,14.0,16.0,14.0,0,100000,2.98,141,135,3,31,50,60,0.031,0.141,9243.96,2.87,224.0,False
1725,14.0,16.0,15.0,0,100000,2.98,121,128,0,32,47,42,0.032,0.121,7932.76,2.54,224.0,False
1726,14.0,16.0,16.0,0,100000,2.98,82,134,2,22,34,26,0.022,0.082,5375.92,1.18,224.0,False
1727,14.0,16.0,17.0,0,100000,2.98,65,97,2,17,25,23,0.017,0.065,4261.4,0.72,224.0,False
1728,14.0,16.0,18.0,0,100000,2.98,58,92,1,12,25,21,0.012,0.058,3802.48,0.46,224.0,False
1729,14.0,16.0,19.0,0,100000,2.98,32,73,1,7,8,17,0.007,0.032,2097.92,0.15,224.0,False
1730,14.0,16.0,1.0,0,100000,2.98,17378,10654,333,1,877,16500,0.001,17.378,1139301.68,11.39,224.0,False
1731,14.0,16.0,20.0,0,100000,2.98,23,66,2,5,10,8,0.005,0.023,1507.88,0.08,224.0,False
1732,14.0,16.0,2.0,0,100000,2.98,7283,4546,175,6,725,6552,0.006,7.283,477473.48,28.65,224.0,False
1733,14.0,16.0,3.0,0,100000,2.98,3774,2323,66,19,582,3173,0.019,3.774,247423.44,47.01,224.0,False
1734,14.0,16.0,4.0,0,100000,2.98,2214,1456,41,42,440,1732,0.042,2.214,145149.84,60.96,224.0,False
1735,14.0,16.0,5.0,0,100000,2.98,1509,983,30,31,402,1076,0.031,1.509,98930.04,30.67,224.0,False
1736,14.0,16.0,6.0,0,100000,2.98,989,711,13,53,268,668,0.053,0.989,64838.84,34.36,224.0,False
1737,14.0,16.0,7.0,0,100000,2.98,771,542,9,54,240,477,0.054,0.771,50546.76,27.3,224.0,False
1738,14.0,16.0,8.0,0,100000,2.98,596,407,14,51,215,330,0.051,0.596,39073.76,19.93,224.0,False
1739,14.0,16.0,9.0,0,100000,2.98,435,332,17,47,163,225,0.047,0.435,28518.6,13.4,224.0,False
1740,14.0,17.0,10.0,0,100000,2.98,347,247,5,34,135,178,0.034,0.347,22749.32,7.73,238.0,False
1741,14.0,17.0,11.0,0,100000,2.98,257,219,4,44,94,119,0.044,0.257,16848.92,7.41,238.0,False
1742,14.0,17.0,12.0,0,100000,2.98,229,190,4,40,92,97,0.04,0.229,15013.24,6.01,238.0,False
1743,14.0,17.0,13.0,0,100000,2.98,150,171,5,21,74,55,0.021,0.15,9834.0,2.07,238.0,False
1744,14.0,17.0,14.0,0,100000,2.98,125,140,0,30,52,43,0.03,0.125,8195.0,2.46,238.0,False
1745,14.0,17.0,15.0,0,100000,2.98,90,145,4,22,41,27,0.022,0.09,5900.4,1.3,238.0,False
1746,14.0,17.0,16.0,0,100000,2.98,85,106,4,17,33,35,0.017,0.085,5572.6,0.95,238.0,False
1747,14.0,17.0,17.0,0,100000,2.98,62,98,1,10,32,20,0.01,0.062,4064.72,0.41,238.0,False
1748,14.0,17.0,18.0,0,100000,2.98,57,94,3,15,18,24,0.015,0.057,3736.92,0.56,238.0,False
1749,14.0,17.0,19.0,0,100000,2.98,36,86,2,11,15,10,0.011,0.036,2360.16,0.26,238.0,False
1750,14.0,17.0,1.0,0,100000,2.98,17649,10658,340,2,898,16749,0.002,17.649,1157068.44,23.14,238.0,False
1751,14.0,17.0,20.0,0,100000,2.98,32,70,3,6,13,13,0.006,0.032,2097.92,0.13,238.0,False
1752,14.0,17.0,2.0,0,100000,2.98,7331,4519,163,6,741,6584,0.006,7.331,480620.36,28.84,238.0,False
1753,14.0,17.0,3.0,0,100000,2.98,3741,2459,80,17,548,3176,0.017,3.741,245259.96,41.69,238.0,False
1754,14.0,17.0,4.0,0,100000,2.98,2263,1403,36,33,456,1774,0.033,2.263,148362.28,48.96,238.0,False
1755,14.0,17.0,5.0,0,100000,2.98,1430,971,23,41,379,1010,0.041,1.43,93750.8,38.44,238.0,False
1756,14.0,17.0,6.0,0,100000,2.98,1049,660,20,54,275,720,0.054,1.049,68772.44,37.14,238.0,False
1757,14.0,17.0,7.0,0,100000,2.98,724,486,17,52,209,463,0.052,0.724,47465.44,24.68,238.0,False
1758,14.0,17.0,8.0,0,100000,2.98,576,389,9,52,193,331,0.052,0.576,37762.56,19.64,238.0,False
1759,14.0,17.0,9.0,0,100000,2.98,433,338,17,42,163,228,0.042,0.433,28387.48,11.92,238.0,False
1760,14.0,18.0,10.0,0,100000,2.98,363,274,5,48,119,196,0.048,0.363,23798.28,11.42,252.0,False
1761,14.0,18.0,11.0,0,100000,2.98,263,230,4,40,106,117,0.04,0.263,17242.28,6.9,252.0,False
1762,14.0,18.0,12.0,0,100000,2.98,217,193,6,34,72,111,0.034,0.217,14226.52,4.84,252.0,False
1763,14.0,18.0,13.0,0,100000,2.98,178,156,5,39,70,69,0.039,0.178,11669.68,4.55,252.0,False
1764,14.0,18.0,14.0,0,100000,2.98,145,136,2,31,66,48,0.031,0.145,9506.2,2.95,252.0,False
1765,14.0,18.0,15.0,0,100000,2.98,117,111,2,31,42,44,0.031,0.117,7670.52,2.38,252.0,False
1766,14.0,18.0,16.0,0,100000,2.98,84,110,3,19,30,35,0.019,0.084,5507.04,1.05,252.0,False
1767,14.0,18.0,17.0,0,100000,2.98,72,90,1,15,22,35,0.015,0.072,4720.32,0.71,252.0,False
1768,14.0,18.0,18.0,0,100000,2.98,62,94,4,14,20,28,0.014,0.062,4064.72,0.57,252.0,False
1769,14.0,18.0,19.0,0,100000,2.98,35,83,2,8,13,14,0.008,0.035,2294.6,0.18,252.0,False
1770,14.0,18.0,1.0,0,100000,2.98,17472,10629,319,1,916,16555,0.001,17.472,1145464.32,11.45,252.0,False
1771,14.0,18.0,20.0,0,100000,2.98,32,68,1,12,7,13,0.012,0.032,2097.92,0.25,252.0,False
1772,14.0,18.0,2.0,0,100000,2.98,7313,4524,158,10,708,6595,0.01,7.313,479440.28,47.94,252.0,False
1773,14.0,18.0,3.0,0,100000,2.98,3699,2365,68,13,573,3113,0.013,3.699,242506.44,31.53,252.0,False
1774,14.0,18.0,4.0,0,100000,2.98,2237,1503,45,38,437,1762,0.038,2.237,146657.72,55.73,252.0,False
1775,14.0,18.0,5.0,0,100000,2.98,1454,973,23,31,376,1047,0.031,1.454,95324.24,29.55,252.0,False
1776,14.0,18.0,6.0,0,100000,2.98,1000,707,22,52,298,650,0.052,1.0,65560.0,34.09,252.0,False
1777,14.0,18.0,7.0,0,100000,2.98,726,551,13,54,225,447,0.054,0.726,47596.56,25.7,252.0,False
1778,14.0,18.0,8.0,0,100000,2.98,575,394,14,51,207,317,0.051,0.575,37697.0,19.23,252.0,False
1779,14.0,18.0,9.0,0,100000,2.98,396,324,10,34,139,223,0.034,0.396,25961.76,8.83,252.0,False
1780,14.0,19.0,10.0,0,100000,2.98,334,285,5,55,116,163,0.055,0.334,21897.04,12.04,266.0,False
1781,14.0,19.0,11.0,0,100000,2.98,278,220,7,40,83,155,0.04,0.278,18225.68,7.29,266.0,False
1782,14.0,19.0,12.0,0,100000,2.98,223,188,1,35,98,90,0.035,0.223,14619.88,5.12,266.0,False
1783,14.0,19.0,13.0,0,100000,2.98,135,159,1,25,53,57,0.025,0.135,8850.6,2.21,266.0,False
1784,14.0,19.0,14.0,0,100000,2.98,131,140,3,25,58,48,0.025,0.131,8588.36,2.15,266.0,False
1785,14.0,19.0,15.0,0,100000,2.98,99,116,4,27,40,32,0.027,0.099,6490.44,1.75,266.0,False
1786,14.0,19.0,16.0,0,100000,2.98,69,116,1,15,26,28,0.015,0.069,4523.64,0.68,266.0,False
1787,14.0,19.0,17.0,0,100000,2.98,61,103,1,15,28,18,0.015,0.061,3999.16,0.6,266.0,False
1788,14.0,19.0,18.0,0,100000,2.98,49,90,3,12,18,19,0.012,0.049,3212.44,0.39,266.0,False
1789,14.0,19.0,19.0,0,100000,2.98,60,74,0,11,26,23,0.011,0.06,3933.6,0.43,266.0,False
1790,14.0,19.0,1.0,0,100000,2.98,17520,10857,303,0,863,16657,0.0,17.52,1148611.2,0.0,266.0,False
1791,14.0,19.0,20.0,0,100000,2.98,45,79,4,9,25,11,0.009,0.045,2950.2,0.27,266.0,False
1792,14.0,19.0,2.0,0,100000,2.98,7329,4536,168,5,750,6574,0.005,7.329,480489.24,24.02,266.0,False
1793,14.0,19.0,3.0,0,100000,2.98,3718,2388,76,11,536,3171,0.011,3.718,243752.08,26.81,266.0,False
1794,14.0,19.0,4.0,0,100000,2.98,2243,1326,39,37,431,1775,0.037,2.243,147051.08,54.41,266.0,False
1795,14.0,19.0,5.0,0,100000,2.98,1409,984,35,43,341,1025,0.043,1.409,92374.04,39.72,266.0,False
1796,14.0,19.0,6.0,0,100000,2.98,999,670,21,46,275,678,0.046,0.999,65494.44,30.13,266.0,False
1797,14.0,19.0,7.0,0,100000,2.98,774,540,11,65,224,485,0.065,0.774,50743.44,32.98,266.0,False
1798,14.0,19.0,8.0,0,100000,2.98,549,399,14,39,189,321,0.039,0.549,35992.44,14.04,266.0,False
1799,14.0,19.0,9.0,0,100000,2.98,478,323,4,48,152,278,0.048,0.478,31337.68,15.04,266.0,False
1800,14.0,1.0,10.0,0,100000,2.98,137,221,3,0,3,134,0.0,0.137,8981.72,0.0,14.0,False
1801,14.0,1.0,11.0,0,100000,2.98,86,183,4,0,1,85,0.0,0.086,5638.16,0.0,14.0,False
1802,14.0,1.0,12.0,0,100000,2.98,73,129,0,0,2,71,0.0,0.073,4785.88,0.0,14.0,False
1803,14.0,1.0,13.0,0,100000,2.98,49,123,2,0,0,49,0.0,0.049,3212.44,0.0,14.0,False
1804,14.0,1.0,14.0,0,100000,2.98,40,101,2,0,1,39,0.0,0.04,2622.4,0.0,14.0,False
1805,14.0,1.0,15.0,0,100000,2.98,28,77,0,0,0,28,0.0,0.028,1835.68,0.0,14.0,False
1806,14.0,1.0,16.0,0,100000,2.98,27,64,1,0,1,26,0.0,0.027,1770.12,0.0,14.0,False
1807,14.0,1.0,17.0,0,100000,2.98,17,56,0,0,0,17,0.0,0.017,1114.52,0.0,14.0,False
1808,14.0,1.0,18.0,0,100000,2.98,14,63,2,0,0,14,0.0,0.014,917.84,0.0,14.0,False
1809,14.0,1.0,19.0,0,100000,2.98,13,47,1,0,1,12,0.0,0.013,852.28,0.0,14.0,False
1810,14.0,1.0,1.0,0,100000,2.98,16789,10603,284,0,625,16164,0.0,16.789,1100686.84,0.0,14.0,False
1811,14.0,1.0,20.0,0,100000,2.98,7,52,1,0,0,7,0.0,0.007,458.92,0.0,14.0,False
1812,14.0,1.0,2.0,0,100000,2.98,6835,4431,104,0,338,6497,0.0,6.835,448102.6,0.0,14.0,False
1813,14.0,1.0,3.0,0,100000,2.98,3233,2298,59,0,191,3042,0.0,3.233,211955.48,0.0,14.0,False
1814,14.0,1.0,4.0,0,100000,2.98,1657,1379,35,0,84,1573,0.0,1.657,108632.92,0.0,14.0,False
1815,14.0,1.0,5.0,0,100000,2.98,987,917,22,0,37,950,0.0,0.987,64707.72,0.0,14.0,False
1816,14.0,1.0,6.0,0,100000,2.98,613,645,16,0,25,588,0.0,0.613,40188.28,0.0,14.0,False
1817,14.0,1.0,7.0,0,100000,2.98,371,457,11,0,17,354,0.0,0.371,24322.76,0.0,14.0,False
1818,14.0,1.0,8.0,0,100000,2.98,251,369,3,0,9,242,0.0,0.251,16455.56,0.0,14.0,False
1819,14.0,1.0,9.0,0,100000,2.98,212,277,5,0,11,201,0.0,0.212,13898.72,0.0,14.0,False
1820,14.0,20.0,10.0,0,100000,2.98,320,267,13,36,140,144,0.036,0.32,20979.2,7.55,280.0,False
1821,14.0,20.0,11.0,0,100000,2.98,277,225,10,45,98,134,0.045,0.277,18160.12,8.17,280.0,False
1822,14.0,20.0,12.0,0,100000,2.98,201,210,4,35,83,83,0.035,0.201,13177.56,4.61,280.0,False
1823,14.0,20.0,13.0,0,100000,2.98,166,155,5,37,62,67,0.037,0.166,10882.96,4.03,280.0,False
1824,14.0,20.0,14.0,0,100000,2.98,137,148,3,26,62,49,0.026,0.137,8981.72,2.34,280.0,False
1825,14.0,20.0,15.0,0,100000,2.98,110,130,7,28,42,40,0.028,0.11,7211.6,2.02,280.0,False
1826,14.0,20.0,16.0,0,100000,2.98,80,103,0,21,32,27,0.021,0.08,5244.8,1.1,280.0,False
1827,14.0,20.0,17.0,0,100000,2.98,80,103,3,19,32,29,0.019,0.08,5244.8,1.0,280.0,False
1828,14.0,20.0,18.0,0,100000,2.98,64,86,0,22,24,18,0.022,0.064,4195.84,0.92,280.0,False
1829,14.0,20.0,19.0,0,100000,2.98,39,98,1,8,20,11,0.008,0.039,2556.84,0.2,280.0,False
1830,14.0,20.0,1.0,0,100000,2.98,17231,10674,304,0,830,16401,0.0,17.231,1129664.36,0.0,280.0,False
1831,14.0,20.0,20.0,0,100000,2.98,38,67,2,8,15,15,0.008,0.038,2491.28,0.2,280.0,False
1832,14.0,20.0,2.0,0,100000,2.98,7254,4459,142,8,703,6543,0.008,7.254,475572.24,38.05,280.0,False
1833,14.0,20.0,3.0,0,100000,2.98,3796,2317,50,14,547,3235,0.014,3.796,248865.76,34.84,280.0,False
1834,14.0,20.0,4.0,0,100000,2.98,2275,1445,36,29,448,1798,0.029,2.275,149149.0,43.25,280.0,False
1835,14.0,20.0,5.0,0,100000,2.98,1453,949,27,44,352,1057,0.044,1.453,95258.68,41.91,280.0,False
1836,14.0,20.0,6.0,0,100000,2.98,1010,685,21,36,284,690,0.036,1.01,66215.6,23.84,280.0,False
1837,14.0,20.0,7.0,0,100000,2.98,806,524,14,48,274,484,0.048,0.806,52841.36,25.36,280.0,False
1838,14.0,20.0,8.0,0,100000,2.98,582,390,15,51,216,315,0.051,0.582,38155.92,19.46,280.0,False
1839,14.0,20.0,9.0,0,100000,2.98,405,340,5,57,137,211,0.057,0.405,26551.8,15.13,280.0,False
1840,14.0,2.0,10.0,0,100000,2.98,137,216,5,0,12,125,0.0,0.137,8981.72,0.0,28.0,False
1841,14.0,2.0,11.0,0,100000,2.98,93,168,4,0,9,84,0.0,0.093,6097.08,0.0,28.0,False
1842,14.0,2.0,12.0,0,100000,2.98,54,146,3,0,2,52,0.0,0.054,3540.24,0.0,28.0,False
1843,14.0,2.0,13.0,0,100000,2.98,43,121,5,0,6,37,0.0,0.043,2819.08,0.0,28.0,False
1844,14.0,2.0,14.0,0,100000,2.98,33,95,5,0,2,31,0.0,0.033,2163.48,0.0,28.0,False
1845,14.0,2.0,15.0,0,100000,2.98,29,96,0,0,3,26,0.0,0.029,1901.24,0.0,28.0,False
1846,14.0,2.0,16.0,0,100000,2.98,11,58,1,0,1,10,0.0,0.011,721.16,0.0,28.0,False
1847,14.0,2.0,17.0,0,100000,2.98,12,58,2,0,2,10,0.0,0.012,786.72,0.0,28.0,False
1848,14.0,2.0,18.0,0,100000,2.98,7,53,2,0,0,7,0.0,0.007,458.92,0.0,28.0,False
1849,14.0,2.0,19.0,0,100000,2.98,6,59,2,0,0,6,0.0,0.006,393.36,0.0,28.0,False
1850,14.0,2.0,1.0,0,100000,2.98,17281,10595,324,0,818,16463,0.0,17.281,1132942.36,0.0,28.0,False
1851,14.0,2.0,20.0,0,100000,2.98,7,47,2,0,0,7,0.0,0.007,458.92,0.0,28.0,False
1852,14.0,2.0,2.0,0,100000,2.98,7113,4552,122,1,527,6585,0.001,7.113,466328.28,4.66,28.0,False
1853,14.0,2.0,3.0,0,100000,2.98,3186,2354,85,0,294,2892,0.0,3.186,208874.16,0.0,28.0,False
1854,14.0,2.0,4.0,0,100000,2.98,1796,1425,37,2,182,1612,0.002,1.796,117745.76,2.35,28.0,False
1855,14.0,2.0,5.0,0,100000,2.98,1112,876,35,1,98,1013,0.001,1.112,72902.72,0.73,28.0,False
1856,14.0,2.0,6.0,0,100000,2.98,646,619,10,0,75,571,0.0,0.646,42351.76,0.0,28.0,False
1857,14.0,2.0,7.0,0,100000,2.98,388,478,14,1,46,341,0.001,0.388,25437.28,0.25,28.0,False
1858,14.0,2.0,8.0,0,100000,2.98,262,345,7,1,30,231,0.001,0.262,17176.72,0.17,28.0,False
1859,14.0,2.0,9.0,0,100000,2.98,163,311,4,1,15,147,0.001,0.163,10686.28,0.11,28.0,False
1860,14.0,3.0,10.0,0,100000,2.98,158,239,4,1,23,134,0.001,0.158,10358.48,0.1,42.0,False
1861,14.0,3.0,11.0,0,100000,2.98,118,176,5,3,20,95,0.003,0.118,7736.08,0.23,42.0,False
1862,14.0,3.0,12.0,0,100000,2.98,79,158,4,2,13,64,0.002,0.079,5179.24,0.1,42.0,False
1863,14.0,3.0,13.0,0,100000,2.98,49,137,6,1,7,41,0.001,0.049,3212.44,0.03,42.0,False
1864,14.0,3.0,14.0,0,100000,2.98,40,107,0,0,7,33,0.0,0.04,2622.4,0.0,42.0,False
1865,14.0,3.0,15.0,0,100000,2.98,18,94,3,0,1,17,0.0,0.018,1180.08,0.0,42.0,False
1866,14.0,3.0,16.0,0,100000,2.98,31,73,1,0,5,26,0.0,0.031,2032.36,0.0,42.0,False
1867,14.0,3.0,17.0,0,100000,2.98,13,63,1,0,1,12,0.0,0.013,852.28,0.0,42.0,False
1868,14.0,3.0,18.0,0,100000,2.98,8,60,2,0,1,7,0.0,0.008,524.48,0.0,42.0,False
1869,14.0,3.0,19.0,0,100000,2.98,8,53,3,0,1,7,0.0,0.008,524.48,0.0,42.0,False
1870,14.0,3.0,1.0,0,100000,2.98,17362,10584,309,0,825,16537,0.0,17.362,1138252.72,0.0,42.0,False
1871,14.0,3.0,20.0,0,100000,2.98,13,56,2,0,3,10,0.0,0.013,852.28,0.0,42.0,False
1872,14.0,3.0,2.0,0,100000,2.98,7286,4473,172,1,615,6670,0.001,7.286,477670.16,4.78,42.0,False
1873,14.0,3.0,3.0,0,100000,2.98,3585,2415,75,5,425,3155,0.005,3.585,235032.6,11.75,42.0,False
1874,14.0,3.0,4.0,0,100000,2.98,2035,1378,45,5,268,1762,0.005,2.035,133414.6,6.67,42.0,False
1875,14.0,3.0,5.0,0,100000,2.98,1172,904,27,3,189,980,0.003,1.172,76836.32,2.31,42.0,False
1876,14.0,3.0,6.0,0,100000,2.98,731,626,16,4,117,610,0.004,0.731,47924.36,1.92,42.0,False
1877,14.0,3.0,7.0,0,100000,2.98,485,458,18,4,83,398,0.004,0.485,31796.6,1.27,42.0,False
1878,14.0,3.0,8.0,0,100000,2.98,327,383,6,2,60,265,0.002,0.327,21438.12,0.43,42.0,False
1879,14.0,3.0,9.0,0,100000,2.98,228,277,8,2,34,192,0.002,0.228,14947.68,0.3,42.0,False
1880,14.0,4.0,10.0,0,100000,2.98,200,229,3,8,45,147,0.008,0.2,13112.0,1.05,56.0,False
1881,14.0,4.0,11.0,0,100000,2.98,135,204,5,2,23,110,0.002,0.135,8850.6,0.18,56.0,False
1882,14.0,4.0,12.0,0,100000,2.98,84,184,2,2,24,58,0.002,0.084,5507.04,0.11,56.0,False
1883,14.0,4.0,13.0,0,100000,2.98,70,132,2,2,10,58,0.002,0.07,4589.2,0.09,56.0,False
1884,14.0,4.0,14.0,0,100000,2.98,44,120,4,0,9,35,0.0,0.044,2884.64,0.0,56.0,False
1885,14.0,4.0,15.0,0,100000,2.98,31,89,2,0,9,22,0.0,0.031,2032.36,0.0,56.0,False
1886,14.0,4.0,16.0,0,100000,2.98,28,104,2,1,8,19,0.001,0.028,1835.68,0.02,56.0,False
1887,14.0,4.0,17.0,0,100000,2.98,25,78,3,0,3,22,0.0,0.025,1639.0,0.0,56.0,False
1888,14.0,4.0,18.0,0,100000,2.98,15,49,1,0,2,13,0.0,0.015,983.4,0.0,56.0,False
1889,14.0,4.0,19.0,0,100000,2.98,10,54,3,0,0,10,0.0,0.01,655.6,0.0,56.0,False
1890,14.0,4.0,1.0,0,100000,2.98,17376,10669,304,0,906,16470,0.0,17.376,1139170.56,0.0,56.0,False
1891,14.0,4.0,20.0,0,100000,2.98,8,50,0,0,2,6,0.0,0.008,524.48,0.0,56.0,False
1892,14.0,4.0,2.0,0,100000,2.98,7183,4586,140,5,713,6465,0.005,7.183,470917.48,23.55,56.0,False
1893,14.0,4.0,3.0,0,100000,2.98,3734,2373,68,5,517,3212,0.005,3.734,244801.04,12.24,56.0,False
1894,14.0,4.0,4.0,0,100000,2.98,2088,1422,49,10,328,1750,0.01,2.088,136889.28,13.69,56.0,False
1895,14.0,4.0,5.0,0,100000,2.98,1290,954,21,19,237,1034,0.019,1.29,84572.4,16.07,56.0,False
1896,14.0,4.0,6.0,0,100000,2.98,900,654,15,17,184,699,0.017,0.9,59004.0,10.03,56.0,False
1897,14.0,4.0,7.0,0,100000,2.98,577,484,13,7,126,444,0.007,0.577,37828.12,2.65,56.0,False
1898,14.0,4.0,8.0,0,100000,2.98,377,382,12,3,84,290,0.003,0.377,24716.12,0.74,56.0,False
1899,14.0,4.0,9.0,0,100000,2.98,271,288,9,5,44,222,0.005,0.271,17766.76,0.89,56.0,False
1900,14.0,5.0,10.0,0,100000,2.98,219,251,4,13,59,147,0.013,0.219,14357.64,1.87,70.0,False
1901,14.0,5.0,11.0,0,100000,2.98,158,216,5,11,36,111,0.011,0.158,10358.48,1.14,70.0,False
1902,14.0,5.0,12.0,0,100000,2.98,108,177,8,2,30,76,0.002,0.108,7080.48,0.14,70.0,False
1903,14.0,5.0,13.0,0,100000,2.98,77,149,1,2,16,59,0.002,0.077,5048.12,0.1,70.0,False
1904,14.0,5.0,14.0,0,100000,2.98,74,127,3,8,16,50,0.008,0.074,4851.44,0.39,70.0,False
1905,14.0,5.0,15.0,0,100000,2.98,49,107,3,2,13,34,0.002,0.049,3212.44,0.06,70.0,False
1906,14.0,5.0,16.0,0,100000,2.98,42,99,4,1,13,28,0.001,0.042,2753.52,0.03,70.0,False
1907,14.0,5.0,17.0,0,100000,2.98,21,80,2,0,5,16,0.0,0.021,1376.76,0.0,70.0,False
1908,14.0,5.0,18.0,0,100000,2.98,20,64,4,0,3,17,0.0,0.02,1311.2,0.0,70.0,False
1909,14.0,5.0,19.0,0,100000,2.98,19,64,1,3,3,13,0.003,0.019,1245.64,0.04,70.0,False
1910,14.0,5.0,1.0,0,100000,2.98,17427,10612,318,1,922,16504,0.001,17.427,1142514.12,11.43,70.0,False
1911,14.0,5.0,20.0,0,100000,2.98,9,58,2,0,3,6,0.0,0.009,590.04,0.0,70.0,False
1912,14.0,5.0,2.0,0,100000,2.98,7382,4534,151,9,726,6647,0.009,7.382,483963.92,43.56,70.0,False
1913,14.0,5.0,3.0,0,100000,2.98,3757,2367,59,5,558,3194,0.005,3.757,246308.92,12.32,70.0,False
1914,14.0,5.0,4.0,0,100000,2.98,2169,1432,30,17,404,1748,0.017,2.169,142199.64,24.17,70.0,False
1915,14.0,5.0,5.0,0,100000,2.98,1367,966,37,21,284,1062,0.021,1.367,89620.52,18.82,70.0,False
1916,14.0,5.0,6.0,0,100000,2.98,909,689,19,19,227,663,0.019,0.909,59594.04,11.32,70.0,False
1917,14.0,5.0,7.0,0,100000,2.98,570,499,13,9,133,428,0.009,0.57,37369.2,3.36,70.0,False
1918,14.0,5.0,8.0,0,100000,2.98,441,381,15,19,110,312,0.019,0.441,28911.96,5.49,70.0,False
1919,14.0,5.0,9.0,0,100000,2.98,318,303,5,11,78,229,0.011,0.318,20848.08,2.29,70.0,False
1920,14.0,6.0,10.0,0,100000,2.98,223,264,5,21,67,135,0.021,0.223,14619.88,3.07,84.0,False
1921,14.0,6.0,11.0,0,100000,2.98,182,247,7,12,55,115,0.012,0.182,11931.92,1.43,84.0,False
1922,14.0,6.0,12.0,0,100000,2.98,119,178,3,10,39,70,0.01,0.119,7801.64,0.78,84.0,False
1923,14.0,6.0,13.0,0,100000,2.98,84,119,2,9,28,47,0.009,0.084,5507.04,0.5,84.0,False
1924,14.0,6.0,14.0,0,100000,2.98,76,131,4,5,24,47,0.005,0.076,4982.56,0.25,84.0,False
1925,14.0,6.0,15.0,0,100000,2.98,40,104,1,2,13,25,0.002,0.04,2622.4,0.05,84.0,False
1926,14.0,6.0,16.0,0,100000,2.98,33,105,0,3,10,20,0.003,0.033,2163.48,0.06,84.0,False
1927,14.0,6.0,17.0,0,100000,2.98,32,81,2,0,14,18,0.0,0.032,2097.92,0.0,84.0,False
1928,14.0,6.0,18.0,0,100000,2.98,24,58,1,2,9,13,0.002,0.024,1573.44,0.03,84.0,False
1929,14.0,6.0,19.0,0,100000,2.98,16,56,3,0,6,10,0.0,0.016,1048.96,0.0,84.0,False
1930,14.0,6.0,1.0,0,100000,2.98,17370,10600,298,1,929,16440,0.001,17.37,1138777.2,11.39,84.0,False
1931,14.0,6.0,20.0,0,100000,2.98,12,52,4,1,4,7,0.001,0.012,786.72,0.01,84.0,False
1932,14.0,6.0,2.0,0,100000,2.98,7172,4490,133,9,699,6464,0.009,7.172,470196.32,42.32,84.0,False
1933,14.0,6.0,3.0,0,100000,2.98,3648,2313,69,11,530,3107,0.011,3.648,239162.88,26.31,84.0,False
1934,14.0,6.0,4.0,0,100000,2.98,2269,1438,44,24,447,1798,0.024,2.269,148755.64,35.7,84.0,False
1935,14.0,6.0,5.0,0,100000,2.98,1441,944,29,21,337,1083,0.021,1.441,94471.96,19.84,84.0,False
1936,14.0,6.0,6.0,0,100000,2.98,917,667,12,24,249,644,0.024,0.917,60118.52,14.43,84.0,False
1937,14.0,6.0,7.0,0,100000,2.98,660,483,16,33,180,447,0.033,0.66,43269.6,14.28,84.0,False
1938,14.0,6.0,8.0,0,100000,2.98,477,383,5,22,141,314,0.022,0.477,31272.12,6.88,84.0,False
1939,14.0,6.0,9.0,0,100000,2.98,331,284,12,11,98,222,0.011,0.331,21700.36,2.39,84.0,False
1940,14.0,7.0,10.0,0,100000,2.98,258,243,3,15,90,153,0.015,0.258,16914.48,2.54,98.0,False
1941,14.0,7.0,11.0,0,100000,2.98,203,194,4,22,67,114,0.022,0.203,13308.68,2.93,98.0,False
1942,14.0,7.0,12.0,0,100000,2.98,149,166,1,17,46,86,0.017,0.149,9768.44,1.66,98.0,False
1943,14.0,7.0,13.0,0,100000,2.98,106,133,6,16,28,62,0.016,0.106,6949.36,1.11,98.0,False
1944,14.0,7.0,14.0,0,100000,2.98,79,129,4,9,23,47,0.009,0.079,5179.24,0.47,98.0,False
1945,14.0,7.0,15.0,0,100000,2.98,53,111,4,8,16,29,0.008,0.053,3474.68,0.28,98.0,False
1946,14.0,7.0,16.0,0,100000,2.98,49,100,7,7,15,27,0.007,0.049,3212.44,0.22,98.0,False
1947,14.0,7.0,17.0,0,100000,2.98,40,71,1,5,11,24,0.005,0.04,2622.4,0.13,98.0,False
1948,14.0,7.0,18.0,0,100000,2.98,31,62,0,4,8,19,0.004,0.031,2032.36,0.08,98.0,False
1949,14.0,7.0,19.0,0,100000,2.98,27,48,1,5,12,10,0.005,0.027,1770.12,0.09,98.0,False
1950,14.0,7.0,1.0,0,100000,2.98,17588,10721,312,0,868,16720,0.0,17.588,1153069.28,0.0,98.0,False
1951,14.0,7.0,20.0,0,100000,2.98,22,67,0,1,9,12,0.001,0.022,1442.32,0.01,98.0,False
1952,14.0,7.0,2.0,0,100000,2.98,7255,4489,137,2,723,6530,0.002,7.255,475637.8,9.51,98.0,False
1953,14.0,7.0,3.0,0,100000,2.98,3814,2394,69,13,522,3279,0.013,3.814,250045.84,32.51,98.0,False
1954,14.0,7.0,4.0,0,100000,2.98,2169,1449,45,13,428,1728,0.013,2.169,142199.64,18.49,98.0,False
1955,14.0,7.0,5.0,0,100000,2.98,1441,945,31,38,341,1062,0.038,1.441,94471.96,35.9,98.0,False
1956,14.0,7.0,6.0,0,100000,2.98,939,694,12,37,238,664,0.037,0.939,61560.84,22.78,98.0,False
1957,14.0,7.0,7.0,0,100000,2.98,658,520,17,25,196,437,0.025,0.658,43138.48,10.78,98.0,False
1958,14.0,7.0,8.0,0,100000,2.98,502,393,9,29,130,343,0.029,0.502,32911.12,9.54,98.0,False
1959,14.0,7.0,9.0,0,100000,2.98,374,322,5,21,134,219,0.021,0.374,24519.44,5.15,98.0,False
1960,14.0,8.0,10.0,0,100000,2.98,268,259,10,19,100,149,0.019,0.268,17570.08,3.34,112.0,False
1961,14.0,8.0,11.0,0,100000,2.98,212,204,2,18,77,117,0.018,0.212,13898.72,2.5,112.0,False
1962,14.0,8.0,12.0,0,100000,2.98,161,195,10,14,63,84,0.014,0.161,10555.16,1.48,112.0,False
1963,14.0,8.0,13.0,0,100000,2.98,102,157,4,10,29,63,0.01,0.102,6687.12,0.67,112.0,False
1964,14.0,8.0,14.0,0,100000,2.98,92,148,1,11,35,46,0.011,0.092,6031.52,0.66,112.0,False
1965,14.0,8.0,15.0,0,100000,2.98,53,103,2,7,18,28,0.007,0.053,3474.68,0.24,112.0,False
1966,14.0,8.0,16.0,0,100000,2.98,59,103,1,15,25,19,0.015,0.059,3868.04,0.58,112.0,False
1967,14.0,8.0,17.0,0,100000,2.98,49,87,2,3,22,24,0.003,0.049,3212.44,0.1,112.0,False
1968,14.0,8.0,18.0,0,100000,2.98,40,68,0,7,10,23,0.007,0.04,2622.4,0.18,112.0,False
1969,14.0,8.0,19.0,0,100000,2.98,35,70,0,4,8,23,0.004,0.035,2294.6,0.09,112.0,False
1970,14.0,8.0,1.0,0,100000,2.98,17569,10594,269,0,848,16721,0.0,17.569,1151823.64,0.0,112.0,False
1971,14.0,8.0,20.0,0,100000,2.98,14,51,0,4,4,6,0.004,0.014,917.84,0.04,112.0,False
1972,14.0,8.0,2.0,0,100000,2.98,7282,4576,174,8,772,6502,0.008,7.282,477407.92,38.19,112.0,False
1973,14.0,8.0,3.0,0,100000,2.98,3679,2352,72,12,519,3148,0.012,3.679,241195.24,28.94,112.0,False
1974,14.0,8.0,4.0,0,100000,2.98,2226,1427,49,28,408,1790,0.028,2.226,145936.56,40.86,112.0,False
1975,14.0,8.0,5.0,0,100000,2.98,1369,946,23,36,315,1018,0.036,1.369,89751.64,32.31,112.0,False
1976,14.0,8.0,6.0,0,100000,2.98,991,670,14,53,277,661,0.053,0.991,64969.96,34.43,112.0,False
1977,14.0,8.0,7.0,0,100000,2.98,656,551,11,37,196,423,0.037,0.656,43007.36,15.91,112.0,False
1978,14.0,8.0,8.0,0,100000,2.98,511,394,14,37,148,326,0.037,0.511,33501.16,12.4,112.0,False
1979,14.0,8.0,9.0,0,100000,2.98,424,328,7,31,142,251,0.031,0.424,27797.44,8.62,112.0,False
1980,14.0,9.0,10.0,0,100000,2.98,325,258,9,25,123,177,0.025,0.325,21307.0,5.33,126.0,False
1981,14.0,9.0,11.0,0,100000,2.98,218,238,5,29,69,120,0.029,0.218,14292.08,4.14,126.0,False
1982,14.0,9.0,12.0,0,100000,2.98,148,181,2,24,37,87,0.024,0.148,9702.88,2.33,126.0,False
1983,14.0,9.0,13.0,0,100000,2.98,139,163,4,17,55,67,0.017,0.139,9112.84,1.55,126.0,False
1984,14.0,9.0,14.0,0,100000,2.98,114,136,6,12,45,57,0.012,0.114,7473.84,0.9,126.0,False
1985,14.0,9.0,15.0,0,100000,2.98,73,113,2,7,25,41,0.007,0.073,4785.88,0.34,126.0,False
1986,14.0,9.0,16.0,0,100000,2.98,60,95,3,6,22,32,0.006,0.06,3933.6,0.24,126.0,False
1987,14.0,9.0,17.0,0,100000,2.98,46,87,2,8,13,25,0.008,0.046,3015.76,0.24,126.0,False
1988,14.0,9.0,18.0,0,100000,2.98,37,81,1,8,12,17,0.008,0.037,2425.72,0.19,126.0,False
1989,14.0,9.0,19.0,0,100000,2.98,31,53,0,6,10,15,0.006,0.031,2032.36,0.12,126.0,False
1990,14.0,9.0,1.0,0,100000,2.98,17369,10596,301,0,836,16533,0.0,17.369,1138711.64,0.0,126.0,False
1991,14.0,9.0,20.0,0,100000,2.98,24,58,0,4,8,12,0.004,0.024,1573.44,0.06,126.0,False
1992,14.0,9.0,2.0,0,100000,2.98,7289,4526,134,7,738,6544,0.007,7.289,477866.84,33.45,126.0,False
1993,14.0,9.0,3.0,0,100000,2.98,3733,2441,70,13,553,3167,0.013,3.733,244735.48,31.82,126.0,False
1994,14.0,9.0,4.0,0,100000,2.98,2216,1474,43,20,446,1750,0.02,2.216,145280.96,29.06,126.0,False
1995,14.0,9.0,5.0,0,100000,2.98,1518,946,35,29,363,1126,0.029,1.518,99520.08,28.86,126.0,False
1996,14.0,9.0,6.0,0,100000,2.98,978,685,23,41,267,670,0.041,0.978,64117.68,26.29,126.0,False
1997,14.0,9.0,7.0,0,100000,2.98,700,527,13,47,184,469,0.047,0.7,45892.0,21.57,126.0,False
1998,14.0,9.0,8.0,0,100000,2.98,485,383,10,36,146,303,0.036,0.485,31796.6,11.45,126.0,False
1999,14.0,9.0,9.0,0,100000,2.98,401,329,8,40,134,227,0.04,0.401,26289.56,10.52,126.0,False
2000,15.0,10.0,10.0,0,100000,2.98,334,264,13,38,107,189,0.038,0.334,21897.04,8.32,150.0,False
2001,15.0,10.0,11.0,0,100000,2.98,253,247,8,42,98,113,0.042,0.253,16586.68,6.97,150.0,False
2002,15.0,10.0,12.0,0,100000,2.98,193,157,4,30,69,94,0.03,0.193,12653.08,3.8,150.0,False
2003,15.0,10.0,13.0,0,100000,2.98,142,158,4,22,63,57,0.022,0.142,9309.52,2.05,150.0,False
2004,15.0,10.0,14.0,0,100000,2.98,129,163,8,23,51,55,0.023,0.129,8457.24,1.95,150.0,False
2005,15.0,10.0,15.0,0,100000,2.98,78,106,3,8,30,40,0.008,0.078,5113.68,0.41,150.0,False
2006,15.0,10.0,16.0,0,100000,2.98,52,97,1,10,20,22,0.01,0.052,3409.12,0.34,150.0,False
2007,15.0,10.0,17.0,0,100000,2.98,60,101,3,10,30,20,0.01,0.06,3933.6,0.39,150.0,False
2008,15.0,10.0,18.0,0,100000,2.98,37,96,2,6,13,18,0.006,0.037,2425.72,0.15,150.0,False
2009,15.0,10.0,19.0,0,100000,2.98,28,66,4,7,10,11,0.007,0.028,1835.68,0.13,150.0,False
2010,15.0,10.0,1.0,0,100000,2.98,17479,10762,284,1,936,16542,0.001,17.479,1145923.24,11.46,150.0,False
2011,15.0,10.0,20.0,0,100000,2.98,25,57,1,4,12,9,0.004,0.025,1639.0,0.07,150.0,False
2012,15.0,10.0,2.0,0,100000,2.98,7143,4514,158,7,730,6406,0.007,7.143,468295.08,32.78,150.0,False
2013,15.0,10.0,3.0,0,100000,2.98,3859,2367,66,16,573,3270,0.016,3.859,252996.04,40.48,150.0,False
2014,15.0,10.0,4.0,0,100000,2.98,2236,1434,48,33,409,1794,0.033,2.236,146592.16,48.38,150.0,False
2015,15.0,10.0,5.0,0,100000,2.98,1499,942,30,39,368,1092,0.039,1.499,98274.44,38.33,150.0,False
2016,15.0,10.0,6.0,0,100000,2.98,1031,724,22,46,283,702,0.046,1.031,67592.36,31.09,150.0,False
2017,15.0,10.0,7.0,0,100000,2.98,744,522,17,43,238,463,0.043,0.744,48776.64,20.97,150.0,False
2018,15.0,10.0,8.0,0,100000,2.98,532,382,9,47,177,308,0.047,0.532,34877.92,16.39,150.0,False
2019,15.0,10.0,9.0,0,100000,2.98,408,321,8,31,145,232,0.031,0.408,26748.48,8.29,150.0,False
2020,15.0,11.0,10.0,0,100000,2.98,323,260,6,32,138,153,0.032,0.323,21175.88,6.78,165.0,False
2021,15.0,11.0,11.0,0,100000,2.98,244,217,2,27,78,139,0.027,0.244,15996.64,4.32,165.0,False
2022,15.0,11.0,12.0,0,100000,2.98,186,208,4,22,74,90,0.022,0.186,12194.16,2.68,165.0,False
2023,15.0,11.0,13.0,0,100000,2.98,140,199,5,18,51,71,0.018,0.14,9178.4,1.65,165.0,False
2024,15.0,11.0,14.0,0,100000,2.98,107,138,4,12,44,51,0.012,0.107,7014.92,0.84,165.0,False
2025,15.0,11.0,15.0,0,100000,2.98,88,113,4,22,26,40,0.022,0.088,5769.28,1.27,165.0,False
2026,15.0,11.0,16.0,0,100000,2.98,64,95,2,15,19,30,0.015,0.064,4195.84,0.63,165.0,False
2027,15.0,11.0,17.0,0,100000,2.98,64,112,0,15,28,21,0.015,0.064,4195.84,0.63,165.0,False
2028,15.0,11.0,18.0,0,100000,2.98,40,72,5,9,15,16,0.009,0.04,2622.4,0.24,165.0,False
2029,15.0,11.0,19.0,0,100000,2.98,44,76,2,11,18,15,0.011,0.044,2884.64,0.32,165.0,False
2030,15.0,11.0,1.0,0,100000,2.98,17762,10483,316,0,932,16830,0.0,17.762,1164476.72,0.0,165.0,False
2031,15.0,11.0,20.0,0,100000,2.98,26,62,3,3,16,7,0.003,0.026,1704.56,0.05,165.0,False
2032,15.0,11.0,2.0,0,100000,2.98,7272,4650,149,7,743,6522,0.007,7.272,476752.32,33.37,165.0,False
2033,15.0,11.0,3.0,0,100000,2.98,3755,2328,60,17,536,3202,0.017,3.755,246177.8,41.85,165.0,False
2034,15.0,11.0,4.0,0,100000,2.98,2220,1495,31,34,441,1745,0.034,2.22,145543.2,49.48,165.0,False
2035,15.0,11.0,5.0,0,100000,2.98,1436,941,28,39,340,1057,0.039,1.436,94144.16,36.72,165.0,False
2036,15.0,11.0,6.0,0,100000,2.98,1079,701,19,41,314,724,0.041,1.079,70739.24,29.0,165.0,False
2037,15.0,11.0,7.0,0,100000,2.98,714,540,15,53,197,464,0.053,0.714,46809.84,24.81,165.0,False
2038,15.0,11.0,8.0,0,100000,2.98,573,375,8,47,172,354,0.047,0.573,37565.88,17.66,165.0,False
2039,15.0,11.0,9.0,0,100000,2.98,437,318,7,31,141,265,0.031,0.437,28649.72,8.88,165.0,False
2040,15.0,12.0,10.0,0,100000,2.98,318,255,5,30,110,178,0.03,0.318,20848.08,6.25,180.0,False
2041,15.0,12.0,11.0,0,100000,2.98,231,224,4,30,87,114,0.03,0.231,15144.36,4.54,180.0,False
2042,15.0,12.0,12.0,0,100000,2.98,204,189,1,31,69,104,0.031,0.204,13374.24,4.15,180.0,False
2043,15.0,12.0,13.0,0,100000,2.98,143,167,1,21,56,66,0.021,0.143,9375.08,1.97,180.0,False
2044,15.0,12.0,14.0,0,100000,2.98,114,128,2,21,46,47,0.021,0.114,7473.84,1.57,180.0,False
2045,15.0,12.0,15.0,0,100000,2.98,79,120,5,17,31,31,0.017,0.079,5179.24,0.88,180.0,False
2046,15.0,12.0,16.0,0,100000,2.98,68,126,1,13,29,26,0.013,0.068,4458.08,0.58,180.0,False
2047,15.0,12.0,17.0,0,100000,2.98,56,95,2,6,25,25,0.006,0.056,3671.36,0.22,180.0,False
2048,15.0,12.0,18.0,0,100000,2.98,35,91,0,8,14,13,0.008,0.035,2294.6,0.18,180.0,False
2049,15.0,12.0,19.0,0,100000,2.98,35,62,1,8,12,15,0.008,0.035,2294.6,0.18,180.0,False
2050,15.0,12.0,1.0,0,100000,2.98,17763,10757,287,0,910,16853,0.0,17.763,1164542.28,0.0,180.0,False
2051,15.0,12.0,20.0,0,100000,2.98,29,70,1,4,13,12,0.004,0.029,1901.24,0.08,180.0,False
2052,15.0,12.0,2.0,0,100000,2.98,7307,4504,144,8,708,6591,0.008,7.307,479046.92,38.32,180.0,False
2053,15.0,12.0,3.0,0,100000,2.98,3694,2326,76,13,564,3117,0.013,3.694,242178.64,31.48,180.0,False
2054,15.0,12.0,4.0,0,100000,2.98,2210,1407,37,30,448,1732,0.03,2.21,144887.6,43.47,180.0,False
2055,15.0,12.0,5.0,0,100000,2.98,1484,1009,26,41,364,1079,0.041,1.484,97291.04,39.89,180.0,False
2056,15.0,12.0,6.0,0,100000,2.98,1027,685,27,56,299,672,0.056,1.027,67330.12,37.7,180.0,False
2057,15.0,12.0,7.0,0,100000,2.98,752,583,16,43,240,469,0.043,0.752,49301.12,21.2,180.0,False
2058,15.0,12.0,8.0,0,100000,2.98,513,421,8,44,171,298,0.044,0.513,33632.28,14.8,180.0,False
2059,15.0,12.0,9.0,0,100000,2.98,431,303,11,36,128,267,0.036,0.431,28256.36,10.17,180.0,False
2060,15.0,13.0,10.0,0,100000,2.98,310,226,9,41,108,161,0.041,0.31,20323.6,8.33,195.0,False
2061,15.0,13.0,11.0,0,100000,2.98,244,205,7,24,97,123,0.024,0.244,15996.64,3.84,195.0,False
2062,15.0,13.0,12.0,0,100000,2.98,193,195,2,29,86,78,0.029,0.193,12653.08,3.67,195.0,False
2063,15.0,13.0,13.0,0,100000,2.98,136,152,6,17,66,53,0.017,0.136,8916.16,1.52,195.0,False
2064,15.0,13.0,14.0,0,100000,2.98,120,130,4,28,44,48,0.028,0.12,7867.2,2.2,195.0,False
2065,15.0,13.0,15.0,0,100000,2.98,70,114,0,16,30,24,0.016,0.07,4589.2,0.73,195.0,False
2066,15.0,13.0,16.0,0,100000,2.98,78,117,3,14,31,33,0.014,0.078,5113.68,0.72,195.0,False
2067,15.0,13.0,17.0,0,100000,2.98,47,95,5,9,18,20,0.009,0.047,3081.32,0.28,195.0,False
2068,15.0,13.0,18.0,0,100000,2.98,63,77,2,20,23,20,0.02,0.063,4130.28,0.83,195.0,False
2069,15.0,13.0,19.0,0,100000,2.98,30,62,2,11,9,10,0.011,0.03,1966.8,0.22,195.0,False
2070,15.0,13.0,1.0,0,100000,2.98,17582,10746,293,0,886,16696,0.0,17.582,1152675.92,0.0,195.0,False
2071,15.0,13.0,20.0,0,100000,2.98,25,67,0,8,12,5,0.008,0.025,1639.0,0.13,195.0,False
2072,15.0,13.0,2.0,0,100000,2.98,7454,4549,169,8,684,6762,0.008,7.454,488684.24,39.09,195.0,False
2073,15.0,13.0,3.0,0,100000,2.98,3759,2363,69,17,566,3176,0.017,3.759,246440.04,41.89,195.0,False
2074,15.0,13.0,4.0,0,100000,2.98,2202,1498,52,27,462,1713,0.027,2.202,144363.12,38.98,195.0,False
2075,15.0,13.0,5.0,0,100000,2.98,1469,981,23,37,359,1073,0.037,1.469,96307.64,35.63,195.0,False
2076,15.0,13.0,6.0,0,100000,2.98,996,704,19,42,255,699,0.042,0.996,65297.76,27.43,195.0,False
2077,15.0,13.0,7.0,0,100000,2.98,744,526,8,40,229,475,0.04,0.744,48776.64,19.51,195.0,False
2078,15.0,13.0,8.0,0,100000,2.98,555,405,20,39,213,303,0.039,0.555,36385.8,14.19,195.0,False
2079,15.0,13.0,9.0,0,100000,2.98,454,342,3,47,179,228,0.047,0.454,29764.24,13.99,195.0,False
2080,15.0,14.0,10.0,0,100000,2.98,341,272,6,45,123,173,0.045,0.341,22355.96,10.06,210.0,False
2081,15.0,14.0,11.0,0,100000,2.98,247,223,2,40,108,99,0.04,0.247,16193.32,6.48,210.0,False
2082,15.0,14.0,12.0,0,100000,2.98,202,194,5,31,82,89,0.031,0.202,13243.12,4.11,210.0,False
2083,15.0,14.0,13.0,0,100000,2.98,165,188,2,34,69,62,0.034,0.165,10817.4,3.68,210.0,False
2084,15.0,14.0,14.0,0,100000,2.98,107,160,4,22,43,42,0.022,0.107,7014.92,1.54,210.0,False
2085,15.0,14.0,15.0,0,100000,2.98,84,106,3,13,28,43,0.013,0.084,5507.04,0.72,210.0,False
2086,15.0,14.0,16.0,0,100000,2.98,65,117,2,14,26,25,0.014,0.065,4261.4,0.6,210.0,False
2087,15.0,14.0,17.0,0,100000,2.98,71,92,2,11,31,29,0.011,0.071,4654.76,0.51,210.0,False
2088,15.0,14.0,18.0,0,100000,2.98,54,99,2,6,22,26,0.006,0.054,3540.24,0.21,210.0,False
2089,15.0,14.0,19.0,0,100000,2.98,48,71,1,8,17,23,0.008,0.048,3146.88,0.25,210.0,False
2090,15.0,14.0,1.0,0,100000,2.98,17387,10670,294,1,864,16522,0.001,17.387,1139891.72,11.4,210.0,False
2091,15.0,14.0,20.0,0,100000,2.98,37,59,1,11,13,13,0.011,0.037,2425.72,0.27,210.0,False
2092,15.0,14.0,2.0,0,100000,2.98,7395,4510,135,10,701,6684,0.01,7.395,484816.2,48.48,210.0,False
2093,15.0,14.0,3.0,0,100000,2.98,3732,2362,52,28,574,3130,0.028,3.732,244669.92,68.51,210.0,False
2094,15.0,14.0,4.0,0,100000,2.98,2240,1472,51,25,478,1737,0.025,2.24,146854.4,36.71,210.0,False
2095,15.0,14.0,5.0,0,100000,2.98,1525,965,23,53,368,1104,0.053,1.525,99979.0,52.99,210.0,False
2096,15.0,14.0,6.0,0,100000,2.98,1042,709,18,49,290,703,0.049,1.042,68313.52,33.47,210.0,False
2097,15.0,14.0,7.0,0,100000,2.98,753,539,13,47,248,458,0.047,0.753,49366.68,23.2,210.0,False
2098,15.0,14.0,8.0,0,100000,2.98,532,444,15,40,184,308,0.04,0.532,34877.92,13.95,210.0,False
2099,15.0,14.0,9.0,0,100000,2.98,438,331,10,51,157,230,0.051,0.438,28715.28,14.64,210.0,False
2100,15.0,15.0,10.0,0,100000,2.98,330,271,7,47,117,166,0.047,0.33,21634.8,10.17,225.0,True
2101,15.0,15.0,11.0,0,100000,2.98,282,224,6,49,96,137,0.049,0.282,18487.92,9.06,225.0,True
2102,15.0,15.0,12.0,0,100000,2.98,202,191,5,37,80,85,0.037,0.202,13243.12,4.9,225.0,True
2103,15.0,15.0,13.0,0,100000,2.98,143,147,4,28,58,57,0.028,0.143,9375.08,2.63,225.0,True
2104,15.0,15.0,14.0,0,100000,2.98,127,136,3,30,49,48,0.03,0.127,8326.12,2.5,225.0,True
2105,15.0,15.0,15.0,0,100000,2.98,81,134,1,15,28,38,0.015,0.081,5310.36,0.8,225.0,True
2106,15.0,15.0,16.0,0,100000,2.98,76,106,3,14,27,35,0.014,0.076,4982.56,0.7,225.0,True
2107,15.0,15.0,17.0,0,100000,2.98,67,103,1,15,23,29,0.015,0.067,4392.52,0.66,225.0,True
2108,15.0,15.0,18.0,0,100000,2.98,53,113,2,15,24,14,0.015,0.053,3474.68,0.52,225.0,True
2109,15.0,15.0,19.0,0,100000,2.98,39,80,1,9,20,10,0.009,0.039,2556.84,0.23,225.0,True
2110,15.0,15.0,1.0,0,100000,2.98,17538,10715,317,1,889,16648,0.001,17.538,1149791.28,11.5,225.0,True
2111,15.0,15.0,20.0,0,100000,2.98,29,67,0,6,11,12,0.006,0.029,1901.24,0.11,225.0,True
2112,15.0,15.0,2.0,0,100000,2.98,7289,4403,146,6,702,6581,0.006,7.289,477866.84,28.67,225.0,True
2113,15.0,15.0,3.0,0,100000,2.98,3805,2421,86,19,591,3195,0.019,3.805,249455.8,47.4,225.0,True
2114,15.0,15.0,4.0,0,100000,2.98,2188,1410,38,29,423,1736,0.029,2.188,143445.28,41.6,225.0,True
2115,15.0,15.0,5.0,0,100000,2.98,1459,925,25,32,366,1061,0.032,1.459,95652.04,30.61,225.0,True
2116,15.0,15.0,6.0,0,100000,2.98,1067,721,23,49,290,728,0.049,1.067,69952.52,34.28,225.0,True
2117,15.0,15.0,7.0,0,100000,2.98,748,557,18,57,229,462,0.057,0.748,49038.88,27.95,225.0,True
2118,15.0,15.0,8.0,0,100000,2.98,552,429,13,47,198,307,0.047,0.552,36189.12,17.01,225.0,True
2119,15.0,15.0,9.0,0,100000,2.98,421,313,9,44,155,222,0.044,0.421,27600.76,12.14,225.0,True
2120,15.0,16.0,10.0,0,100000,2.98,328,297,4,38,122,168,0.038,0.328,21503.68,8.17,240.0,False
2121,15.0,16.0,11.0,0,100000,2.98,257,216,9,40,95,122,0.04,0.257,16848.92,6.74,240.0,False
2122,15.0,16.0,12.0,0,100000,2.98,203,199,2,38,71,94,0.038,0.203,13308.68,5.06,240.0,False
2123,15.0,16.0,13.0,0,100000,2.98,168,190,4,26,60,82,0.026,0.168,11014.08,2.86,240.0,False
2124,15.0,16.0,14.0,0,100000,2.98,147,170,2,35,61,51,0.035,0.147,9637.32,3.37,240.0,False
2125,15.0,16.0,15.0,0,100000,2.98,111,109,1,32,37,42,0.032,0.111,7277.16,2.33,240.0,False
2126,15.0,16.0,16.0,0,100000,2.98,82,123,0,19,39,24,0.019,0.082,5375.92,1.02,240.0,False
2127,15.0,16.0,17.0,0,100000,2.98,57,105,1,12,24,21,0.012,0.057,3736.92,0.45,240.0,False
2128,15.0,16.0,18.0,0,100000,2.98,48,85,1,13,22,13,0.013,0.048,3146.88,0.41,240.0,False
2129,15.0,16.0,19.0,0,100000,2.98,42,59,0,16,15,11,0.016,0.042,2753.52,0.44,240.0,False
2130,15.0,16.0,1.0,0,100000,2.98,17332,10610,299,1,867,16464,0.001,17.332,1136285.92,11.36,240.0,False
2131,15.0,16.0,20.0,0,100000,2.98,46,90,1,11,21,14,0.011,0.046,3015.76,0.33,240.0,False
2132,15.0,16.0,2.0,0,100000,2.98,7204,4568,161,3,698,6503,0.003,7.204,472294.24,14.17,240.0,False
2133,15.0,16.0,3.0,0,100000,2.98,3841,2388,80,18,551,3272,0.018,3.841,251815.96,45.33,240.0,False
2134,15.0,16.0,4.0,0,100000,2.98,2287,1401,32,30,422,1835,0.03,2.287,149935.72,44.98,240.0,False
2135,15.0,16.0,5.0,0,100000,2.98,1469,955,30,47,374,1048,0.047,1.469,96307.64,45.26,240.0,False
2136,15.0,16.0,6.0,0,100000,2.98,1021,694,18,46,305,670,0.046,1.021,66936.76,30.79,240.0,False
2137,15.0,16.0,7.0,0,100000,2.98,731,522,22,49,228,454,0.049,0.731,47924.36,23.48,240.0,False
2138,15.0,16.0,8.0,0,100000,2.98,554,382,14,44,192,318,0.044,0.554,36320.24,15.98,240.0,False
2139,15.0,16.0,9.0,0,100000,2.98,408,313,6,45,133,230,0.045,0.408,26748.48,12.04,240.0,False
2140,15.0,17.0,10.0,0,100000,2.98,355,284,8,46,136,173,0.046,0.355,23273.8,10.71,255.0,False
2141,15.0,17.0,11.0,0,100000,2.98,285,238,6,31,133,121,0.031,0.285,18684.6,5.79,255.0,False
2142,15.0,17.0,12.0,0,100000,2.98,204,197,6,29,84,91,0.029,0.204,13374.24,3.88,255.0,False
2143,15.0,17.0,13.0,0,100000,2.98,161,150,3,23,71,67,0.023,0.161,10555.16,2.43,255.0,False
2144,15.0,17.0,14.0,0,100000,2.98,129,130,2,26,51,52,0.026,0.129,8457.24,2.2,255.0,False
2145,15.0,17.0,15.0,0,100000,2.98,117,129,1,33,42,42,0.033,0.117,7670.52,2.53,255.0,False
2146,15.0,17.0,16.0,0,100000,2.98,76,113,0,17,31,28,0.017,0.076,4982.56,0.85,255.0,False
2147,15.0,17.0,17.0,0,100000,2.98,69,104,4,19,23,27,0.019,0.069,4523.64,0.86,255.0,False
2148,15.0,17.0,18.0,0,100000,2.98,47,78,1,13,23,11,0.013,0.047,3081.32,0.4,255.0,False
2149,15.0,17.0,19.0,0,100000,2.98,40,74,7,7,18,15,0.007,0.04,2622.4,0.18,255.0,False
2150,15.0,17.0,1.0,0,100000,2.98,17452,10583,305,1,876,16575,0.001,17.452,1144153.12,11.44,255.0,False
2151,15.0,17.0,20.0,0,100000,2.98,41,79,1,9,15,17,0.009,0.041,2687.96,0.24,255.0,False
2152,15.0,17.0,2.0,0,100000,2.98,7358,4623,173,4,714,6640,0.004,7.358,482390.48,19.3,255.0,False
2153,15.0,17.0,3.0,0,100000,2.98,3852,2363,76,12,556,3284,0.012,3.852,252537.12,30.3,255.0,False
2154,15.0,17.0,4.0,0,100000,2.98,2194,1375,46,29,432,1733,0.029,2.194,143838.64,41.71,255.0,False
2155,15.0,17.0,5.0,0,100000,2.98,1459,1001,18,39,379,1041,0.039,1.459,95652.04,37.3,255.0,False
2156,15.0,17.0,6.0,0,100000,2.98,1062,708,22,38,275,749,0.038,1.062,69624.72,26.46,255.0,False
2157,15.0,17.0,7.0,0,100000,2.98,774,499,13,47,234,493,0.047,0.774,50743.44,23.85,255.0,False
2158,15.0,17.0,8.0,0,100000,2.98,565,446,11,44,211,310,0.044,0.565,37041.4,16.3,255.0,False
2159,15.0,17.0,9.0,0,100000,2.98,443,332,5,44,152,247,0.044,0.443,29043.08,12.78,255.0,False
2160,15.0,18.0,10.0,0,100000,2.98,329,272,8,51,134,144,0.051,0.329,21569.24,11.0,270.0,False
2161,15.0,18.0,11.0,0,100000,2.98,278,218,6,45,109,124,0.045,0.278,18225.68,8.2,270.0,False
2162,15.0,18.0,12.0,0,100000,2.98,203,215,4,34,74,95,0.034,0.203,13308.68,4.52,270.0,False
2163,15.0,18.0,13.0,0,100000,2.98,159,181,3,31,62,66,0.031,0.159,10424.04,3.23,270.0,False
2164,15.0,18.0,14.0,0,100000,2.98,131,154,4,27,54,50,0.027,0.131,8588.36,2.32,270.0,False
2165,15.0,18.0,15.0,0,100000,2.98,99,134,1,25,42,32,0.025,0.099,6490.44,1.62,270.0,False
2166,15.0,18.0,16.0,0,100000,2.98,82,124,2,22,29,31,0.022,0.082,5375.92,1.18,270.0,False
2167,15.0,18.0,17.0,0,100000,2.98,61,103,0,20,24,17,0.02,0.061,3999.16,0.8,270.0,False
2168,15.0,18.0,18.0,0,100000,2.98,60,89,1,20,25,15,0.02,0.06,3933.6,0.79,270.0,False
2169,15.0,18.0,19.0,0,100000,2.98,43,76,1,15,14,14,0.015,0.043,2819.08,0.42,270.0,False
2170,15.0,18.0,1.0,0,100000,2.98,17354,10760,297,2,846,16506,0.002,17.354,1137728.24,22.75,270.0,False
2171,15.0,18.0,20.0,0,100000,2.98,33,72,2,6,19,8,0.006,0.033,2163.48,0.13,270.0,False
2172,15.0,18.0,2.0,0,100000,2.98,7236,4506,148,5,729,6502,0.005,7.236,474392.16,23.72,270.0,False
2173,15.0,18.0,3.0,0,100000,2.98,3745,2388,73,14,521,3210,0.014,3.745,245522.2,34.37,270.0,False
2174,15.0,18.0,4.0,0,100000,2.98,2274,1450,46,26,441,1807,0.026,2.274,149083.44,38.76,270.0,False
2175,15.0,18.0,5.0,0,100000,2.98,1484,946,28,43,376,1065,0.043,1.484,97291.04,41.84,270.0,False
2176,15.0,18.0,6.0,0,100000,2.98,1006,699,16,47,291,668,0.047,1.006,65953.36,31.0,270.0,False
2177,15.0,18.0,7.0,0,100000,2.98,753,504,11,49,224,480,0.049,0.753,49366.68,24.19,270.0,False
2178,15.0,18.0,8.0,0,100000,2.98,568,399,5,48,208,312,0.048,0.568,37238.08,17.87,270.0,False
2179,15.0,18.0,9.0,0,100000,2.98,430,333,10,52,171,207,0.052,0.43,28190.8,14.66,270.0,False
2180,15.0,19.0,10.0,0,100000,2.98,349,272,7,40,143,166,0.04,0.349,22880.44,9.15,285.0,False
2181,15.0,19.0,11.0,0,100000,2.98,290,240,6,48,100,142,0.048,0.29,19012.4,9.13,285.0,False
2182,15.0,19.0,12.0,0,100000,2.98,212,188,8,27,86,99,0.027,0.212,13898.72,3.75,285.0,False
2183,15.0,19.0,13.0,0,100000,2.98,158,155,1,26,69,63,0.026,0.158,10358.48,2.69,285.0,False
2184,15.0,19.0,14.0,0,100000,2.98,134,125,4,27,63,44,0.027,0.134,8785.04,2.37,285.0,False
2185,15.0,19.0,15.0,0,100000,2.98,105,130,8,21,49,35,0.021,0.105,6883.8,1.45,285.0,False
2186,15.0,19.0,16.0,0,100000,2.98,94,110,2,26,43,25,0.026,0.094,6162.64,1.6,285.0,False
2187,15.0,19.0,17.0,0,100000,2.98,82,102,4,25,32,25,0.025,0.082,5375.92,1.34,285.0,False
2188,15.0,19.0,18.0,0,100000,2.98,67,107,1,16,30,21,0.016,0.067,4392.52,0.7,285.0,False
2189,15.0,19.0,19.0,0,100000,2.98,48,81,3,13,18,17,0.013,0.048,3146.88,0.41,285.0,False
2190,15.0,19.0,1.0,0,100000,2.98,17660,10680,305,1,873,16786,0.001,17.66,1157789.6,11.58,285.0,False
2191,15.0,19.0,20.0,0,100000,2.98,35,59,2,8,18,9,0.008,0.035,2294.6,0.18,285.0,False
2192,15.0,19.0,2.0,0,100000,2.98,7180,4562,169,5,713,6462,0.005,7.18,470720.8,23.54,285.0,False
2193,15.0,19.0,3.0,0,100000,2.98,3747,2323,64,19,557,3171,0.019,3.747,245653.32,46.67,285.0,False
2194,15.0,19.0,4.0,0,100000,2.98,2223,1434,63,36,448,1739,0.036,2.223,145739.88,52.47,285.0,False
2195,15.0,19.0,5.0,0,100000,2.98,1460,937,19,44,358,1058,0.044,1.46,95717.6,42.12,285.0,False
2196,15.0,19.0,6.0,0,100000,2.98,999,711,17,40,285,674,0.04,0.999,65494.44,26.2,285.0,False
2197,15.0,19.0,7.0,0,100000,2.98,795,479,17,58,246,491,0.058,0.795,52120.2,30.23,285.0,False
2198,15.0,19.0,8.0,0,100000,2.98,572,408,13,62,193,317,0.062,0.572,37500.32,23.25,285.0,False
2199,15.0,19.0,9.0,0,100000,2.98,432,332,9,49,148,235,0.049,0.432,28321.92,13.88,285.0,False
2200,15.0,1.0,10.0,0,100000,2.98,125,191,8,0,3,122,0.0,0.125,8195.0,0.0,15.0,False
2201,15.0,1.0,11.0,0,100000,2.98,97,180,8,0,0,97,0.0,0.097,6359.32,0.0,15.0,False
2202,15.0,1.0,12.0,0,100000,2.98,72,153,6,0,1,71,0.0,0.072,4720.32,0.0,15.0,False
2203,15.0,1.0,13.0,0,100000,2.98,35,133,5,0,0,35,0.0,0.035,2294.6,0.0,15.0,False
2204,15.0,1.0,14.0,0,100000,2.98,36,92,2,0,2,34,0.0,0.036,2360.16,0.0,15.0,False
2205,15.0,1.0,15.0,0,100000,2.98,17,90,0,0,2,15,0.0,0.017,1114.52,0.0,15.0,False
2206,15.0,1.0,16.0,0,100000,2.98,32,69,1,0,1,31,0.0,0.032,2097.92,0.0,15.0,False
2207,15.0,1.0,17.0,0,100000,2.98,16,63,0,0,0,16,0.0,0.016,1048.96,0.0,15.0,False
2208,15.0,1.0,18.0,0,100000,2.98,12,66,3,0,0,12,0.0,0.012,786.72,0.0,15.0,False
2209,15.0,1.0,19.0,0,100000,2.98,12,44,3,0,0,12,0.0,0.012,786.72,0.0,15.0,False
2210,15.0,1.0,1.0,0,100000,2.98,16882,10599,270,0,594,16288,0.0,16.882,1106783.92,0.0,15.0,False
2211,15.0,1.0,20.0,0,100000,2.98,8,40,1,0,0,8,0.0,0.008,524.48,0.0,15.0,False
2212,15.0,1.0,2.0,0,100000,2.98,6604,4595,134,0,296,6308,0.0,6.604,432958.24,0.0,15.0,False
2213,15.0,1.0,3.0,0,100000,2.98,3224,2233,54,0,154,3070,0.0,3.224,211365.44,0.0,15.0,False
2214,15.0,1.0,4.0,0,100000,2.98,1665,1372,32,0,83,1582,0.0,1.665,109157.4,0.0,15.0,False
2215,15.0,1.0,5.0,0,100000,2.98,922,857,18,0,59,863,0.0,0.922,60446.32,0.0,15.0,False
2216,15.0,1.0,6.0,0,100000,2.98,623,613,9,0,38,585,0.0,0.623,40843.88,0.0,15.0,False
2217,15.0,1.0,7.0,0,100000,2.98,368,434,5,0,16,352,0.0,0.368,24126.08,0.0,15.0,False
2218,15.0,1.0,8.0,0,100000,2.98,263,350,9,0,11,252,0.0,0.263,17242.28,0.0,15.0,False
2219,15.0,1.0,9.0,0,100000,2.98,182,289,3,0,6,176,0.0,0.182,11931.92,0.0,15.0,False
2220,15.0,20.0,10.0,0,100000,2.98,330,260,4,39,133,158,0.039,0.33,21634.8,8.44,300.0,False
2221,15.0,20.0,11.0,0,100000,2.98,261,236,3,45,89,127,0.045,0.261,17111.16,7.7,300.0,False
2222,15.0,20.0,12.0,0,100000,2.98,221,218,3,41,78,102,0.041,0.221,14488.76,5.94,300.0,False
2223,15.0,20.0,13.0,0,100000,2.98,194,172,3,38,74,82,0.038,0.194,12718.64,4.83,300.0,False
2224,15.0,20.0,14.0,0,100000,2.98,130,133,6,24,59,47,0.024,0.13,8522.8,2.05,300.0,False
2225,15.0,20.0,15.0,0,100000,2.98,94,138,3,17,47,30,0.017,0.094,6162.64,1.05,300.0,False
2226,15.0,20.0,16.0,0,100000,2.98,83,103,3,16,36,31,0.016,0.083,5441.48,0.87,300.0,False
2227,15.0,20.0,17.0,0,100000,2.98,70,129,5,18,22,30,0.018,0.07,4589.2,0.83,300.0,False
2228,15.0,20.0,18.0,0,100000,2.98,57,70,3,11,30,16,0.011,0.057,3736.92,0.41,300.0,False
2229,15.0,20.0,19.0,0,100000,2.98,49,90,0,12,16,21,0.012,0.049,3212.44,0.39,300.0,False
2230,15.0,20.0,1.0,0,100000,2.98,17599,10530,298,0,894,16705,0.0,17.599,1153790.44,0.0,300.0,False
2231,15.0,20.0,20.0,0,100000,2.98,52,69,3,16,19,17,0.016,0.052,3409.12,0.55,300.0,False
2232,15.0,20.0,2.0,0,100000,2.98,7281,4545,146,7,711,6563,0.007,7.281,477342.36,33.41,300.0,False
2233,15.0,20.0,3.0,0,100000,2.98,3794,2367,57,21,536,3237,0.021,3.794,248734.64,52.23,300.0,False
2234,15.0,20.0,4.0,0,100000,2.98,2239,1361,41,34,441,1764,0.034,2.239,146788.84,49.91,300.0,False
2235,15.0,20.0,5.0,0,100000,2.98,1438,979,30,37,340,1061,0.037,1.438,94275.28,34.88,300.0,False
2236,15.0,20.0,6.0,0,100000,2.98,1003,708,21,44,279,680,0.044,1.003,65756.68,28.93,300.0,False
2237,15.0,20.0,7.0,0,100000,2.98,753,537,24,51,249,453,0.051,0.753,49366.68,25.18,300.0,False
2238,15.0,20.0,8.0,0,100000,2.98,569,407,5,55,184,330,0.055,0.569,37303.64,20.52,300.0,False
2239,15.0,20.0,9.0,0,100000,2.98,430,316,5,54,145,231,0.054,0.43,28190.8,15.22,300.0,False
2240,15.0,2.0,10.0,0,100000,2.98,112,237,13,0,12,100,0.0,0.112,7342.72,0.0,30.0,False
2241,15.0,2.0,11.0,0,100000,2.98,87,168,3,0,9,78,0.0,0.087,5703.72,0.0,30.0,False
2242,15.0,2.0,12.0,0,100000,2.98,54,161,4,1,3,50,0.001,0.054,3540.24,0.04,30.0,False
2243,15.0,2.0,13.0,0,100000,2.98,52,114,2,0,3,49,0.0,0.052,3409.12,0.0,30.0,False
2244,15.0,2.0,14.0,0,100000,2.98,25,110,4,0,0,25,0.0,0.025,1639.0,0.0,30.0,False
2245,15.0,2.0,15.0,0,100000,2.98,22,83,3,0,0,22,0.0,0.022,1442.32,0.0,30.0,False
2246,15.0,2.0,16.0,0,100000,2.98,11,78,4,0,2,9,0.0,0.011,721.16,0.0,30.0,False
2247,15.0,2.0,17.0,0,100000,2.98,14,67,1,0,0,14,0.0,0.014,917.84,0.0,30.0,False
2248,15.0,2.0,18.0,0,100000,2.98,12,53,3,0,1,11,0.0,0.012,786.72,0.0,30.0,False
2249,15.0,2.0,19.0,0,100000,2.98,7,54,1,0,0,7,0.0,0.007,458.92,0.0,30.0,False
2250,15.0,2.0,1.0,0,100000,2.98,17176,10723,327,0,816,16360,0.0,17.176,1126058.56,0.0,30.0,False
2251,15.0,2.0,20.0,0,100000,2.98,8,46,0,0,0,8,0.0,0.008,524.48,0.0,30.0,False
2252,15.0,2.0,2.0,0,100000,2.98,6889,4533,125,1,541,6347,0.001,6.889,451642.84,4.52,30.0,False
2253,15.0,2.0,3.0,0,100000,2.98,3380,2279,56,2,327,3051,0.002,3.38,221592.8,4.43,30.0,False
2254,15.0,2.0,4.0,0,100000,2.98,1771,1401,44,1,206,1564,0.001,1.771,116106.76,1.16,30.0,False
2255,15.0,2.0,5.0,0,100000,2.98,1013,896,33,1,110,902,0.001,1.013,66412.28,0.66,30.0,False
2256,15.0,2.0,6.0,0,100000,2.98,673,659,14,1,64,608,0.001,0.673,44121.88,0.44,30.0,False
2257,15.0,2.0,7.0,0,100000,2.98,428,453,10,2,50,376,0.002,0.428,28059.68,0.56,30.0,False
2258,15.0,2.0,8.0,0,100000,2.98,249,356,9,0,24,225,0.0,0.249,16324.44,0.0,30.0,False
2259,15.0,2.0,9.0,0,100000,2.98,172,264,10,0,18,154,0.0,0.172,11276.32,0.0,30.0,False
2260,15.0,3.0,10.0,0,100000,2.98,156,242,5,1,25,130,0.001,0.156,10227.36,0.1,45.0,False
2261,15.0,3.0,11.0,0,100000,2.98,114,194,9,4,12,98,0.004,0.114,7473.84,0.3,45.0,False
2262,15.0,3.0,12.0,0,100000,2.98,73,145,7,1,8,64,0.001,0.073,4785.88,0.05,45.0,False
2263,15.0,3.0,13.0,0,100000,2.98,67,120,3,0,8,59,0.0,0.067,4392.52,0.0,45.0,False
2264,15.0,3.0,14.0,0,100000,2.98,37,99,6,0,4,33,0.0,0.037,2425.72,0.0,45.0,False
2265,15.0,3.0,15.0,0,100000,2.98,19,87,1,0,3,16,0.0,0.019,1245.64,0.0,45.0,False
2266,15.0,3.0,16.0,0,100000,2.98,27,84,2,1,3,23,0.001,0.027,1770.12,0.02,45.0,False
2267,15.0,3.0,17.0,0,100000,2.98,15,73,4,0,2,13,0.0,0.015,983.4,0.0,45.0,False
2268,15.0,3.0,18.0,0,100000,2.98,14,62,1,0,2,12,0.0,0.014,917.84,0.0,45.0,False
2269,15.0,3.0,19.0,0,100000,2.98,8,53,2,0,0,8,0.0,0.008,524.48,0.0,45.0,False
2270,15.0,3.0,1.0,0,100000,2.98,17437,10603,292,0,879,16558,0.0,17.437,1143169.72,0.0,45.0,False
2271,15.0,3.0,20.0,0,100000,2.98,8,46,3,1,0,7,0.001,0.008,524.48,0.01,45.0,False
2272,15.0,3.0,2.0,0,100000,2.98,7227,4506,141,2,685,6540,0.002,7.227,473802.12,9.48,45.0,False
2273,15.0,3.0,3.0,0,100000,2.98,3499,2282,87,8,426,3065,0.008,3.499,229394.44,18.35,45.0,False
2274,15.0,3.0,4.0,0,100000,2.98,1938,1456,43,6,289,1643,0.006,1.938,127055.28,7.62,45.0,False
2275,15.0,3.0,5.0,0,100000,2.98,1198,976,30,3,188,1007,0.003,1.198,78540.88,2.36,45.0,False
2276,15.0,3.0,6.0,0,100000,2.98,768,640,15,3,130,635,0.003,0.768,50350.08,1.51,45.0,False
2277,15.0,3.0,7.0,0,100000,2.98,508,443,15,7,83,418,0.007,0.508,33304.48,2.33,45.0,False
2278,15.0,3.0,8.0,0,100000,2.98,346,374,13,4,63,279,0.004,0.346,22683.76,0.91,45.0,False
2279,15.0,3.0,9.0,0,100000,2.98,271,322,12,4,41,226,0.004,0.271,17766.76,0.71,45.0,False
2280,15.0,4.0,10.0,0,100000,2.98,179,256,4,7,37,135,0.007,0.179,11735.24,0.82,60.0,False
2281,15.0,4.0,11.0,0,100000,2.98,136,189,6,2,38,96,0.002,0.136,8916.16,0.18,60.0,False
2282,15.0,4.0,12.0,0,100000,2.98,87,171,8,3,20,64,0.003,0.087,5703.72,0.17,60.0,False
2283,15.0,4.0,13.0,0,100000,2.98,77,147,2,3,13,61,0.003,0.077,5048.12,0.15,60.0,False
2284,15.0,4.0,14.0,0,100000,2.98,60,133,10,2,10,48,0.002,0.06,3933.6,0.08,60.0,False
2285,15.0,4.0,15.0,0,100000,2.98,49,108,6,1,13,35,0.001,0.049,3212.44,0.03,60.0,False
2286,15.0,4.0,16.0,0,100000,2.98,25,71,1,1,4,20,0.001,0.025,1639.0,0.02,60.0,False
2287,15.0,4.0,17.0,0,100000,2.98,18,71,3,1,5,12,0.001,0.018,1180.08,0.01,60.0,False
2288,15.0,4.0,18.0,0,100000,2.98,11,66,3,0,1,10,0.0,0.011,721.16,0.0,60.0,False
2289,15.0,4.0,19.0,0,100000,2.98,10,60,1,1,1,8,0.001,0.01,655.6,0.01,60.0,False
2290,15.0,4.0,1.0,0,100000,2.98,17086,10619,309,0,890,16196,0.0,17.086,1120158.16,0.0,60.0,False
2291,15.0,4.0,20.0,0,100000,2.98,7,47,0,0,0,7,0.0,0.007,458.92,0.0,60.0,False
2292,15.0,4.0,2.0,0,100000,2.98,7259,4588,136,1,659,6599,0.001,7.259,475900.04,4.76,60.0,False
2293,15.0,4.0,3.0,0,100000,2.98,3735,2307,74,8,466,3261,0.008,3.735,244866.6,19.59,60.0,False
2294,15.0,4.0,4.0,0,100000,2.98,2082,1400,41,10,323,1749,0.01,2.082,136495.92,13.65,60.0,False
2295,15.0,4.0,5.0,0,100000,2.98,1348,943,26,9,252,1087,0.009,1.348,88374.88,7.95,60.0,False
2296,15.0,4.0,6.0,0,100000,2.98,809,674,25,7,155,647,0.007,0.809,53038.04,3.71,60.0,False
2297,15.0,4.0,7.0,0,100000,2.98,592,461,10,8,132,452,0.008,0.592,38811.52,3.1,60.0,False
2298,15.0,4.0,8.0,0,100000,2.98,402,351,9,13,79,310,0.013,0.402,26355.12,3.43,60.0,False
2299,15.0,4.0,9.0,0,100000,2.98,248,278,8,7,54,187,0.007,0.248,16258.88,1.14,60.0,False
2300,15.0,5.0,10.0,0,100000,2.98,221,242,2,4,49,168,0.004,0.221,14488.76,0.58,75.0,False
2301,15.0,5.0,11.0,0,100000,2.98,152,193,4,8,45,99,0.008,0.152,9965.12,0.8,75.0,False
2302,15.0,5.0,12.0,0,100000,2.98,123,193,5,6,32,85,0.006,0.123,8063.88,0.48,75.0,False
2303,15.0,5.0,13.0,0,100000,2.98,84,141,2,3,16,65,0.003,0.084,5507.04,0.17,75.0,False
2304,15.0,5.0,14.0,0,100000,2.98,54,117,0,3,11,40,0.003,0.054,3540.24,0.11,75.0,False
2305,15.0,5.0,15.0,0,100000,2.98,57,98,4,2,16,39,0.002,0.057,3736.92,0.07,75.0,False
2306,15.0,5.0,16.0,0,100000,2.98,31,91,2,1,3,27,0.001,0.031,2032.36,0.02,75.0,False
2307,15.0,5.0,17.0,0,100000,2.98,29,69,1,0,12,17,0.0,0.029,1901.24,0.0,75.0,False
2308,15.0,5.0,18.0,0,100000,2.98,16,43,0,0,4,12,0.0,0.016,1048.96,0.0,75.0,False
2309,15.0,5.0,19.0,0,100000,2.98,18,67,0,0,7,11,0.0,0.018,1180.08,0.0,75.0,False
2310,15.0,5.0,1.0,0,100000,2.98,17545,10818,294,0,893,16652,0.0,17.545,1150250.2,0.0,75.0,False
2311,15.0,5.0,20.0,0,100000,2.98,10,61,0,1,0,9,0.001,0.01,655.6,0.01,75.0,False
2312,15.0,5.0,2.0,0,100000,2.98,7307,4542,143,6,713,6588,0.006,7.307,479046.92,28.74,75.0,False
2313,15.0,5.0,3.0,0,100000,2.98,3758,2351,61,7,566,3185,0.007,3.758,246374.48,17.25,75.0,False
2314,15.0,5.0,4.0,0,100000,2.98,2112,1399,41,13,363,1736,0.013,2.112,138462.72,18.0,75.0,False
2315,15.0,5.0,5.0,0,100000,2.98,1398,918,28,17,317,1064,0.017,1.398,91652.88,15.58,75.0,False
2316,15.0,5.0,6.0,0,100000,2.98,897,664,17,10,220,667,0.01,0.897,58807.32,5.88,75.0,False
2317,15.0,5.0,7.0,0,100000,2.98,624,496,19,18,148,458,0.018,0.624,40909.44,7.36,75.0,False
2318,15.0,5.0,8.0,0,100000,2.98,467,379,11,12,107,348,0.012,0.467,30616.52,3.67,75.0,False
2319,15.0,5.0,9.0,0,100000,2.98,332,295,11,8,101,223,0.008,0.332,21765.92,1.74,75.0,False
2320,15.0,6.0,10.0,0,100000,2.98,201,243,8,14,62,125,0.014,0.201,13177.56,1.84,90.0,False
2321,15.0,6.0,11.0,0,100000,2.98,205,209,10,15,59,131,0.015,0.205,13439.8,2.02,90.0,False
2322,15.0,6.0,12.0,0,100000,2.98,130,142,6,7,42,81,0.007,0.13,8522.8,0.6,90.0,False
2323,15.0,6.0,13.0,0,100000,2.98,96,151,4,8,23,65,0.008,0.096,6293.76,0.5,90.0,False
2324,15.0,6.0,14.0,0,100000,2.98,64,130,3,7,13,44,0.007,0.064,4195.84,0.29,90.0,False
2325,15.0,6.0,15.0,0,100000,2.98,54,105,0,1,13,40,0.001,0.054,3540.24,0.04,90.0,False
2326,15.0,6.0,16.0,0,100000,2.98,29,80,2,0,11,18,0.0,0.029,1901.24,0.0,90.0,False
2327,15.0,6.0,17.0,0,100000,2.98,30,65,0,1,11,18,0.001,0.03,1966.8,0.02,90.0,False
2328,15.0,6.0,18.0,0,100000,2.98,23,73,0,2,9,12,0.002,0.023,1507.88,0.03,90.0,False
2329,15.0,6.0,19.0,0,100000,2.98,20,73,1,1,7,12,0.001,0.02,1311.2,0.01,90.0,False
2330,15.0,6.0,1.0,0,100000,2.98,17457,10682,289,1,889,16567,0.001,17.457,1144480.92,11.44,90.0,False
2331,15.0,6.0,20.0,0,100000,2.98,9,75,1,1,4,4,0.001,0.009,590.04,0.01,90.0,False
2332,15.0,6.0,2.0,0,100000,2.98,7278,4519,167,4,689,6585,0.004,7.278,477145.68,19.09,90.0,False
2333,15.0,6.0,3.0,0,100000,2.98,3767,2337,74,10,570,3187,0.01,3.767,246964.52,24.7,90.0,False
2334,15.0,6.0,4.0,0,100000,2.98,2195,1452,36,17,420,1758,0.017,2.195,143904.2,24.46,90.0,False
2335,15.0,6.0,5.0,0,100000,2.98,1441,968,22,27,314,1100,0.027,1.441,94471.96,25.51,90.0,False
2336,15.0,6.0,6.0,0,100000,2.98,915,664,23,24,230,661,0.024,0.915,59987.4,14.4,90.0,False
2337,15.0,6.0,7.0,0,100000,2.98,676,496,14,20,179,477,0.02,0.676,44318.56,8.86,90.0,False
2338,15.0,6.0,8.0,0,100000,2.98,459,377,13,19,120,320,0.019,0.459,30092.04,5.72,90.0,False
2339,15.0,6.0,9.0,0,100000,2.98,373,280,10,26,103,244,0.026,0.373,24453.88,6.36,90.0,False
2340,15.0,7.0,10.0,0,100000,2.98,266,250,8,19,83,164,0.019,0.266,17438.96,3.31,105.0,False
2341,15.0,7.0,11.0,0,100000,2.98,206,216,2,11,71,124,0.011,0.206,13505.36,1.49,105.0,False
2342,15.0,7.0,12.0,0,100000,2.98,166,172,5,10,53,103,0.01,0.166,10882.96,1.09,105.0,False
2343,15.0,7.0,13.0,0,100000,2.98,113,143,1,11,35,67,0.011,0.113,7408.28,0.81,105.0,False
2344,15.0,7.0,14.0,0,100000,2.98,91,130,2,11,26,54,0.011,0.091,5965.96,0.66,105.0,False
2345,15.0,7.0,15.0,0,100000,2.98,55,113,2,11,23,21,0.011,0.055,3605.8,0.4,105.0,False
2346,15.0,7.0,16.0,0,100000,2.98,57,104,2,3,22,32,0.003,0.057,3736.92,0.11,105.0,False
2347,15.0,7.0,17.0,0,100000,2.98,41,76,2,3,7,31,0.003,0.041,2687.96,0.08,105.0,False
2348,15.0,7.0,18.0,0,100000,2.98,29,71,2,5,9,15,0.005,0.029,1901.24,0.1,105.0,False
2349,15.0,7.0,19.0,0,100000,2.98,23,66,0,1,5,17,0.001,0.023,1507.88,0.02,105.0,False
2350,15.0,7.0,1.0,0,100000,2.98,17510,10641,285,0,863,16647,0.0,17.51,1147955.6,0.0,105.0,False
2351,15.0,7.0,20.0,0,100000,2.98,18,38,0,1,4,13,0.001,0.018,1180.08,0.01,105.0,False
2352,15.0,7.0,2.0,0,100000,2.98,7356,4537,160,4,702,6650,0.004,7.356,482259.36,19.29,105.0,False
2353,15.0,7.0,3.0,0,100000,2.98,3719,2424,71,5,538,3176,0.005,3.719,243817.64,12.19,105.0,False
2354,15.0,7.0,4.0,0,100000,2.98,2226,1388,52,24,389,1813,0.024,2.226,145936.56,35.02,105.0,False
2355,15.0,7.0,5.0,0,100000,2.98,1486,989,29,36,363,1087,0.036,1.486,97422.16,35.07,105.0,False
2356,15.0,7.0,6.0,0,100000,2.98,965,672,16,30,253,682,0.03,0.965,63265.4,18.98,105.0,False
2357,15.0,7.0,7.0,0,100000,2.98,696,519,11,27,202,467,0.027,0.696,45629.76,12.32,105.0,False
2358,15.0,7.0,8.0,0,100000,2.98,486,397,11,24,144,318,0.024,0.486,31862.16,7.65,105.0,False
2359,15.0,7.0,9.0,0,100000,2.98,394,336,10,17,133,244,0.017,0.394,25830.64,4.39,105.0,False
2360,15.0,8.0,10.0,0,100000,2.98,262,240,5,19,98,145,0.019,0.262,17176.72,3.26,120.0,False
2361,15.0,8.0,11.0,0,100000,2.98,209,199,3,20,74,115,0.02,0.209,13702.04,2.74,120.0,False
2362,15.0,8.0,12.0,0,100000,2.98,157,183,2,20,70,67,0.02,0.157,10292.92,2.06,120.0,False
2363,15.0,8.0,13.0,0,100000,2.98,135,152,4,17,40,78,0.017,0.135,8850.6,1.5,120.0,False
2364,15.0,8.0,14.0,0,100000,2.98,102,139,3,13,28,61,0.013,0.102,6687.12,0.87,120.0,False
2365,15.0,8.0,15.0,0,100000,2.98,71,112,1,8,30,33,0.008,0.071,4654.76,0.37,120.0,False
2366,15.0,8.0,16.0,0,100000,2.98,65,109,1,8,18,39,0.008,0.065,4261.4,0.34,120.0,False
2367,15.0,8.0,17.0,0,100000,2.98,50,93,0,5,22,23,0.005,0.05,3278.0,0.16,120.0,False
2368,15.0,8.0,18.0,0,100000,2.98,35,78,1,7,7,21,0.007,0.035,2294.6,0.16,120.0,False
2369,15.0,8.0,19.0,0,100000,2.98,31,57,4,1,14,16,0.001,0.031,2032.36,0.02,120.0,False
2370,15.0,8.0,1.0,0,100000,2.98,17533,10566,288,1,885,16647,0.001,17.533,1149463.48,11.49,120.0,False
2371,15.0,8.0,20.0,0,100000,2.98,16,63,2,0,6,10,0.0,0.016,1048.96,0.0,120.0,False
2372,15.0,8.0,2.0,0,100000,2.98,7285,4512,147,3,709,6573,0.003,7.285,477604.6,14.33,120.0,False
2373,15.0,8.0,3.0,0,100000,2.98,3745,2477,72,13,526,3206,0.013,3.745,245522.2,31.92,120.0,False
2374,15.0,8.0,4.0,0,100000,2.98,2246,1379,35,32,425,1789,0.032,2.246,147247.76,47.12,120.0,False
2375,15.0,8.0,5.0,0,100000,2.98,1439,919,27,43,345,1051,0.043,1.439,94340.84,40.57,120.0,False
2376,15.0,8.0,6.0,0,100000,2.98,1007,673,21,37,278,692,0.037,1.007,66018.92,24.43,120.0,False
2377,15.0,8.0,7.0,0,100000,2.98,693,508,15,38,200,455,0.038,0.693,45433.08,17.26,120.0,False
2378,15.0,8.0,8.0,0,100000,2.98,452,404,12,27,138,287,0.027,0.452,29633.12,8.0,120.0,False
2379,15.0,8.0,9.0,0,100000,2.98,345,310,8,31,122,192,0.031,0.345,22618.2,7.01,120.0,False
2380,15.0,9.0,10.0,0,100000,2.98,334,266,6,31,122,181,0.031,0.334,21897.04,6.79,135.0,False
2381,15.0,9.0,11.0,0,100000,2.98,215,217,4,29,79,107,0.029,0.215,14095.4,4.09,135.0,False
2382,15.0,9.0,12.0,0,100000,2.98,166,184,1,16,63,87,0.016,0.166,10882.96,1.74,135.0,False
2383,15.0,9.0,13.0,0,100000,2.98,135,161,11,24,50,61,0.024,0.135,8850.6,2.12,135.0,False
2384,15.0,9.0,14.0,0,100000,2.98,105,125,4,13,34,58,0.013,0.105,6883.8,0.89,135.0,False
2385,15.0,9.0,15.0,0,100000,2.98,70,111,2,11,24,35,0.011,0.07,4589.2,0.5,135.0,False
2386,15.0,9.0,16.0,0,100000,2.98,56,86,1,7,22,27,0.007,0.056,3671.36,0.26,135.0,False
2387,15.0,9.0,17.0,0,100000,2.98,59,86,4,8,29,22,0.008,0.059,3868.04,0.31,135.0,False
2388,15.0,9.0,18.0,0,100000,2.98,39,70,2,7,15,17,0.007,0.039,2556.84,0.18,135.0,False
2389,15.0,9.0,19.0,0,100000,2.98,31,68,2,7,6,18,0.007,0.031,2032.36,0.14,135.0,False
2390,15.0,9.0,1.0,0,100000,2.98,17589,10707,293,0,884,16705,0.0,17.589,1153134.84,0.0,135.0,False
2391,15.0,9.0,20.0,0,100000,2.98,29,77,0,5,12,12,0.005,0.029,1901.24,0.1,135.0,False
2392,15.0,9.0,2.0,0,100000,2.98,7338,4523,144,5,720,6613,0.005,7.338,481079.28,24.05,135.0,False
2393,15.0,9.0,3.0,0,100000,2.98,3813,2481,74,20,570,3223,0.02,3.813,249980.28,50.0,135.0,False
2394,15.0,9.0,4.0,0,100000,2.98,2268,1438,51,24,432,1812,0.024,2.268,148690.08,35.69,135.0,False
2395,15.0,9.0,5.0,0,100000,2.98,1434,976,31,31,349,1054,0.031,1.434,94013.04,29.14,135.0,False
2396,15.0,9.0,6.0,0,100000,2.98,1039,640,14,36,272,731,0.036,1.039,68116.84,24.52,135.0,False
2397,15.0,9.0,7.0,0,100000,2.98,713,593,12,31,220,462,0.031,0.713,46744.28,14.49,135.0,False
2398,15.0,9.0,8.0,0,100000,2.98,522,378,9,40,169,313,0.04,0.522,34222.32,13.69,135.0,False
2399,15.0,9.0,9.0,0,100000,2.98,410,344,8,40,139,231,0.04,0.41,26879.6,10.75,135.0,False
2400,16.0,10.0,10.0,0,100000,2.98,308,294,10,44,112,152,0.044,0.308,20192.48,8.88,160.0,False
2401,16.0,10.0,11.0,0,100000,2.98,244,214,3,28,95,121,0.028,0.244,15996.64,4.48,160.0,False
2402,16.0,10.0,12.0,0,100000,2.98,168,195,6,24,58,86,0.024,0.168,11014.08,2.64,160.0,False
2403,16.0,10.0,13.0,0,100000,2.98,141,165,5,22,48,71,0.022,0.141,9243.96,2.03,160.0,False
2404,16.0,10.0,14.0,0,100000,2.98,101,144,3,17,29,55,0.017,0.101,6621.56,1.13,160.0,False
2405,16.0,10.0,15.0,0,100000,2.98,81,108,5,16,32,33,0.016,0.081,5310.36,0.85,160.0,False
2406,16.0,10.0,16.0,0,100000,2.98,69,117,2,13,23,33,0.013,0.069,4523.64,0.59,160.0,False
2407,16.0,10.0,17.0,0,100000,2.98,41,89,1,7,19,15,0.007,0.041,2687.96,0.19,160.0,False
2408,16.0,10.0,18.0,0,100000,2.98,38,87,4,12,16,10,0.012,0.038,2491.28,0.3,160.0,False
2409,16.0,10.0,19.0,0,100000,2.98,27,81,1,6,9,12,0.006,0.027,1770.12,0.11,160.0,False
2410,16.0,10.0,1.0,0,100000,2.98,17554,10626,317,1,927,16626,0.001,17.554,1150840.24,11.51,160.0,False
2411,16.0,10.0,20.0,0,100000,2.98,31,66,2,7,12,12,0.007,0.031,2032.36,0.14,160.0,False
2412,16.0,10.0,2.0,0,100000,2.98,7381,4364,145,8,714,6659,0.008,7.381,483898.36,38.71,160.0,False
2413,16.0,10.0,3.0,0,100000,2.98,3715,2378,71,19,553,3143,0.019,3.715,243555.4,46.28,160.0,False
2414,16.0,10.0,4.0,0,100000,2.98,2200,1374,34,30,448,1722,0.03,2.2,144232.0,43.27,160.0,False
2415,16.0,10.0,5.0,0,100000,2.98,1479,959,28,38,344,1097,0.038,1.479,96963.24,36.85,160.0,False
2416,16.0,10.0,6.0,0,100000,2.98,1081,651,14,41,294,746,0.041,1.081,70870.36,29.06,160.0,False
2417,16.0,10.0,7.0,0,100000,2.98,703,546,15,50,234,419,0.05,0.703,46088.68,23.04,160.0,False
2418,16.0,10.0,8.0,0,100000,2.98,541,408,9,45,166,330,0.045,0.541,35467.96,15.96,160.0,False
2419,16.0,10.0,9.0,0,100000,2.98,390,330,8,33,143,214,0.033,0.39,25568.4,8.44,160.0,False
2420,16.0,11.0,10.0,0,100000,2.98,303,243,8,32,114,157,0.032,0.303,19864.68,6.36,176.0,False
2421,16.0,11.0,11.0,0,100000,2.98,237,234,5,39,88,110,0.039,0.237,15537.72,6.06,176.0,False
2422,16.0,11.0,12.0,0,100000,2.98,188,194,3,25,68,95,0.025,0.188,12325.28,3.08,176.0,False
2423,16.0,11.0,13.0,0,100000,2.98,132,151,2,28,51,53,0.028,0.132,8653.92,2.42,176.0,False
2424,16.0,11.0,14.0,0,100000,2.98,105,141,1,14,41,50,0.014,0.105,6883.8,0.96,176.0,False
2425,16.0,11.0,15.0,0,100000,2.98,79,103,1,13,28,38,0.013,0.079,5179.24,0.67,176.0,False
2426,16.0,11.0,16.0,0,100000,2.98,68,99,0,17,25,26,0.017,0.068,4458.08,0.76,176.0,False
2427,16.0,11.0,17.0,0,100000,2.98,49,81,3,10,18,21,0.01,0.049,3212.44,0.32,176.0,False
2428,16.0,11.0,18.0,0,100000,2.98,54,87,1,9,25,20,0.009,0.054,3540.24,0.32,176.0,False
2429,16.0,11.0,19.0,0,100000,2.98,43,83,1,14,14,15,0.014,0.043,2819.08,0.39,176.0,False
2430,16.0,11.0,1.0,0,100000,2.98,17460,10687,319,1,914,16545,0.001,17.46,1144677.6,11.45,176.0,False
2431,16.0,11.0,20.0,0,100000,2.98,29,46,0,5,10,14,0.005,0.029,1901.24,0.1,176.0,False
2432,16.0,11.0,2.0,0,100000,2.98,7219,4640,168,7,691,6521,0.007,7.219,473277.64,33.13,176.0,False
2433,16.0,11.0,3.0,0,100000,2.98,3841,2369,70,22,601,3218,0.022,3.841,251815.96,55.4,176.0,False
2434,16.0,11.0,4.0,0,100000,2.98,2165,1495,37,33,421,1711,0.033,2.165,141937.4,46.84,176.0,False
2435,16.0,11.0,5.0,0,100000,2.98,1500,993,26,42,357,1101,0.042,1.5,98340.0,41.3,176.0,False
2436,16.0,11.0,6.0,0,100000,2.98,972,672,14,57,259,656,0.057,0.972,63724.32,36.32,176.0,False
2437,16.0,11.0,7.0,0,100000,2.98,728,539,16,49,207,472,0.049,0.728,47727.68,23.39,176.0,False
2438,16.0,11.0,8.0,0,100000,2.98,575,412,8,43,180,352,0.043,0.575,37697.0,16.21,176.0,False
2439,16.0,11.0,9.0,0,100000,2.98,358,326,11,25,125,208,0.025,0.358,23470.48,5.87,176.0,False
2440,16.0,12.0,10.0,0,100000,2.98,334,275,10,36,127,171,0.036,0.334,21897.04,7.88,192.0,False
2441,16.0,12.0,11.0,0,100000,2.98,230,211,5,31,87,112,0.031,0.23,15078.8,4.67,192.0,False
2442,16.0,12.0,12.0,0,100000,2.98,206,207,4,37,84,85,0.037,0.206,13505.36,5.0,192.0,False
2443,16.0,12.0,13.0,0,100000,2.98,146,148,4,20,66,60,0.02,0.146,9571.76,1.91,192.0,False
2444,16.0,12.0,14.0,0,100000,2.98,98,150,4,22,43,33,0.022,0.098,6424.88,1.41,192.0,False
2445,16.0,12.0,15.0,0,100000,2.98,93,115,0,13,32,48,0.013,0.093,6097.08,0.79,192.0,False
2446,16.0,12.0,16.0,0,100000,2.98,65,117,1,13,37,15,0.013,0.065,4261.4,0.55,192.0,False
2447,16.0,12.0,17.0,0,100000,2.98,52,109,1,18,20,14,0.018,0.052,3409.12,0.61,192.0,False
2448,16.0,12.0,18.0,0,100000,2.98,42,84,0,7,16,19,0.007,0.042,2753.52,0.19,192.0,False
2449,16.0,12.0,19.0,0,100000,2.98,34,89,2,8,13,13,0.008,0.034,2229.04,0.18,192.0,False
2450,16.0,12.0,1.0,0,100000,2.98,17587,10676,341,0,891,16696,0.0,17.587,1153003.72,0.0,192.0,False
2451,16.0,12.0,20.0,0,100000,2.98,29,70,2,8,14,7,0.008,0.029,1901.24,0.15,192.0,False
2452,16.0,12.0,2.0,0,100000,2.98,7178,4489,156,8,675,6495,0.008,7.178,470589.68,37.65,192.0,False
2453,16.0,12.0,3.0,0,100000,2.98,3690,2303,77,20,527,3143,0.02,3.69,241916.4,48.38,192.0,False
2454,16.0,12.0,4.0,0,100000,2.98,2313,1457,43,35,483,1795,0.035,2.313,151640.28,53.07,192.0,False
2455,16.0,12.0,5.0,0,100000,2.98,1482,972,28,34,368,1080,0.034,1.482,97159.92,33.03,192.0,False
2456,16.0,12.0,6.0,0,100000,2.98,1050,674,16,50,289,711,0.05,1.05,68838.0,34.42,192.0,False
2457,16.0,12.0,7.0,0,100000,2.98,763,508,13,49,238,476,0.049,0.763,50022.28,24.51,192.0,False
2458,16.0,12.0,8.0,0,100000,2.98,528,443,12,43,205,280,0.043,0.528,34615.68,14.88,192.0,False
2459,16.0,12.0,9.0,0,100000,2.98,412,303,10,47,158,207,0.047,0.412,27010.72,12.7,192.0,False
2460,16.0,13.0,10.0,0,100000,2.98,337,300,7,43,118,176,0.043,0.337,22093.72,9.5,208.0,False
2461,16.0,13.0,11.0,0,100000,2.98,274,221,4,41,104,129,0.041,0.274,17963.44,7.37,208.0,False
2462,16.0,13.0,12.0,0,100000,2.98,181,190,7,25,71,85,0.025,0.181,11866.36,2.97,208.0,False
2463,16.0,13.0,13.0,0,100000,2.98,164,188,3,34,76,54,0.034,0.164,10751.84,3.66,208.0,False
2464,16.0,13.0,14.0,0,100000,2.98,124,165,0,28,35,61,0.028,0.124,8129.44,2.28,208.0,False
2465,16.0,13.0,15.0,0,100000,2.98,106,137,0,18,41,47,0.018,0.106,6949.36,1.25,208.0,False
2466,16.0,13.0,16.0,0,100000,2.98,86,99,0,24,27,35,0.024,0.086,5638.16,1.35,208.0,False
2467,16.0,13.0,17.0,0,100000,2.98,49,94,2,13,21,15,0.013,0.049,3212.44,0.42,208.0,False
2468,16.0,13.0,18.0,0,100000,2.98,53,84,3,14,18,21,0.014,0.053,3474.68,0.49,208.0,False
2469,16.0,13.0,19.0,0,100000,2.98,32,93,3,6,17,9,0.006,0.032,2097.92,0.13,208.0,False
2470,16.0,13.0,1.0,0,100000,2.98,17391,10758,296,1,895,16495,0.001,17.391,1140153.96,11.4,208.0,False
2471,16.0,13.0,20.0,0,100000,2.98,30,47,1,6,15,9,0.006,0.03,1966.8,0.12,208.0,False
2472,16.0,13.0,2.0,0,100000,2.98,7342,4579,136,5,708,6629,0.005,7.342,481341.52,24.07,208.0,False
2473,16.0,13.0,3.0,0,100000,2.98,3708,2463,91,23,531,3154,0.023,3.708,243096.48,55.91,208.0,False
2474,16.0,13.0,4.0,0,100000,2.98,2192,1435,47,31,443,1718,0.031,2.192,143707.52,44.55,208.0,False
2475,16.0,13.0,5.0,0,100000,2.98,1433,1011,27,32,372,1029,0.032,1.433,93947.48,30.06,208.0,False
2476,16.0,13.0,6.0,0,100000,2.98,1016,705,21,51,289,676,0.051,1.016,66608.96,33.97,208.0,False
2477,16.0,13.0,7.0,0,100000,2.98,744,529,22,50,231,463,0.05,0.744,48776.64,24.39,208.0,False
2478,16.0,13.0,8.0,0,100000,2.98,561,398,13,40,202,319,0.04,0.561,36779.16,14.71,208.0,False
2479,16.0,13.0,9.0,0,100000,2.98,412,301,4,38,139,235,0.038,0.412,27010.72,10.26,208.0,False
2480,16.0,14.0,10.0,0,100000,2.98,331,262,8,40,113,178,0.04,0.331,21700.36,8.68,224.0,False
2481,16.0,14.0,11.0,0,100000,2.98,269,245,4,38,110,121,0.038,0.269,17635.64,6.7,224.0,False
2482,16.0,14.0,12.0,0,100000,2.98,222,219,6,37,88,97,0.037,0.222,14554.32,5.39,224.0,False
2483,16.0,14.0,13.0,0,100000,2.98,158,169,4,19,76,63,0.019,0.158,10358.48,1.97,224.0,False
2484,16.0,14.0,14.0,0,100000,2.98,121,151,0,23,45,53,0.023,0.121,7932.76,1.82,224.0,False
2485,16.0,14.0,15.0,0,100000,2.98,108,137,3,14,50,44,0.014,0.108,7080.48,0.99,224.0,False
2486,16.0,14.0,16.0,0,100000,2.98,82,93,1,16,35,31,0.016,0.082,5375.92,0.86,224.0,False
2487,16.0,14.0,17.0,0,100000,2.98,65,86,3,11,27,27,0.011,0.065,4261.4,0.47,224.0,False
2488,16.0,14.0,18.0,0,100000,2.98,59,78,5,15,22,22,0.015,0.059,3868.04,0.58,224.0,False
2489,16.0,14.0,19.0,0,100000,2.98,46,79,1,11,18,17,0.011,0.046,3015.76,0.33,224.0,False
2490,16.0,14.0,1.0,0,100000,2.98,17541,10747,336,2,866,16673,0.002,17.541,1149987.96,23.0,224.0,False
2491,16.0,14.0,20.0,0,100000,2.98,38,69,1,13,14,11,0.013,0.038,2491.28,0.32,224.0,False
2492,16.0,14.0,2.0,0,100000,2.98,7370,4495,147,5,715,6650,0.005,7.37,483177.2,24.16,224.0,False
2493,16.0,14.0,3.0,0,100000,2.98,3709,2405,96,17,538,3154,0.017,3.709,243162.04,41.34,224.0,False
2494,16.0,14.0,4.0,0,100000,2.98,2209,1458,40,41,425,1743,0.041,2.209,144822.04,59.38,224.0,False
2495,16.0,14.0,5.0,0,100000,2.98,1483,1021,26,47,378,1058,0.047,1.483,97225.48,45.7,224.0,False
2496,16.0,14.0,6.0,0,100000,2.98,1000,653,19,50,269,681,0.05,1.0,65560.0,32.78,224.0,False
2497,16.0,14.0,7.0,0,100000,2.98,743,529,11,50,229,464,0.05,0.743,48711.08,24.36,224.0,False
2498,16.0,14.0,8.0,0,100000,2.98,539,420,8,49,183,307,0.049,0.539,35336.84,17.32,224.0,False
2499,16.0,14.0,9.0,0,100000,2.98,430,353,5,63,147,220,0.063,0.43,28190.8,17.76,224.0,False
2500,16.0,15.0,10.0,0,100000,2.98,348,286,5,48,138,162,0.048,0.348,22814.88,10.95,240.0,False
2501,16.0,15.0,11.0,0,100000,2.98,281,242,5,57,111,113,0.057,0.281,18422.36,10.5,240.0,False
2502,16.0,15.0,12.0,0,100000,2.98,194,185,1,23,76,95,0.023,0.194,12718.64,2.93,240.0,False
2503,16.0,15.0,13.0,0,100000,2.98,175,173,5,26,74,75,0.026,0.175,11473.0,2.98,240.0,False
2504,16.0,15.0,14.0,0,100000,2.98,133,151,1,32,47,54,0.032,0.133,8719.48,2.79,240.0,False
2505,16.0,15.0,15.0,0,100000,2.98,100,134,2,18,42,40,0.018,0.1,6556.0,1.18,240.0,False
2506,16.0,15.0,16.0,0,100000,2.98,75,108,2,16,28,31,0.016,0.075,4917.0,0.79,240.0,False
2507,16.0,15.0,17.0,0,100000,2.98,76,96,5,16,28,32,0.016,0.076,4982.56,0.8,240.0,False
2508,16.0,15.0,18.0,0,100000,2.98,58,80,5,10,24,24,0.01,0.058,3802.48,0.38,240.0,False
2509,16.0,15.0,19.0,0,100000,2.98,39,76,0,6,24,9,0.006,0.039,2556.84,0.15,240.0,False
2510,16.0,15.0,1.0,0,100000,2.98,17502,10489,310,2,870,16630,0.002,17.502,1147431.12,22.95,240.0,False
2511,16.0,15.0,20.0,0,100000,2.98,32,78,3,11,12,9,0.011,0.032,2097.92,0.23,240.0,False
2512,16.0,15.0,2.0,0,100000,2.98,7323,4437,161,6,776,6541,0.006,7.323,480095.88,28.81,240.0,False
2513,16.0,15.0,3.0,0,100000,2.98,3763,2347,65,20,540,3203,0.02,3.763,246702.28,49.34,240.0,False
2514,16.0,15.0,4.0,0,100000,2.98,2226,1492,40,32,452,1742,0.032,2.226,145936.56,46.7,240.0,False
2515,16.0,15.0,5.0,0,100000,2.98,1479,1007,32,36,382,1061,0.036,1.479,96963.24,34.91,240.0,False
2516,16.0,15.0,6.0,0,100000,2.98,1042,721,20,53,324,665,0.053,1.042,68313.52,36.21,240.0,False
2517,16.0,15.0,7.0,0,100000,2.98,694,530,16,48,186,460,0.048,0.694,45498.64,21.84,240.0,False
2518,16.0,15.0,8.0,0,100000,2.98,579,419,10,54,181,344,0.054,0.579,37959.24,20.5,240.0,False
2519,16.0,15.0,9.0,0,100000,2.98,418,358,8,49,145,224,0.049,0.418,27404.08,13.43,240.0,False
2520,16.0,16.0,10.0,0,100000,2.98,322,270,4,42,116,164,0.042,0.322,21110.32,8.87,256.0,True
2521,16.0,16.0,11.0,0,100000,2.98,280,249,6,40,108,132,0.04,0.28,18356.8,7.34,256.0,True
2522,16.0,16.0,12.0,0,100000,2.98,172,188,2,29,61,82,0.029,0.172,11276.32,3.27,256.0,True
2523,16.0,16.0,13.0,0,100000,2.98,174,182,2,41,60,73,0.041,0.174,11407.44,4.68,256.0,True
2524,16.0,16.0,14.0,0,100000,2.98,125,141,4,28,47,50,0.028,0.125,8195.0,2.29,256.0,True
2525,16.0,16.0,15.0,0,100000,2.98,106,140,3,25,41,40,0.025,0.106,6949.36,1.74,256.0,True
2526,16.0,16.0,16.0,0,100000,2.98,69,95,1,17,32,20,0.017,0.069,4523.64,0.77,256.0,True
2527,16.0,16.0,17.0,0,100000,2.98,67,96,0,14,31,22,0.014,0.067,4392.52,0.61,256.0,True
2528,16.0,16.0,18.0,0,100000,2.98,49,102,3,17,15,17,0.017,0.049,3212.44,0.55,256.0,True
2529,16.0,16.0,19.0,0,100000,2.98,46,71,0,12,20,14,0.012,0.046,3015.76,0.36,256.0,True
2530,16.0,16.0,1.0,0,100000,2.98,17286,10606,309,0,831,16455,0.0,17.286,1133270.16,0.0,256.0,True
2531,16.0,16.0,20.0,0,100000,2.98,39,67,3,10,14,15,0.01,0.039,2556.84,0.26,256.0,True
2532,16.0,16.0,2.0,0,100000,2.98,7209,4600,147,5,724,6480,0.005,7.209,472622.04,23.63,256.0,True
2533,16.0,16.0,3.0,0,100000,2.98,3880,2307,63,19,565,3296,0.019,3.88,254372.8,48.33,256.0,True
2534,16.0,16.0,4.0,0,100000,2.98,2268,1433,44,30,447,1791,0.03,2.268,148690.08,44.61,256.0,True
2535,16.0,16.0,5.0,0,100000,2.98,1531,937,25,46,386,1099,0.046,1.531,100372.36,46.17,256.0,True
2536,16.0,16.0,6.0,0,100000,2.98,1082,723,15,56,291,735,0.056,1.082,70935.92,39.72,256.0,True
2537,16.0,16.0,7.0,0,100000,2.98,723,546,19,46,208,469,0.046,0.723,47399.88,21.8,256.0,True
2538,16.0,16.0,8.0,0,100000,2.98,569,445,13,46,199,324,0.046,0.569,37303.64,17.16,256.0,True
2539,16.0,16.0,9.0,0,100000,2.98,425,326,11,48,146,231,0.048,0.425,27863.0,13.37,256.0,True
2540,16.0,17.0,10.0,0,100000,2.98,352,302,9,48,129,175,0.048,0.352,23077.12,11.08,272.0,False
2541,16.0,17.0,11.0,0,100000,2.98,285,246,3,42,106,137,0.042,0.285,18684.6,7.85,272.0,False
2542,16.0,17.0,12.0,0,100000,2.98,224,193,2,43,100,81,0.043,0.224,14685.44,6.31,272.0,False
2543,16.0,17.0,13.0,0,100000,2.98,193,186,4,45,70,78,0.045,0.193,12653.08,5.69,272.0,False
2544,16.0,17.0,14.0,0,100000,2.98,124,157,5,29,47,48,0.029,0.124,8129.44,2.36,272.0,False
2545,16.0,17.0,15.0,0,100000,2.98,121,111,4,20,54,47,0.02,0.121,7932.76,1.59,272.0,False
2546,16.0,17.0,16.0,0,100000,2.98,87,108,2,19,43,25,0.019,0.087,5703.72,1.08,272.0,False
2547,16.0,17.0,17.0,0,100000,2.98,59,111,3,16,28,15,0.016,0.059,3868.04,0.62,272.0,False
2548,16.0,17.0,18.0,0,100000,2.98,59,85,1,16,28,15,0.016,0.059,3868.04,0.62,272.0,False
2549,16.0,17.0,19.0,0,100000,2.98,38,66,4,9,13,16,0.009,0.038,2491.28,0.22,272.0,False
2550,16.0,17.0,1.0,0,100000,2.98,17547,10506,306,0,923,16624,0.0,17.547,1150381.32,0.0,272.0,False
2551,16.0,17.0,20.0,0,100000,2.98,31,69,1,8,16,7,0.008,0.031,2032.36,0.16,272.0,False
2552,16.0,17.0,2.0,0,100000,2.98,7357,4482,159,8,704,6645,0.008,7.357,482324.92,38.59,272.0,False
2553,16.0,17.0,3.0,0,100000,2.98,3778,2336,74,20,577,3181,0.02,3.778,247685.68,49.54,272.0,False
2554,16.0,17.0,4.0,0,100000,2.98,2348,1461,37,33,479,1836,0.033,2.348,153934.88,50.8,272.0,False
2555,16.0,17.0,5.0,0,100000,2.98,1446,964,13,43,350,1053,0.043,1.446,94799.76,40.76,272.0,False
2556,16.0,17.0,6.0,0,100000,2.98,1043,687,22,49,278,716,0.049,1.043,68379.08,33.51,272.0,False
2557,16.0,17.0,7.0,0,100000,2.98,770,507,10,55,251,464,0.055,0.77,50481.2,27.76,272.0,False
2558,16.0,17.0,8.0,0,100000,2.98,583,431,8,50,206,327,0.05,0.583,38221.48,19.11,272.0,False
2559,16.0,17.0,9.0,0,100000,2.98,476,328,17,46,176,254,0.046,0.476,31206.56,14.36,272.0,False
2560,16.0,18.0,10.0,0,100000,2.98,335,284,8,39,121,175,0.039,0.335,21962.6,8.57,288.0,False
2561,16.0,18.0,11.0,0,100000,2.98,239,218,2,31,87,121,0.031,0.239,15668.84,4.86,288.0,False
2562,16.0,18.0,12.0,0,100000,2.98,182,190,3,32,64,86,0.032,0.182,11931.92,3.82,288.0,False
2563,16.0,18.0,13.0,0,100000,2.98,158,165,1,31,67,60,0.031,0.158,10358.48,3.21,288.0,False
2564,16.0,18.0,14.0,0,100000,2.98,170,172,3,33,71,66,0.033,0.17,11145.2,3.68,288.0,False
2565,16.0,18.0,15.0,0,100000,2.98,108,123,5,26,47,35,0.026,0.108,7080.48,1.84,288.0,False
2566,16.0,18.0,16.0,0,100000,2.98,101,104,2,22,39,40,0.022,0.101,6621.56,1.46,288.0,False
2567,16.0,18.0,17.0,0,100000,2.98,79,106,3,15,34,30,0.015,0.079,5179.24,0.78,288.0,False
2568,16.0,18.0,18.0,0,100000,2.98,68,65,0,19,33,16,0.019,0.068,4458.08,0.85,288.0,False
2569,16.0,18.0,19.0,0,100000,2.98,46,111,2,11,17,18,0.011,0.046,3015.76,0.33,288.0,False
2570,16.0,18.0,1.0,0,100000,2.98,17502,10675,291,4,932,16566,0.004,17.502,1147431.12,45.9,288.0,False
2571,16.0,18.0,20.0,0,100000,2.98,32,72,1,6,11,15,0.006,0.032,2097.92,0.13,288.0,False
2572,16.0,18.0,2.0,0,100000,2.98,7277,4601,156,7,735,6535,0.007,7.277,477080.12,33.4,288.0,False
2573,16.0,18.0,3.0,0,100000,2.98,3835,2391,77,20,579,3236,0.02,3.835,251422.6,50.28,288.0,False
2574,16.0,18.0,4.0,0,100000,2.98,2337,1472,40,36,471,1830,0.036,2.337,153213.72,55.16,288.0,False
2575,16.0,18.0,5.0,0,100000,2.98,1471,978,32,49,378,1044,0.049,1.471,96438.76,47.25,288.0,False
2576,16.0,18.0,6.0,0,100000,2.98,1020,666,21,52,285,683,0.052,1.02,66871.2,34.77,288.0,False
2577,16.0,18.0,7.0,0,100000,2.98,762,544,13,49,232,481,0.049,0.762,49956.72,24.48,288.0,False
2578,16.0,18.0,8.0,0,100000,2.98,584,388,6,54,201,329,0.054,0.584,38287.04,20.68,288.0,False
2579,16.0,18.0,9.0,0,100000,2.98,470,352,9,65,171,234,0.065,0.47,30813.2,20.03,288.0,False
2580,16.0,19.0,10.0,0,100000,2.98,340,278,6,57,121,162,0.057,0.34,22290.4,12.71,304.0,False
2581,16.0,19.0,11.0,0,100000,2.98,283,251,5,47,105,131,0.047,0.283,18553.48,8.72,304.0,False
2582,16.0,19.0,12.0,0,100000,2.98,192,206,3,40,69,83,0.04,0.192,12587.52,5.04,304.0,False
2583,16.0,19.0,13.0,0,100000,2.98,160,162,3,30,67,63,0.03,0.16,10489.6,3.15,304.0,False
2584,16.0,19.0,14.0,0,100000,2.98,124,144,2,26,49,49,0.026,0.124,8129.44,2.11,304.0,False
2585,16.0,19.0,15.0,0,100000,2.98,88,147,6,22,40,26,0.022,0.088,5769.28,1.27,304.0,False
2586,16.0,19.0,16.0,0,100000,2.98,82,106,0,21,42,19,0.021,0.082,5375.92,1.13,304.0,False
2587,16.0,19.0,17.0,0,100000,2.98,51,96,1,12,17,22,0.012,0.051,3343.56,0.4,304.0,False
2588,16.0,19.0,18.0,0,100000,2.98,62,95,1,18,25,19,0.018,0.062,4064.72,0.73,304.0,False
2589,16.0,19.0,19.0,0,100000,2.98,44,91,0,12,19,13,0.012,0.044,2884.64,0.35,304.0,False
2590,16.0,19.0,1.0,0,100000,2.98,17444,10616,273,1,859,16584,0.001,17.444,1143628.64,11.44,304.0,False
2591,16.0,19.0,20.0,0,100000,2.98,32,80,1,8,13,11,0.008,0.032,2097.92,0.17,304.0,False
2592,16.0,19.0,2.0,0,100000,2.98,7271,4703,153,4,771,6496,0.004,7.271,476686.76,19.07,304.0,False
2593,16.0,19.0,3.0,0,100000,2.98,3677,2289,60,16,568,3093,0.016,3.677,241064.12,38.57,304.0,False
2594,16.0,19.0,4.0,0,100000,2.98,2246,1368,41,37,461,1748,0.037,2.246,147247.76,54.48,304.0,False
2595,16.0,19.0,5.0,0,100000,2.98,1463,970,28,50,358,1055,0.05,1.463,95914.28,47.96,304.0,False
2596,16.0,19.0,6.0,0,100000,2.98,1045,675,22,54,316,675,0.054,1.045,68510.2,37.0,304.0,False
2597,16.0,19.0,7.0,0,100000,2.98,765,499,8,52,237,476,0.052,0.765,50153.4,26.08,304.0,False
2598,16.0,19.0,8.0,0,100000,2.98,552,395,16,46,183,323,0.046,0.552,36189.12,16.65,304.0,False
2599,16.0,19.0,9.0,0,100000,2.98,474,336,7,52,164,258,0.052,0.474,31075.44,16.16,304.0,False
2600,16.0,1.0,10.0,0,100000,2.98,117,235,5,0,2,115,0.0,0.117,7670.52,0.0,16.0,False
2601,16.0,1.0,11.0,0,100000,2.98,104,203,1,0,2,102,0.0,0.104,6818.24,0.0,16.0,False
2602,16.0,1.0,12.0,0,100000,2.98,67,153,2,0,1,66,0.0,0.067,4392.52,0.0,16.0,False
2603,16.0,1.0,13.0,0,100000,2.98,47,139,2,0,1,46,0.0,0.047,3081.32,0.0,16.0,False
2604,16.0,1.0,14.0,0,100000,2.98,34,108,3,0,1,33,0.0,0.034,2229.04,0.0,16.0,False
2605,16.0,1.0,15.0,0,100000,2.98,33,92,1,0,2,31,0.0,0.033,2163.48,0.0,16.0,False
2606,16.0,1.0,16.0,0,100000,2.98,23,78,1,0,1,22,0.0,0.023,1507.88,0.0,16.0,False
2607,16.0,1.0,17.0,0,100000,2.98,19,54,0,0,0,19,0.0,0.019,1245.64,0.0,16.0,False
2608,16.0,1.0,18.0,0,100000,2.98,16,67,1,0,1,15,0.0,0.016,1048.96,0.0,16.0,False
2609,16.0,1.0,19.0,0,100000,2.98,13,55,1,0,0,13,0.0,0.013,852.28,0.0,16.0,False
2610,16.0,1.0,1.0,0,100000,2.98,16794,10567,262,0,623,16171,0.0,16.794,1101014.64,0.0,16.0,False
2611,16.0,1.0,20.0,0,100000,2.98,8,47,1,0,0,8,0.0,0.008,524.48,0.0,16.0,False
2612,16.0,1.0,2.0,0,100000,2.98,6790,4536,129,0,311,6479,0.0,6.79,445152.4,0.0,16.0,False
2613,16.0,1.0,3.0,0,100000,2.98,3213,2369,58,0,157,3056,0.0,3.213,210644.28,0.0,16.0,False
2614,16.0,1.0,4.0,0,100000,2.98,1691,1344,32,0,97,1594,0.0,1.691,110861.96,0.0,16.0,False
2615,16.0,1.0,5.0,0,100000,2.98,980,928,20,0,55,925,0.0,0.98,64248.8,0.0,16.0,False
2616,16.0,1.0,6.0,0,100000,2.98,641,614,16,0,31,610,0.0,0.641,42023.96,0.0,16.0,False
2617,16.0,1.0,7.0,0,100000,2.98,386,427,8,0,10,376,0.0,0.386,25306.16,0.0,16.0,False
2618,16.0,1.0,8.0,0,100000,2.98,270,369,9,0,9,261,0.0,0.27,17701.2,0.0,16.0,False
2619,16.0,1.0,9.0,0,100000,2.98,191,293,4,0,7,184,0.0,0.191,12521.96,0.0,16.0,False
2620,16.0,20.0,10.0,0,100000,2.98,352,299,2,49,129,174,0.049,0.352,23077.12,11.31,320.0,False
2621,16.0,20.0,11.0,0,100000,2.98,274,212,2,42,104,128,0.042,0.274,17963.44,7.54,320.0,False
2622,16.0,20.0,12.0,0,100000,2.98,186,185,4,25,90,71,0.025,0.186,12194.16,3.05,320.0,False
2623,16.0,20.0,13.0,0,100000,2.98,162,157,3,35,66,61,0.035,0.162,10620.72,3.72,320.0,False
2624,16.0,20.0,14.0,0,100000,2.98,139,150,1,26,55,58,0.026,0.139,9112.84,2.37,320.0,False
2625,16.0,20.0,15.0,0,100000,2.98,100,111,5,25,42,33,0.025,0.1,6556.0,1.64,320.0,False
2626,16.0,20.0,16.0,0,100000,2.98,91,113,1,20,33,38,0.02,0.091,5965.96,1.19,320.0,False
2627,16.0,20.0,17.0,0,100000,2.98,72,115,2,13,28,31,0.013,0.072,4720.32,0.61,320.0,False
2628,16.0,20.0,18.0,0,100000,2.98,43,105,0,13,17,13,0.013,0.043,2819.08,0.37,320.0,False
2629,16.0,20.0,19.0,0,100000,2.98,43,97,3,7,20,16,0.007,0.043,2819.08,0.2,320.0,False
2630,16.0,20.0,1.0,0,100000,2.98,17454,10533,314,1,860,16593,0.001,17.454,1144284.24,11.44,320.0,False
2631,16.0,20.0,20.0,0,100000,2.98,43,69,1,13,16,14,0.013,0.043,2819.08,0.37,320.0,False
2632,16.0,20.0,2.0,0,100000,2.98,7343,4653,140,8,747,6588,0.008,7.343,481407.08,38.51,320.0,False
2633,16.0,20.0,3.0,0,100000,2.98,3775,2382,87,24,550,3201,0.024,3.775,247489.0,59.4,320.0,False
2634,16.0,20.0,4.0,0,100000,2.98,2243,1493,33,30,430,1783,0.03,2.243,147051.08,44.12,320.0,False
2635,16.0,20.0,5.0,0,100000,2.98,1506,968,29,55,345,1106,0.055,1.506,98733.36,54.3,320.0,False
2636,16.0,20.0,6.0,0,100000,2.98,939,681,15,42,272,625,0.042,0.939,61560.84,25.86,320.0,False
2637,16.0,20.0,7.0,0,100000,2.98,773,540,18,57,249,467,0.057,0.773,50677.88,28.89,320.0,False
2638,16.0,20.0,8.0,0,100000,2.98,594,404,13,52,206,336,0.052,0.594,38942.64,20.25,320.0,False
2639,16.0,20.0,9.0,0,100000,2.98,427,320,7,48,162,217,0.048,0.427,27994.12,13.44,320.0,False
2640,16.0,2.0,10.0,0,100000,2.98,135,219,9,1,4,130,0.001,0.135,8850.6,0.09,32.0,False
2641,16.0,2.0,11.0,0,100000,2.98,89,169,3,0,7,82,0.0,0.089,5834.84,0.0,32.0,False
2642,16.0,2.0,12.0,0,100000,2.98,58,152,3,0,6,52,0.0,0.058,3802.48,0.0,32.0,False
2643,16.0,2.0,13.0,0,100000,2.98,38,122,3,0,7,31,0.0,0.038,2491.28,0.0,32.0,False
2644,16.0,2.0,14.0,0,100000,2.98,37,106,0,0,2,35,0.0,0.037,2425.72,0.0,32.0,False
2645,16.0,2.0,15.0,0,100000,2.98,20,102,1,0,4,16,0.0,0.02,1311.2,0.0,32.0,False
2646,16.0,2.0,16.0,0,100000,2.98,12,86,3,0,1,11,0.0,0.012,786.72,0.0,32.0,False
2647,16.0,2.0,17.0,0,100000,2.98,9,66,5,0,0,9,0.0,0.009,590.04,0.0,32.0,False
2648,16.0,2.0,18.0,0,100000,2.98,6,58,2,0,0,6,0.0,0.006,393.36,0.0,32.0,False
2649,16.0,2.0,19.0,0,100000,2.98,9,51,0,0,0,9,0.0,0.009,590.04,0.0,32.0,False
2650,16.0,2.0,1.0,0,100000,2.98,17096,10755,273,0,822,16274,0.0,17.096,1120813.76,0.0,32.0,False
2651,16.0,2.0,20.0,0,100000,2.98,2,47,0,0,0,2,0.0,0.002,131.12,0.0,32.0,False
2652,16.0,2.0,2.0,0,100000,2.98,6972,4466,137,0,565,6407,0.0,6.972,457084.32,0.0,32.0,False
2653,16.0,2.0,3.0,0,100000,2.98,3398,2348,68,2,314,3082,0.002,3.398,222772.88,4.46,32.0,False
2654,16.0,2.0,4.0,0,100000,2.98,1863,1353,45,1,175,1687,0.001,1.863,122138.28,1.22,32.0,False
2655,16.0,2.0,5.0,0,100000,2.98,1109,912,25,0,133,976,0.0,1.109,72706.04,0.0,32.0,False
2656,16.0,2.0,6.0,0,100000,2.98,654,635,18,2,71,581,0.002,0.654,42876.24,0.86,32.0,False
2657,16.0,2.0,7.0,0,100000,2.98,399,476,11,0,47,352,0.0,0.399,26158.44,0.0,32.0,False
2658,16.0,2.0,8.0,0,100000,2.98,263,349,3,0,29,234,0.0,0.263,17242.28,0.0,32.0,False
2659,16.0,2.0,9.0,0,100000,2.98,164,282,11,1,14,149,0.001,0.164,10751.84,0.11,32.0,False
2660,16.0,3.0,10.0,0,100000,2.98,158,231,4,1,28,129,0.001,0.158,10358.48,0.1,48.0,False
2661,16.0,3.0,11.0,0,100000,2.98,109,184,7,1,15,93,0.001,0.109,7146.04,0.07,48.0,False
2662,16.0,3.0,12.0,0,100000,2.98,77,167,6,2,14,61,0.002,0.077,5048.12,0.1,48.0,False
2663,16.0,3.0,13.0,0,100000,2.98,60,129,4,1,7,52,0.001,0.06,3933.6,0.04,48.0,False
2664,16.0,3.0,14.0,0,100000,2.98,45,111,6,0,5,40,0.0,0.045,2950.2,0.0,48.0,False
2665,16.0,3.0,15.0,0,100000,2.98,33,103,1,1,5,27,0.001,0.033,2163.48,0.02,48.0,False
2666,16.0,3.0,16.0,0,100000,2.98,26,74,0,0,6,20,0.0,0.026,1704.56,0.0,48.0,False
2667,16.0,3.0,17.0,0,100000,2.98,20,89,3,0,4,16,0.0,0.02,1311.2,0.0,48.0,False
2668,16.0,3.0,18.0,0,100000,2.98,17,50,3,0,4,13,0.0,0.017,1114.52,0.0,48.0,False
2669,16.0,3.0,19.0,0,100000,2.98,7,55,3,0,1,6,0.0,0.007,458.92,0.0,48.0,False
2670,16.0,3.0,1.0,0,100000,2.98,17475,10628,314,1,835,16639,0.001,17.475,1145661.0,11.46,48.0,False
2671,16.0,3.0,20.0,0,100000,2.98,9,56,3,1,3,5,0.001,0.009,590.04,0.01,48.0,False
2672,16.0,3.0,2.0,0,100000,2.98,7218,4519,142,2,618,6598,0.002,7.218,473212.08,9.46,48.0,False
2673,16.0,3.0,3.0,0,100000,2.98,3515,2356,59,10,436,3069,0.01,3.515,230443.4,23.04,48.0,False
2674,16.0,3.0,4.0,0,100000,2.98,2034,1407,53,7,271,1756,0.007,2.034,133349.04,9.33,48.0,False
2675,16.0,3.0,5.0,0,100000,2.98,1155,917,27,3,199,953,0.003,1.155,75721.8,2.27,48.0,False
2676,16.0,3.0,6.0,0,100000,2.98,799,666,14,8,138,653,0.008,0.799,52382.44,4.19,48.0,False
2677,16.0,3.0,7.0,0,100000,2.98,506,459,15,2,92,412,0.002,0.506,33173.36,0.66,48.0,False
2678,16.0,3.0,8.0,0,100000,2.98,353,357,14,4,53,296,0.004,0.353,23142.68,0.93,48.0,False
2679,16.0,3.0,9.0,0,100000,2.98,234,313,6,2,30,202,0.002,0.234,15341.04,0.31,48.0,False
2680,16.0,4.0,10.0,0,100000,2.98,190,244,5,6,38,146,0.006,0.19,12456.4,0.75,64.0,False
2681,16.0,4.0,11.0,0,100000,2.98,144,198,4,4,28,112,0.004,0.144,9440.64,0.38,64.0,False
2682,16.0,4.0,12.0,0,100000,2.98,99,156,6,4,24,71,0.004,0.099,6490.44,0.26,64.0,False
2683,16.0,4.0,13.0,0,100000,2.98,64,138,2,0,11,53,0.0,0.064,4195.84,0.0,64.0,False
2684,16.0,4.0,14.0,0,100000,2.98,57,110,5,0,10,47,0.0,0.057,3736.92,0.0,64.0,False
2685,16.0,4.0,15.0,0,100000,2.98,36,100,2,1,5,30,0.001,0.036,2360.16,0.02,64.0,False
2686,16.0,4.0,16.0,0,100000,2.98,26,75,3,0,5,21,0.0,0.026,1704.56,0.0,64.0,False
2687,16.0,4.0,17.0,0,100000,2.98,20,68,2,0,3,17,0.0,0.02,1311.2,0.0,64.0,False
2688,16.0,4.0,18.0,0,100000,2.98,19,74,1,1,2,16,0.001,0.019,1245.64,0.01,64.0,False
2689,16.0,4.0,19.0,0,100000,2.98,14,48,1,0,4,10,0.0,0.014,917.84,0.0,64.0,False
2690,16.0,4.0,1.0,0,100000,2.98,17091,10633,323,0,886,16205,0.0,17.091,1120485.96,0.0,64.0,False
2691,16.0,4.0,20.0,0,100000,2.98,8,61,0,0,0,8,0.0,0.008,524.48,0.0,64.0,False
2692,16.0,4.0,2.0,0,100000,2.98,7230,4442,154,2,716,6512,0.002,7.23,473998.8,9.48,64.0,False
2693,16.0,4.0,3.0,0,100000,2.98,3622,2333,78,11,520,3091,0.011,3.622,237458.32,26.12,64.0,False
2694,16.0,4.0,4.0,0,100000,2.98,2119,1439,36,13,361,1745,0.013,2.119,138921.64,18.06,64.0,False
2695,16.0,4.0,5.0,0,100000,2.98,1243,927,34,8,241,994,0.008,1.243,81491.08,6.52,64.0,False
2696,16.0,4.0,6.0,0,100000,2.98,912,668,19,12,195,705,0.012,0.912,59790.72,7.17,64.0,False
2697,16.0,4.0,7.0,0,100000,2.98,515,513,10,8,112,395,0.008,0.515,33763.4,2.7,64.0,False
2698,16.0,4.0,8.0,0,100000,2.98,354,395,15,8,94,252,0.008,0.354,23208.24,1.86,64.0,False
2699,16.0,4.0,9.0,0,100000,2.98,265,281,7,7,52,206,0.007,0.265,17373.4,1.22,64.0,False
2700,16.0,5.0,10.0,0,100000,2.98,208,265,8,11,56,141,0.011,0.208,13636.48,1.5,80.0,False
2701,16.0,5.0,11.0,0,100000,2.98,182,184,3,8,36,138,0.008,0.182,11931.92,0.95,80.0,False
2702,16.0,5.0,12.0,0,100000,2.98,134,184,8,6,38,90,0.006,0.134,8785.04,0.53,80.0,False
2703,16.0,5.0,13.0,0,100000,2.98,98,144,2,5,27,66,0.005,0.098,6424.88,0.32,80.0,False
2704,16.0,5.0,14.0,0,100000,2.98,68,109,1,5,14,49,0.005,0.068,4458.08,0.22,80.0,False
2705,16.0,5.0,15.0,0,100000,2.98,53,108,4,1,13,39,0.001,0.053,3474.68,0.03,80.0,False
2706,16.0,5.0,16.0,0,100000,2.98,45,77,3,4,16,25,0.004,0.045,2950.2,0.12,80.0,False
2707,16.0,5.0,17.0,0,100000,2.98,33,54,5,1,9,23,0.001,0.033,2163.48,0.02,80.0,False
2708,16.0,5.0,18.0,0,100000,2.98,16,74,0,1,3,12,0.001,0.016,1048.96,0.01,80.0,False
2709,16.0,5.0,19.0,0,100000,2.98,12,57,2,2,3,7,0.002,0.012,786.72,0.02,80.0,False
2710,16.0,5.0,1.0,0,100000,2.98,17589,10646,280,0,879,16710,0.0,17.589,1153134.84,0.0,80.0,False
2711,16.0,5.0,20.0,0,100000,2.98,24,44,4,1,4,19,0.001,0.024,1573.44,0.02,80.0,False
2712,16.0,5.0,2.0,0,100000,2.98,7298,4548,136,6,705,6587,0.006,7.298,478456.88,28.71,80.0,False
2713,16.0,5.0,3.0,0,100000,2.98,3780,2386,61,11,532,3237,0.011,3.78,247816.8,27.26,80.0,False
2714,16.0,5.0,4.0,0,100000,2.98,2176,1401,45,16,418,1742,0.016,2.176,142658.56,22.83,80.0,False
2715,16.0,5.0,5.0,0,100000,2.98,1362,921,25,15,276,1071,0.015,1.362,89292.72,13.39,80.0,False
2716,16.0,5.0,6.0,0,100000,2.98,854,693,17,22,191,641,0.022,0.854,55988.24,12.32,80.0,False
2717,16.0,5.0,7.0,0,100000,2.98,618,468,13,11,185,422,0.011,0.618,40516.08,4.46,80.0,False
2718,16.0,5.0,8.0,0,100000,2.98,455,395,16,13,113,329,0.013,0.455,29829.8,3.88,80.0,False
2719,16.0,5.0,9.0,0,100000,2.98,304,301,8,16,82,206,0.016,0.304,19930.24,3.19,80.0,False
2720,16.0,6.0,10.0,0,100000,2.98,237,246,10,17,60,160,0.017,0.237,15537.72,2.64,96.0,False
2721,16.0,6.0,11.0,0,100000,2.98,189,196,6,12,45,132,0.012,0.189,12390.84,1.49,96.0,False
2722,16.0,6.0,12.0,0,100000,2.98,128,163,6,10,38,80,0.01,0.128,8391.68,0.84,96.0,False
2723,16.0,6.0,13.0,0,100000,2.98,101,149,5,11,24,66,0.011,0.101,6621.56,0.73,96.0,False
2724,16.0,6.0,14.0,0,100000,2.98,80,131,4,5,30,45,0.005,0.08,5244.8,0.26,96.0,False
2725,16.0,6.0,15.0,0,100000,2.98,62,100,2,5,22,35,0.005,0.062,4064.72,0.2,96.0,False
2726,16.0,6.0,16.0,0,100000,2.98,63,79,6,10,13,40,0.01,0.063,4130.28,0.41,96.0,False
2727,16.0,6.0,17.0,0,100000,2.98,32,100,2,1,9,22,0.001,0.032,2097.92,0.02,96.0,False
2728,16.0,6.0,18.0,0,100000,2.98,19,66,3,1,6,12,0.001,0.019,1245.64,0.01,96.0,False
2729,16.0,6.0,19.0,0,100000,2.98,19,62,0,3,2,14,0.003,0.019,1245.64,0.04,96.0,False
2730,16.0,6.0,1.0,0,100000,2.98,17465,10562,322,1,903,16561,0.001,17.465,1145005.4,11.45,96.0,False
2731,16.0,6.0,20.0,0,100000,2.98,18,55,1,1,4,13,0.001,0.018,1180.08,0.01,96.0,False
2732,16.0,6.0,2.0,0,100000,2.98,7269,4568,142,3,686,6580,0.003,7.269,476555.64,14.3,96.0,False
2733,16.0,6.0,3.0,0,100000,2.98,3781,2436,66,15,527,3239,0.015,3.781,247882.36,37.18,96.0,False
2734,16.0,6.0,4.0,0,100000,2.98,2222,1418,49,17,387,1818,0.017,2.222,145674.32,24.76,96.0,False
2735,16.0,6.0,5.0,0,100000,2.98,1389,902,26,26,309,1054,0.026,1.389,91062.84,23.68,96.0,False
2736,16.0,6.0,6.0,0,100000,2.98,1013,742,10,30,267,716,0.03,1.013,66412.28,19.92,96.0,False
2737,16.0,6.0,7.0,0,100000,2.98,646,506,12,28,188,430,0.028,0.646,42351.76,11.86,96.0,False
2738,16.0,6.0,8.0,0,100000,2.98,453,368,10,16,146,291,0.016,0.453,29698.68,4.75,96.0,False
2739,16.0,6.0,9.0,0,100000,2.98,342,294,10,22,101,219,0.022,0.342,22421.52,4.93,96.0,False
2740,16.0,7.0,10.0,0,100000,2.98,272,281,4,15,97,160,0.015,0.272,17832.32,2.67,112.0,False
2741,16.0,7.0,11.0,0,100000,2.98,208,234,4,14,68,126,0.014,0.208,13636.48,1.91,112.0,False
2742,16.0,7.0,12.0,0,100000,2.98,154,186,2,15,62,77,0.015,0.154,10096.24,1.51,112.0,False
2743,16.0,7.0,13.0,0,100000,2.98,109,144,2,6,33,70,0.006,0.109,7146.04,0.43,112.0,False
2744,16.0,7.0,14.0,0,100000,2.98,89,132,5,13,19,57,0.013,0.089,5834.84,0.76,112.0,False
2745,16.0,7.0,15.0,0,100000,2.98,71,112,2,5,22,44,0.005,0.071,4654.76,0.23,112.0,False
2746,16.0,7.0,16.0,0,100000,2.98,55,99,2,5,16,34,0.005,0.055,3605.8,0.18,112.0,False
2747,16.0,7.0,17.0,0,100000,2.98,49,75,0,6,16,27,0.006,0.049,3212.44,0.19,112.0,False
2748,16.0,7.0,18.0,0,100000,2.98,32,76,2,1,10,21,0.001,0.032,2097.92,0.02,112.0,False
2749,16.0,7.0,19.0,0,100000,2.98,20,68,2,0,6,14,0.0,0.02,1311.2,0.0,112.0,False
2750,16.0,7.0,1.0,0,100000,2.98,17465,10610,291,1,898,16566,0.001,17.465,1145005.4,11.45,112.0,False
2751,16.0,7.0,20.0,0,100000,2.98,21,60,0,1,4,16,0.001,0.021,1376.76,0.01,112.0,False
2752,16.0,7.0,2.0,0,100000,2.98,7259,4531,162,4,751,6504,0.004,7.259,475900.04,19.04,112.0,False
2753,16.0,7.0,3.0,0,100000,2.98,3749,2446,79,17,553,3179,0.017,3.749,245784.44,41.78,112.0,False
2754,16.0,7.0,4.0,0,100000,2.98,2194,1449,47,22,409,1763,0.022,2.194,143838.64,31.64,112.0,False
2755,16.0,7.0,5.0,0,100000,2.98,1388,974,25,36,333,1019,0.036,1.388,90997.28,32.76,112.0,False
2756,16.0,7.0,6.0,0,100000,2.98,1002,716,16,26,269,707,0.026,1.002,65691.12,17.08,112.0,False
2757,16.0,7.0,7.0,0,100000,2.98,686,527,12,30,188,468,0.03,0.686,44974.16,13.49,112.0,False
2758,16.0,7.0,8.0,0,100000,2.98,485,377,11,35,143,307,0.035,0.485,31796.6,11.13,112.0,False
2759,16.0,7.0,9.0,0,100000,2.98,342,311,15,24,117,201,0.024,0.342,22421.52,5.38,112.0,False
2760,16.0,8.0,10.0,0,100000,2.98,271,257,9,19,81,171,0.019,0.271,17766.76,3.38,128.0,False
2761,16.0,8.0,11.0,0,100000,2.98,220,218,3,27,76,117,0.027,0.22,14423.2,3.89,128.0,False
2762,16.0,8.0,12.0,0,100000,2.98,142,202,8,14,42,86,0.014,0.142,9309.52,1.3,128.0,False
2763,16.0,8.0,13.0,0,100000,2.98,130,153,7,11,59,60,0.011,0.13,8522.8,0.94,128.0,False
2764,16.0,8.0,14.0,0,100000,2.98,96,131,1,10,40,46,0.01,0.096,6293.76,0.63,128.0,False
2765,16.0,8.0,15.0,0,100000,2.98,67,107,4,8,18,41,0.008,0.067,4392.52,0.35,128.0,False
2766,16.0,8.0,16.0,0,100000,2.98,55,99,4,8,18,29,0.008,0.055,3605.8,0.29,128.0,False
2767,16.0,8.0,17.0,0,100000,2.98,46,78,1,7,15,24,0.007,0.046,3015.76,0.21,128.0,False
2768,16.0,8.0,18.0,0,100000,2.98,31,67,2,4,10,17,0.004,0.031,2032.36,0.08,128.0,False
2769,16.0,8.0,19.0,0,100000,2.98,23,64,1,0,8,15,0.0,0.023,1507.88,0.0,128.0,False
2770,16.0,8.0,1.0,0,100000,2.98,17446,10658,308,1,899,16546,0.001,17.446,1143759.76,11.44,128.0,False
2771,16.0,8.0,20.0,0,100000,2.98,20,60,1,4,6,10,0.004,0.02,1311.2,0.05,128.0,False
2772,16.0,8.0,2.0,0,100000,2.98,7355,4535,121,6,761,6588,0.006,7.355,482193.8,28.93,128.0,False
2773,16.0,8.0,3.0,0,100000,2.98,3782,2484,71,12,542,3228,0.012,3.782,247947.92,29.75,128.0,False
2774,16.0,8.0,4.0,0,100000,2.98,2270,1435,52,31,443,1796,0.031,2.27,148821.2,46.13,128.0,False
2775,16.0,8.0,5.0,0,100000,2.98,1433,969,26,46,349,1038,0.046,1.433,93947.48,43.22,128.0,False
2776,16.0,8.0,6.0,0,100000,2.98,1010,723,18,36,276,698,0.036,1.01,66215.6,23.84,128.0,False
2777,16.0,8.0,7.0,0,100000,2.98,644,507,18,39,191,414,0.039,0.644,42220.64,16.47,128.0,False
2778,16.0,8.0,8.0,0,100000,2.98,492,402,6,36,159,297,0.036,0.492,32255.52,11.61,128.0,False
2779,16.0,8.0,9.0,0,100000,2.98,383,332,9,25,131,227,0.025,0.383,25109.48,6.28,128.0,False
2780,16.0,9.0,10.0,0,100000,2.98,348,262,8,36,113,199,0.036,0.348,22814.88,8.21,144.0,False
2781,16.0,9.0,11.0,0,100000,2.98,231,209,6,22,73,136,0.022,0.231,15144.36,3.33,144.0,False
2782,16.0,9.0,12.0,0,100000,2.98,147,180,7,17,52,78,0.017,0.147,9637.32,1.64,144.0,False
2783,16.0,9.0,13.0,0,100000,2.98,125,171,2,17,40,68,0.017,0.125,8195.0,1.39,144.0,False
2784,16.0,9.0,14.0,0,100000,2.98,119,144,2,21,40,58,0.021,0.119,7801.64,1.64,144.0,False
2785,16.0,9.0,15.0,0,100000,2.98,78,129,2,13,29,36,0.013,0.078,5113.68,0.66,144.0,False
2786,16.0,9.0,16.0,0,100000,2.98,54,98,3,12,16,26,0.012,0.054,3540.24,0.42,144.0,False
2787,16.0,9.0,17.0,0,100000,2.98,54,101,1,14,19,21,0.014,0.054,3540.24,0.5,144.0,False
2788,16.0,9.0,18.0,0,100000,2.98,38,77,1,7,12,19,0.007,0.038,2491.28,0.17,144.0,False
2789,16.0,9.0,19.0,0,100000,2.98,28,83,2,4,12,12,0.004,0.028,1835.68,0.07,144.0,False
2790,16.0,9.0,1.0,0,100000,2.98,17379,10602,327,1,921,16457,0.001,17.379,1139367.24,11.39,144.0,False
2791,16.0,9.0,20.0,0,100000,2.98,24,74,3,5,7,12,0.005,0.024,1573.44,0.08,144.0,False
2792,16.0,9.0,2.0,0,100000,2.98,7312,4523,183,2,723,6587,0.002,7.312,479374.72,9.59,144.0,False
2793,16.0,9.0,3.0,0,100000,2.98,3748,2301,82,24,556,3168,0.024,3.748,245718.88,58.97,144.0,False
2794,16.0,9.0,4.0,0,100000,2.98,2251,1429,41,26,433,1792,0.026,2.251,147575.56,38.37,144.0,False
2795,16.0,9.0,5.0,0,100000,2.98,1450,964,21,33,365,1052,0.033,1.45,95062.0,31.37,144.0,False
2796,16.0,9.0,6.0,0,100000,2.98,1045,649,11,36,291,718,0.036,1.045,68510.2,24.66,144.0,False
2797,16.0,9.0,7.0,0,100000,2.98,756,532,19,55,212,489,0.055,0.756,49563.36,27.26,144.0,False
2798,16.0,9.0,8.0,0,100000,2.98,490,404,15,30,159,301,0.03,0.49,32124.4,9.64,144.0,False
2799,16.0,9.0,9.0,0,100000,2.98,388,301,14,37,143,208,0.037,0.388,25437.28,9.41,144.0,False
2800,17.0,10.0,10.0,0,100000,2.98,335,252,1,43,115,177,0.043,0.335,21962.6,9.44,170.0,False
2801,17.0,10.0,11.0,0,100000,2.98,236,207,6,37,84,115,0.037,0.236,15472.16,5.72,170.0,False
2802,17.0,10.0,12.0,0,100000,2.98,171,189,8,18,64,89,0.018,0.171,11210.76,2.02,170.0,False
2803,17.0,10.0,13.0,0,100000,2.98,138,155,3,24,61,53,0.024,0.138,9047.28,2.17,170.0,False
2804,17.0,10.0,14.0,0,100000,2.98,109,109,3,13,48,48,0.013,0.109,7146.04,0.93,170.0,False
2805,17.0,10.0,15.0,0,100000,2.98,103,128,2,13,43,47,0.013,0.103,6752.68,0.88,170.0,False
2806,17.0,10.0,16.0,0,100000,2.98,81,95,2,13,31,37,0.013,0.081,5310.36,0.69,170.0,False
2807,17.0,10.0,17.0,0,100000,2.98,51,94,2,14,17,20,0.014,0.051,3343.56,0.47,170.0,False
2808,17.0,10.0,18.0,0,100000,2.98,46,75,1,3,24,19,0.003,0.046,3015.76,0.09,170.0,False
2809,17.0,10.0,19.0,0,100000,2.98,39,74,0,6,18,15,0.006,0.039,2556.84,0.15,170.0,False
2810,17.0,10.0,1.0,0,100000,2.98,17342,10666,299,1,922,16419,0.001,17.342,1136941.52,11.37,170.0,False
2811,17.0,10.0,20.0,0,100000,2.98,28,68,2,9,8,11,0.009,0.028,1835.68,0.17,170.0,False
2812,17.0,10.0,2.0,0,100000,2.98,7391,4449,140,3,744,6644,0.003,7.391,484553.96,14.54,170.0,False
2813,17.0,10.0,3.0,0,100000,2.98,3792,2361,65,14,562,3216,0.014,3.792,248603.52,34.8,170.0,False
2814,17.0,10.0,4.0,0,100000,2.98,2281,1478,40,26,458,1797,0.026,2.281,149542.36,38.88,170.0,False
2815,17.0,10.0,5.0,0,100000,2.98,1442,1007,35,34,341,1067,0.034,1.442,94537.52,32.14,170.0,False
2816,17.0,10.0,6.0,0,100000,2.98,1022,642,17,52,289,681,0.052,1.022,67002.32,34.84,170.0,False
2817,17.0,10.0,7.0,0,100000,2.98,714,492,20,31,252,431,0.031,0.714,46809.84,14.51,170.0,False
2818,17.0,10.0,8.0,0,100000,2.98,541,431,11,37,185,319,0.037,0.541,35467.96,13.12,170.0,False
2819,17.0,10.0,9.0,0,100000,2.98,394,311,7,39,131,224,0.039,0.394,25830.64,10.07,170.0,False
2820,17.0,11.0,10.0,0,100000,2.98,313,289,6,35,116,162,0.035,0.313,20520.28,7.18,187.0,False
2821,17.0,11.0,11.0,0,100000,2.98,260,216,1,32,105,123,0.032,0.26,17045.6,5.45,187.0,False
2822,17.0,11.0,12.0,0,100000,2.98,219,201,3,34,80,105,0.034,0.219,14357.64,4.88,187.0,False
2823,17.0,11.0,13.0,0,100000,2.98,154,166,3,28,57,69,0.028,0.154,10096.24,2.83,187.0,False
2824,17.0,11.0,14.0,0,100000,2.98,110,161,1,16,43,51,0.016,0.11,7211.6,1.15,187.0,False
2825,17.0,11.0,15.0,0,100000,2.98,84,118,5,17,33,34,0.017,0.084,5507.04,0.94,187.0,False
2826,17.0,11.0,16.0,0,100000,2.98,72,106,0,13,26,33,0.013,0.072,4720.32,0.61,187.0,False
2827,17.0,11.0,17.0,0,100000,2.98,40,87,2,10,14,16,0.01,0.04,2622.4,0.26,187.0,False
2828,17.0,11.0,18.0,0,100000,2.98,41,74,3,8,16,17,0.008,0.041,2687.96,0.22,187.0,False
2829,17.0,11.0,19.0,0,100000,2.98,40,82,3,9,17,14,0.009,0.04,2622.4,0.24,187.0,False
2830,17.0,11.0,1.0,0,100000,2.98,17547,10693,321,1,986,16560,0.001,17.547,1150381.32,11.5,187.0,False
2831,17.0,11.0,20.0,0,100000,2.98,26,71,0,4,10,12,0.004,0.026,1704.56,0.07,187.0,False
2832,17.0,11.0,2.0,0,100000,2.98,7299,4544,125,10,726,6563,0.01,7.299,478522.44,47.85,187.0,False
2833,17.0,11.0,3.0,0,100000,2.98,3728,2383,82,15,603,3110,0.015,3.728,244407.68,36.66,187.0,False
2834,17.0,11.0,4.0,0,100000,2.98,2262,1444,47,30,444,1788,0.03,2.262,148296.72,44.49,187.0,False
2835,17.0,11.0,5.0,0,100000,2.98,1485,951,30,46,342,1097,0.046,1.485,97356.6,44.78,187.0,False
2836,17.0,11.0,6.0,0,100000,2.98,1004,690,16,46,288,670,0.046,1.004,65822.24,30.28,187.0,False
2837,17.0,11.0,7.0,0,100000,2.98,746,524,12,49,256,441,0.049,0.746,48907.76,23.96,187.0,False
2838,17.0,11.0,8.0,0,100000,2.98,565,370,11,48,186,331,0.048,0.565,37041.4,17.78,187.0,False
2839,17.0,11.0,9.0,0,100000,2.98,410,357,8,42,130,238,0.042,0.41,26879.6,11.29,187.0,False
2840,17.0,12.0,10.0,0,100000,2.98,302,278,9,34,112,156,0.034,0.302,19799.12,6.73,204.0,False
2841,17.0,12.0,11.0,0,100000,2.98,242,248,1,40,95,107,0.04,0.242,15865.52,6.35,204.0,False
2842,17.0,12.0,12.0,0,100000,2.98,205,205,8,37,81,87,0.037,0.205,13439.8,4.97,204.0,False
2843,17.0,12.0,13.0,0,100000,2.98,140,159,4,33,50,57,0.033,0.14,9178.4,3.03,204.0,False
2844,17.0,12.0,14.0,0,100000,2.98,127,147,4,24,44,59,0.024,0.127,8326.12,2.0,204.0,False
2845,17.0,12.0,15.0,0,100000,2.98,92,105,5,15,33,44,0.015,0.092,6031.52,0.9,204.0,False
2846,17.0,12.0,16.0,0,100000,2.98,69,111,3,11,20,38,0.011,0.069,4523.64,0.5,204.0,False
2847,17.0,12.0,17.0,0,100000,2.98,65,99,0,10,27,28,0.01,0.065,4261.4,0.43,204.0,False
2848,17.0,12.0,18.0,0,100000,2.98,53,88,2,15,20,18,0.015,0.053,3474.68,0.52,204.0,False
2849,17.0,12.0,19.0,0,100000,2.98,35,70,4,6,14,15,0.006,0.035,2294.6,0.14,204.0,False
2850,17.0,12.0,1.0,0,100000,2.98,17312,10634,312,0,888,16424,0.0,17.312,1134974.72,0.0,204.0,False
2851,17.0,12.0,20.0,0,100000,2.98,29,63,3,6,12,11,0.006,0.029,1901.24,0.11,204.0,False
2852,17.0,12.0,2.0,0,100000,2.98,7217,4516,143,5,731,6481,0.005,7.217,473146.52,23.66,204.0,False
2853,17.0,12.0,3.0,0,100000,2.98,3729,2346,80,21,513,3195,0.021,3.729,244473.24,51.34,204.0,False
2854,17.0,12.0,4.0,0,100000,2.98,2209,1467,44,30,428,1751,0.03,2.209,144822.04,43.45,204.0,False
2855,17.0,12.0,5.0,0,100000,2.98,1415,923,24,43,344,1028,0.043,1.415,92767.4,39.89,204.0,False
2856,17.0,12.0,6.0,0,100000,2.98,1074,700,19,52,316,706,0.052,1.074,70411.44,36.61,204.0,False
2857,17.0,12.0,7.0,0,100000,2.98,804,492,12,44,275,485,0.044,0.804,52710.24,23.19,204.0,False
2858,17.0,12.0,8.0,0,100000,2.98,561,397,10,62,168,331,0.062,0.561,36779.16,22.8,204.0,False
2859,17.0,12.0,9.0,0,100000,2.98,421,310,10,40,141,240,0.04,0.421,27600.76,11.04,204.0,False
2860,17.0,13.0,10.0,0,100000,2.98,336,248,9,47,138,151,0.047,0.336,22028.16,10.35,221.0,False
2861,17.0,13.0,11.0,0,100000,2.98,244,202,9,40,88,116,0.04,0.244,15996.64,6.4,221.0,False
2862,17.0,13.0,12.0,0,100000,2.98,198,205,9,34,84,80,0.034,0.198,12980.88,4.41,221.0,False
2863,17.0,13.0,13.0,0,100000,2.98,158,189,5,22,64,72,0.022,0.158,10358.48,2.28,221.0,False
2864,17.0,13.0,14.0,0,100000,2.98,133,139,2,24,41,68,0.024,0.133,8719.48,2.09,221.0,False
2865,17.0,13.0,15.0,0,100000,2.98,93,107,3,17,38,38,0.017,0.093,6097.08,1.04,221.0,False
2866,17.0,13.0,16.0,0,100000,2.98,80,94,1,11,33,36,0.011,0.08,5244.8,0.58,221.0,False
2867,17.0,13.0,17.0,0,100000,2.98,69,82,2,17,22,30,0.017,0.069,4523.64,0.77,221.0,False
2868,17.0,13.0,18.0,0,100000,2.98,42,69,1,8,22,12,0.008,0.042,2753.52,0.22,221.0,False
2869,17.0,13.0,19.0,0,100000,2.98,50,72,1,8,25,17,0.008,0.05,3278.0,0.26,221.0,False
2870,17.0,13.0,1.0,0,100000,2.98,17523,10686,298,0,946,16577,0.0,17.523,1148807.88,0.0,221.0,False
2871,17.0,13.0,20.0,0,100000,2.98,30,57,4,8,13,9,0.008,0.03,1966.8,0.16,221.0,False
2872,17.0,13.0,2.0,0,100000,2.98,7289,4598,166,2,715,6572,0.002,7.289,477866.84,9.56,221.0,False
2873,17.0,13.0,3.0,0,100000,2.98,3809,2353,61,26,591,3192,0.026,3.809,249718.04,64.93,221.0,False
2874,17.0,13.0,4.0,0,100000,2.98,2183,1446,45,36,396,1751,0.036,2.183,143117.48,51.52,221.0,False
2875,17.0,13.0,5.0,0,100000,2.98,1435,972,32,32,355,1048,0.032,1.435,94078.6,30.11,221.0,False
2876,17.0,13.0,6.0,0,100000,2.98,997,693,20,48,281,668,0.048,0.997,65363.32,31.37,221.0,False
2877,17.0,13.0,7.0,0,100000,2.98,803,531,18,53,268,482,0.053,0.803,52644.68,27.9,221.0,False
2878,17.0,13.0,8.0,0,100000,2.98,530,417,18,42,176,312,0.042,0.53,34746.8,14.59,221.0,False
2879,17.0,13.0,9.0,0,100000,2.98,419,353,12,45,130,244,0.045,0.419,27469.64,12.36,221.0,False
2880,17.0,14.0,10.0,0,100000,2.98,335,279,3,39,138,158,0.039,0.335,21962.6,8.57,238.0,False
2881,17.0,14.0,11.0,0,100000,2.98,248,217,5,40,97,111,0.04,0.248,16258.88,6.5,238.0,False
2882,17.0,14.0,12.0,0,100000,2.98,182,185,4,29,74,79,0.029,0.182,11931.92,3.46,238.0,False
2883,17.0,14.0,13.0,0,100000,2.98,149,163,1,30,62,57,0.03,0.149,9768.44,2.93,238.0,False
2884,17.0,14.0,14.0,0,100000,2.98,119,131,1,23,44,52,0.023,0.119,7801.64,1.79,238.0,False
2885,17.0,14.0,15.0,0,100000,2.98,100,132,4,19,48,33,0.019,0.1,6556.0,1.25,238.0,False
2886,17.0,14.0,16.0,0,100000,2.98,82,107,0,12,30,40,0.012,0.082,5375.92,0.65,238.0,False
2887,17.0,14.0,17.0,0,100000,2.98,39,85,2,10,18,11,0.01,0.039,2556.84,0.26,238.0,False
2888,17.0,14.0,18.0,0,100000,2.98,45,88,1,8,14,23,0.008,0.045,2950.2,0.24,238.0,False
2889,17.0,14.0,19.0,0,100000,2.98,49,70,0,13,19,17,0.013,0.049,3212.44,0.42,238.0,False
2890,17.0,14.0,1.0,0,100000,2.98,17720,10576,288,1,921,16798,0.001,17.72,1161723.2,11.62,238.0,False
2891,17.0,14.0,20.0,0,100000,2.98,25,67,0,3,13,9,0.003,0.025,1639.0,0.05,238.0,False
2892,17.0,14.0,2.0,0,100000,2.98,7276,4468,130,3,701,6572,0.003,7.276,477014.56,14.31,238.0,False
2893,17.0,14.0,3.0,0,100000,2.98,3828,2398,76,18,595,3215,0.018,3.828,250963.68,45.17,238.0,False
2894,17.0,14.0,4.0,0,100000,2.98,2286,1496,48,39,485,1762,0.039,2.286,149870.16,58.45,238.0,False
2895,17.0,14.0,5.0,0,100000,2.98,1533,970,36,33,369,1131,0.033,1.533,100503.48,33.17,238.0,False
2896,17.0,14.0,6.0,0,100000,2.98,1050,703,23,52,293,705,0.052,1.05,68838.0,35.8,238.0,False
2897,17.0,14.0,7.0,0,100000,2.98,779,478,21,55,245,479,0.055,0.779,51071.24,28.09,238.0,False
2898,17.0,14.0,8.0,0,100000,2.98,592,393,14,50,203,339,0.05,0.592,38811.52,19.41,238.0,False
2899,17.0,14.0,9.0,0,100000,2.98,432,305,11,49,143,240,0.049,0.432,28321.92,13.88,238.0,False
2900,17.0,15.0,10.0,0,100000,2.98,354,254,5,41,144,169,0.041,0.354,23208.24,9.52,255.0,False
2901,17.0,15.0,11.0,0,100000,2.98,251,231,6,48,92,111,0.048,0.251,16455.56,7.9,255.0,False
2902,17.0,15.0,12.0,0,100000,2.98,214,179,2,36,74,104,0.036,0.214,14029.84,5.05,255.0,False
2903,17.0,15.0,13.0,0,100000,2.98,160,149,2,35,58,67,0.035,0.16,10489.6,3.67,255.0,False
2904,17.0,15.0,14.0,0,100000,2.98,138,127,2,23,57,58,0.023,0.138,9047.28,2.08,255.0,False
2905,17.0,15.0,15.0,0,100000,2.98,113,155,2,24,42,47,0.024,0.113,7408.28,1.78,255.0,False
2906,17.0,15.0,16.0,0,100000,2.98,82,106,5,13,33,36,0.013,0.082,5375.92,0.7,255.0,False
2907,17.0,15.0,17.0,0,100000,2.98,61,102,3,13,29,19,0.013,0.061,3999.16,0.52,255.0,False
2908,17.0,15.0,18.0,0,100000,2.98,48,98,3,18,15,15,0.018,0.048,3146.88,0.57,255.0,False
2909,17.0,15.0,19.0,0,100000,2.98,53,84,1,9,19,25,0.009,0.053,3474.68,0.31,255.0,False
2910,17.0,15.0,1.0,0,100000,2.98,17492,10479,280,1,902,16589,0.001,17.492,1146775.52,11.47,255.0,False
2911,17.0,15.0,20.0,0,100000,2.98,40,77,1,12,15,13,0.012,0.04,2622.4,0.31,255.0,False
2912,17.0,15.0,2.0,0,100000,2.98,7234,4539,160,7,709,6518,0.007,7.234,474261.04,33.2,255.0,False
2913,17.0,15.0,3.0,0,100000,2.98,3698,2353,80,16,562,3120,0.016,3.698,242440.88,38.79,255.0,False
2914,17.0,15.0,4.0,0,100000,2.98,2193,1427,39,42,425,1726,0.042,2.193,143773.08,60.38,255.0,False
2915,17.0,15.0,5.0,0,100000,2.98,1491,989,27,48,368,1075,0.048,1.491,97749.96,46.92,255.0,False
2916,17.0,15.0,6.0,0,100000,2.98,1073,722,19,52,330,691,0.052,1.073,70345.88,36.58,255.0,False
2917,17.0,15.0,7.0,0,100000,2.98,727,540,15,43,251,433,0.043,0.727,47662.12,20.49,255.0,False
2918,17.0,15.0,8.0,0,100000,2.98,581,442,18,63,212,306,0.063,0.581,38090.36,24.0,255.0,False
2919,17.0,15.0,9.0,0,100000,2.98,383,341,13,36,130,217,0.036,0.383,25109.48,9.04,255.0,False
2920,17.0,16.0,10.0,0,100000,2.98,346,278,8,46,129,171,0.046,0.346,22683.76,10.43,272.0,False
2921,17.0,16.0,11.0,0,100000,2.98,281,219,14,43,129,109,0.043,0.281,18422.36,7.92,272.0,False
2922,17.0,16.0,12.0,0,100000,2.98,230,209,1,44,98,88,0.044,0.23,15078.8,6.63,272.0,False
2923,17.0,16.0,13.0,0,100000,2.98,166,170,2,28,65,73,0.028,0.166,10882.96,3.05,272.0,False
2924,17.0,16.0,14.0,0,100000,2.98,109,145,2,25,45,39,0.025,0.109,7146.04,1.79,272.0,False
2925,17.0,16.0,15.0,0,100000,2.98,104,130,5,21,47,36,0.021,0.104,6818.24,1.43,272.0,False
2926,17.0,16.0,16.0,0,100000,2.98,85,105,1,19,33,33,0.019,0.085,5572.6,1.06,272.0,False
2927,17.0,16.0,17.0,0,100000,2.98,53,100,0,16,22,15,0.016,0.053,3474.68,0.56,272.0,False
2928,17.0,16.0,18.0,0,100000,2.98,36,94,1,9,15,12,0.009,0.036,2360.16,0.21,272.0,False
2929,17.0,16.0,19.0,0,100000,2.98,41,91,1,14,14,13,0.014,0.041,2687.96,0.38,272.0,False
2930,17.0,16.0,1.0,0,100000,2.98,17638,10312,316,0,919,16719,0.0,17.638,1156347.28,0.0,272.0,False
2931,17.0,16.0,20.0,0,100000,2.98,42,73,2,13,13,16,0.013,0.042,2753.52,0.36,272.0,False
2932,17.0,16.0,2.0,0,100000,2.98,7220,4671,156,7,716,6497,0.007,7.22,473343.2,33.13,272.0,False
2933,17.0,16.0,3.0,0,100000,2.98,3729,2490,90,23,615,3091,0.023,3.729,244473.24,56.23,272.0,False
2934,17.0,16.0,4.0,0,100000,2.98,2183,1437,46,30,441,1712,0.03,2.183,143117.48,42.94,272.0,False
2935,17.0,16.0,5.0,0,100000,2.98,1508,888,24,41,340,1127,0.041,1.508,98864.48,40.53,272.0,False
2936,17.0,16.0,6.0,0,100000,2.98,1000,685,17,44,281,675,0.044,1.0,65560.0,28.85,272.0,False
2937,17.0,16.0,7.0,0,100000,2.98,770,533,6,54,259,457,0.054,0.77,50481.2,27.26,272.0,False
2938,17.0,16.0,8.0,0,100000,2.98,509,455,7,46,166,297,0.046,0.509,33370.04,15.35,272.0,False
2939,17.0,16.0,9.0,0,100000,2.98,432,317,4,38,168,226,0.038,0.432,28321.92,10.76,272.0,False
2940,17.0,17.0,10.0,0,100000,2.98,334,251,3,52,129,153,0.052,0.334,21897.04,11.39,289.0,True
2941,17.0,17.0,11.0,0,100000,2.98,265,236,8,44,113,108,0.044,0.265,17373.4,7.64,289.0,True
2942,17.0,17.0,12.0,0,100000,2.98,220,206,5,43,81,96,0.043,0.22,14423.2,6.2,289.0,True
2943,17.0,17.0,13.0,0,100000,2.98,144,179,4,22,58,64,0.022,0.144,9440.64,2.08,289.0,True
2944,17.0,17.0,14.0,0,100000,2.98,134,144,1,34,51,49,0.034,0.134,8785.04,2.99,289.0,True
2945,17.0,17.0,15.0,0,100000,2.98,103,130,3,26,43,34,0.026,0.103,6752.68,1.76,289.0,True
2946,17.0,17.0,16.0,0,100000,2.98,77,124,3,18,36,23,0.018,0.077,5048.12,0.91,289.0,True
2947,17.0,17.0,17.0,0,100000,2.98,67,114,3,13,27,27,0.013,0.067,4392.52,0.57,289.0,True
2948,17.0,17.0,18.0,0,100000,2.98,67,92,3,18,23,26,0.018,0.067,4392.52,0.79,289.0,True
2949,17.0,17.0,19.0,0,100000,2.98,42,71,1,10,16,16,0.01,0.042,2753.52,0.28,289.0,True
2950,17.0,17.0,1.0,0,100000,2.98,17611,10393,288,0,931,16680,0.0,17.611,1154577.16,0.0,289.0,True
2951,17.0,17.0,20.0,0,100000,2.98,37,74,1,5,20,12,0.005,0.037,2425.72,0.12,289.0,True
2952,17.0,17.0,2.0,0,100000,2.98,7248,4496,152,8,749,6491,0.008,7.248,475178.88,38.01,289.0,True
2953,17.0,17.0,3.0,0,100000,2.98,3777,2385,61,19,548,3210,0.019,3.777,247620.12,47.05,289.0,True
2954,17.0,17.0,4.0,0,100000,2.98,2267,1477,44,30,456,1781,0.03,2.267,148624.52,44.59,289.0,True
2955,17.0,17.0,5.0,0,100000,2.98,1511,992,28,40,356,1115,0.04,1.511,99061.16,39.62,289.0,True
2956,17.0,17.0,6.0,0,100000,2.98,1009,704,25,54,285,670,0.054,1.009,66150.04,35.72,289.0,True
2957,17.0,17.0,7.0,0,100000,2.98,723,554,11,56,220,447,0.056,0.723,47399.88,26.54,289.0,True
2958,17.0,17.0,8.0,0,100000,2.98,540,412,15,49,180,311,0.049,0.54,35402.4,17.35,289.0,True
2959,17.0,17.0,9.0,0,100000,2.98,484,324,10,57,176,251,0.057,0.484,31731.04,18.09,289.0,True
2960,17.0,18.0,10.0,0,100000,2.98,333,300,5,40,129,164,0.04,0.333,21831.48,8.73,306.0,False
2961,17.0,18.0,11.0,0,100000,2.98,278,239,1,40,100,138,0.04,0.278,18225.68,7.29,306.0,False
2962,17.0,18.0,12.0,0,100000,2.98,213,207,6,42,79,92,0.042,0.213,13964.28,5.86,306.0,False
2963,17.0,18.0,13.0,0,100000,2.98,175,172,6,33,74,68,0.033,0.175,11473.0,3.79,306.0,False
2964,17.0,18.0,14.0,0,100000,2.98,142,154,2,27,50,65,0.027,0.142,9309.52,2.51,306.0,False
2965,17.0,18.0,15.0,0,100000,2.98,96,124,1,13,46,37,0.013,0.096,6293.76,0.82,306.0,False
2966,17.0,18.0,16.0,0,100000,2.98,102,141,2,19,51,32,0.019,0.102,6687.12,1.27,306.0,False
2967,17.0,18.0,17.0,0,100000,2.98,69,115,3,19,25,25,0.019,0.069,4523.64,0.86,306.0,False
2968,17.0,18.0,18.0,0,100000,2.98,71,116,3,13,38,20,0.013,0.071,4654.76,0.61,306.0,False
2969,17.0,18.0,19.0,0,100000,2.98,37,84,4,8,15,14,0.008,0.037,2425.72,0.19,306.0,False
2970,17.0,18.0,1.0,0,100000,2.98,17355,10737,293,2,906,16447,0.002,17.355,1137793.8,22.76,306.0,False
2971,17.0,18.0,20.0,0,100000,2.98,33,72,1,13,6,14,0.013,0.033,2163.48,0.28,306.0,False
2972,17.0,18.0,2.0,0,100000,2.98,7191,4567,141,10,710,6471,0.01,7.191,471441.96,47.14,306.0,False
2973,17.0,18.0,3.0,0,100000,2.98,3755,2369,75,17,546,3192,0.017,3.755,246177.8,41.85,306.0,False
2974,17.0,18.0,4.0,0,100000,2.98,2201,1398,40,33,441,1727,0.033,2.201,144297.56,47.62,306.0,False
2975,17.0,18.0,5.0,0,100000,2.98,1425,1002,18,45,361,1019,0.045,1.425,93423.0,42.04,306.0,False
2976,17.0,18.0,6.0,0,100000,2.98,1035,622,22,60,292,683,0.06,1.035,67854.6,40.71,306.0,False
2977,17.0,18.0,7.0,0,100000,2.98,714,501,20,51,226,437,0.051,0.714,46809.84,23.87,306.0,False
2978,17.0,18.0,8.0,0,100000,2.98,532,394,7,52,192,288,0.052,0.532,34877.92,18.14,306.0,False
2979,17.0,18.0,9.0,0,100000,2.98,417,306,10,44,147,226,0.044,0.417,27338.52,12.03,306.0,False
2980,17.0,19.0,10.0,0,100000,2.98,370,269,5,39,133,198,0.039,0.37,24257.2,9.46,323.0,False
2981,17.0,19.0,11.0,0,100000,2.98,235,184,5,29,97,109,0.029,0.235,15406.6,4.47,323.0,False
2982,17.0,19.0,12.0,0,100000,2.98,213,214,6,43,86,84,0.043,0.213,13964.28,6.0,323.0,False
2983,17.0,19.0,13.0,0,100000,2.98,175,162,2,27,74,74,0.027,0.175,11473.0,3.1,323.0,False
2984,17.0,19.0,14.0,0,100000,2.98,129,127,1,23,50,56,0.023,0.129,8457.24,1.95,323.0,False
2985,17.0,19.0,15.0,0,100000,2.98,115,145,1,32,40,43,0.032,0.115,7539.4,2.41,323.0,False
2986,17.0,19.0,16.0,0,100000,2.98,81,124,1,18,38,25,0.018,0.081,5310.36,0.96,323.0,False
2987,17.0,19.0,17.0,0,100000,2.98,68,103,3,22,26,20,0.022,0.068,4458.08,0.98,323.0,False
2988,17.0,19.0,18.0,0,100000,2.98,46,80,4,12,20,14,0.012,0.046,3015.76,0.36,323.0,False
2989,17.0,19.0,19.0,0,100000,2.98,41,77,1,12,18,11,0.012,0.041,2687.96,0.32,323.0,False
2990,17.0,19.0,1.0,0,100000,2.98,17319,10628,304,0,885,16434,0.0,17.319,1135433.64,0.0,323.0,False
2991,17.0,19.0,20.0,0,100000,2.98,36,72,0,9,16,11,0.009,0.036,2360.16,0.21,323.0,False
2992,17.0,19.0,2.0,0,100000,2.98,7209,4629,155,9,710,6490,0.009,7.209,472622.04,42.54,323.0,False
2993,17.0,19.0,3.0,0,100000,2.98,3693,2333,83,22,510,3161,0.022,3.693,242113.08,53.26,323.0,False
2994,17.0,19.0,4.0,0,100000,2.98,2311,1394,44,30,459,1822,0.03,2.311,151509.16,45.45,323.0,False
2995,17.0,19.0,5.0,0,100000,2.98,1488,948,30,45,363,1080,0.045,1.488,97553.28,43.9,323.0,False
2996,17.0,19.0,6.0,0,100000,2.98,1047,704,22,41,321,685,0.041,1.047,68641.32,28.14,323.0,False
2997,17.0,19.0,7.0,0,100000,2.98,785,493,9,64,247,474,0.064,0.785,51464.6,32.94,323.0,False
2998,17.0,19.0,8.0,0,100000,2.98,542,405,10,51,175,316,0.051,0.542,35533.52,18.12,323.0,False
2999,17.0,19.0,9.0,0,100000,2.98,447,371,11,55,168,224,0.055,0.447,29305.32,16.12,323.0,False
3000,17.0,1.0,10.0,0,100000,2.98,138,216,3,0,1,137,0.0,0.138,9047.28,0.0,17.0,False
3001,17.0,1.0,11.0,0,100000,2.98,117,180,1,0,2,115,0.0,0.117,7670.52,0.0,17.0,False
3002,17.0,1.0,12.0,0,100000,2.98,78,142,3,0,0,78,0.0,0.078,5113.68,0.0,17.0,False
3003,17.0,1.0,13.0,0,100000,2.98,58,117,4,0,2,56,0.0,0.058,3802.48,0.0,17.0,False
3004,17.0,1.0,14.0,0,100000,2.98,42,105,3,0,1,41,0.0,0.042,2753.52,0.0,17.0,False
3005,17.0,1.0,15.0,0,100000,2.98,38,90,1,0,1,37,0.0,0.038,2491.28,0.0,17.0,False
3006,17.0,1.0,16.0,0,100000,2.98,27,79,0,0,0,27,0.0,0.027,1770.12,0.0,17.0,False
3007,17.0,1.0,17.0,0,100000,2.98,18,68,1,0,1,17,0.0,0.018,1180.08,0.0,17.0,False
3008,17.0,1.0,18.0,0,100000,2.98,14,63,0,0,0,14,0.0,0.014,917.84,0.0,17.0,False
3009,17.0,1.0,19.0,0,100000,2.98,8,50,3,0,1,7,0.0,0.008,524.48,0.0,17.0,False
3010,17.0,1.0,1.0,0,100000,2.98,17053,10571,239,0,656,16397,0.0,17.053,1117994.68,0.0,17.0,False
3011,17.0,1.0,20.0,0,100000,2.98,7,47,1,0,1,6,0.0,0.007,458.92,0.0,17.0,False
3012,17.0,1.0,2.0,0,100000,2.98,6730,4548,117,0,299,6431,0.0,6.73,441218.8,0.0,17.0,False
3013,17.0,1.0,3.0,0,100000,2.98,3186,2181,78,0,161,3025,0.0,3.186,208874.16,0.0,17.0,False
3014,17.0,1.0,4.0,0,100000,2.98,1713,1407,32,0,93,1620,0.0,1.713,112304.28,0.0,17.0,False
3015,17.0,1.0,5.0,0,100000,2.98,969,879,25,0,51,918,0.0,0.969,63527.64,0.0,17.0,False
3016,17.0,1.0,6.0,0,100000,2.98,641,655,13,0,30,611,0.0,0.641,42023.96,0.0,17.0,False
3017,17.0,1.0,7.0,0,100000,2.98,363,477,10,0,13,350,0.0,0.363,23798.28,0.0,17.0,False
3018,17.0,1.0,8.0,0,100000,2.98,286,358,10,0,15,271,0.0,0.286,18750.16,0.0,17.0,False
3019,17.0,1.0,9.0,0,100000,2.98,187,273,2,0,10,177,0.0,0.187,12259.72,0.0,17.0,False
3020,17.0,20.0,10.0,0,100000,2.98,330,272,5,49,130,151,0.049,0.33,21634.8,10.6,340.0,False
3021,17.0,20.0,11.0,0,100000,2.98,266,207,6,36,109,121,0.036,0.266,17438.96,6.28,340.0,False
3022,17.0,20.0,12.0,0,100000,2.98,189,217,3,37,70,82,0.037,0.189,12390.84,4.58,340.0,False
3023,17.0,20.0,13.0,0,100000,2.98,158,170,2,24,70,64,0.024,0.158,10358.48,2.49,340.0,False
3024,17.0,20.0,14.0,0,100000,2.98,117,181,3,22,48,47,0.022,0.117,7670.52,1.69,340.0,False
3025,17.0,20.0,15.0,0,100000,2.98,97,151,5,27,43,27,0.027,0.097,6359.32,1.72,340.0,False
3026,17.0,20.0,16.0,0,100000,2.98,85,110,2,23,36,26,0.023,0.085,5572.6,1.28,340.0,False
3027,17.0,20.0,17.0,0,100000,2.98,80,130,2,17,33,30,0.017,0.08,5244.8,0.89,340.0,False
3028,17.0,20.0,18.0,0,100000,2.98,55,90,2,14,23,18,0.014,0.055,3605.8,0.5,340.0,False
3029,17.0,20.0,19.0,0,100000,2.98,52,82,0,21,19,12,0.021,0.052,3409.12,0.72,340.0,False
3030,17.0,20.0,1.0,0,100000,2.98,17419,10578,309,1,869,16549,0.001,17.419,1141989.64,11.42,340.0,False
3031,17.0,20.0,20.0,0,100000,2.98,39,63,3,13,17,9,0.013,0.039,2556.84,0.33,340.0,False
3032,17.0,20.0,2.0,0,100000,2.98,7397,4606,150,4,772,6621,0.004,7.397,484947.32,19.4,340.0,False
3033,17.0,20.0,3.0,0,100000,2.98,3797,2341,82,25,598,3174,0.025,3.797,248931.32,62.23,340.0,False
3034,17.0,20.0,4.0,0,100000,2.98,2279,1473,37,29,444,1806,0.029,2.279,149411.24,43.33,340.0,False
3035,17.0,20.0,5.0,0,100000,2.98,1503,935,32,50,392,1061,0.05,1.503,98536.68,49.27,340.0,False
3036,17.0,20.0,6.0,0,100000,2.98,1053,715,21,60,307,686,0.06,1.053,69034.68,41.42,340.0,False
3037,17.0,20.0,7.0,0,100000,2.98,759,517,21,49,260,450,0.049,0.759,49760.04,24.38,340.0,False
3038,17.0,20.0,8.0,0,100000,2.98,595,426,10,61,219,315,0.061,0.595,39008.2,23.8,340.0,False
3039,17.0,20.0,9.0,0,100000,2.98,437,343,9,46,149,242,0.046,0.437,28649.72,13.18,340.0,False
3040,17.0,2.0,10.0,0,100000,2.98,132,239,15,0,8,124,0.0,0.132,8653.92,0.0,34.0,False
3041,17.0,2.0,11.0,0,100000,2.98,104,153,2,0,10,94,0.0,0.104,6818.24,0.0,34.0,False
3042,17.0,2.0,12.0,0,100000,2.98,46,136,2,0,2,44,0.0,0.046,3015.76,0.0,34.0,False
3043,17.0,2.0,13.0,0,100000,2.98,42,117,4,0,2,40,0.0,0.042,2753.52,0.0,34.0,False
3044,17.0,2.0,14.0,0,100000,2.98,24,91,1,0,0,24,0.0,0.024,1573.44,0.0,34.0,False
3045,17.0,2.0,15.0,0,100000,2.98,28,75,3,0,3,25,0.0,0.028,1835.68,0.0,34.0,False
3046,17.0,2.0,16.0,0,100000,2.98,14,69,2,0,1,13,0.0,0.014,917.84,0.0,34.0,False
3047,17.0,2.0,17.0,0,100000,2.98,15,66,2,0,0,15,0.0,0.015,983.4,0.0,34.0,False
3048,17.0,2.0,18.0,0,100000,2.98,14,45,4,0,1,13,0.0,0.014,917.84,0.0,34.0,False
3049,17.0,2.0,19.0,0,100000,2.98,9,57,2,0,0,9,0.0,0.009,590.04,0.0,34.0,False
3050,17.0,2.0,1.0,0,100000,2.98,17148,10777,286,0,790,16358,0.0,17.148,1124222.88,0.0,34.0,False
3051,17.0,2.0,20.0,0,100000,2.98,3,42,2,0,0,3,0.0,0.003,196.68,0.0,34.0,False
3052,17.0,2.0,2.0,0,100000,2.98,7063,4493,157,0,537,6526,0.0,7.063,463050.28,0.0,34.0,False
3053,17.0,2.0,3.0,0,100000,2.98,3363,2335,60,5,337,3021,0.005,3.363,220478.28,11.02,34.0,False
3054,17.0,2.0,4.0,0,100000,2.98,1831,1357,42,3,189,1639,0.003,1.831,120040.36,3.6,34.0,False
3055,17.0,2.0,5.0,0,100000,2.98,1060,891,29,0,115,945,0.0,1.06,69493.6,0.0,34.0,False
3056,17.0,2.0,6.0,0,100000,2.98,633,645,19,0,66,567,0.0,0.633,41499.48,0.0,34.0,False
3057,17.0,2.0,7.0,0,100000,2.98,429,475,12,0,56,373,0.0,0.429,28125.24,0.0,34.0,False
3058,17.0,2.0,8.0,0,100000,2.98,286,353,9,1,28,257,0.001,0.286,18750.16,0.19,34.0,False
3059,17.0,2.0,9.0,0,100000,2.98,181,280,9,1,19,161,0.001,0.181,11866.36,0.12,34.0,False
3060,17.0,3.0,10.0,0,100000,2.98,147,228,15,2,24,121,0.002,0.147,9637.32,0.19,51.0,False
3061,17.0,3.0,11.0,0,100000,2.98,104,166,5,1,17,86,0.001,0.104,6818.24,0.07,51.0,False
3062,17.0,3.0,12.0,0,100000,2.98,69,146,5,1,11,57,0.001,0.069,4523.64,0.05,51.0,False
3063,17.0,3.0,13.0,0,100000,2.98,64,131,1,1,8,55,0.001,0.064,4195.84,0.04,51.0,False
3064,17.0,3.0,14.0,0,100000,2.98,41,118,2,0,7,34,0.0,0.041,2687.96,0.0,51.0,False
3065,17.0,3.0,15.0,0,100000,2.98,26,110,3,0,2,24,0.0,0.026,1704.56,0.0,51.0,False
3066,17.0,3.0,16.0,0,100000,2.98,23,77,4,0,3,20,0.0,0.023,1507.88,0.0,51.0,False
3067,17.0,3.0,17.0,0,100000,2.98,21,70,0,0,3,18,0.0,0.021,1376.76,0.0,51.0,False
3068,17.0,3.0,18.0,0,100000,2.98,8,56,4,1,2,5,0.001,0.008,524.48,0.01,51.0,False
3069,17.0,3.0,19.0,0,100000,2.98,13,57,3,1,2,10,0.001,0.013,852.28,0.01,51.0,False
3070,17.0,3.0,1.0,0,100000,2.98,17399,10594,279,1,865,16533,0.001,17.399,1140678.44,11.41,51.0,False
3071,17.0,3.0,20.0,0,100000,2.98,6,40,4,0,4,2,0.0,0.006,393.36,0.0,51.0,False
3072,17.0,3.0,2.0,0,100000,2.98,7249,4509,156,5,661,6583,0.005,7.249,475244.44,23.76,51.0,False
3073,17.0,3.0,3.0,0,100000,2.98,3537,2353,80,6,440,3091,0.006,3.537,231885.72,13.91,51.0,False
3074,17.0,3.0,4.0,0,100000,2.98,2024,1367,48,8,295,1721,0.008,2.024,132693.44,10.62,51.0,False
3075,17.0,3.0,5.0,0,100000,2.98,1230,969,19,5,185,1040,0.005,1.23,80638.8,4.03,51.0,False
3076,17.0,3.0,6.0,0,100000,2.98,802,676,15,6,152,644,0.006,0.802,52579.12,3.15,51.0,False
3077,17.0,3.0,7.0,0,100000,2.98,506,473,15,3,84,419,0.003,0.506,33173.36,1.0,51.0,False
3078,17.0,3.0,8.0,0,100000,2.98,325,388,17,5,39,281,0.005,0.325,21307.0,1.07,51.0,False
3079,17.0,3.0,9.0,0,100000,2.98,228,293,10,0,48,180,0.0,0.228,14947.68,0.0,51.0,False
3080,17.0,4.0,10.0,0,100000,2.98,197,257,11,3,43,151,0.003,0.197,12915.32,0.39,68.0,False
3081,17.0,4.0,11.0,0,100000,2.98,154,205,2,3,32,119,0.003,0.154,10096.24,0.3,68.0,False
3082,17.0,4.0,12.0,0,100000,2.98,100,165,2,2,27,71,0.002,0.1,6556.0,0.13,68.0,False
3083,17.0,4.0,13.0,0,100000,2.98,79,150,2,4,24,51,0.004,0.079,5179.24,0.21,68.0,False
3084,17.0,4.0,14.0,0,100000,2.98,43,124,3,2,11,30,0.002,0.043,2819.08,0.06,68.0,False
3085,17.0,4.0,15.0,0,100000,2.98,47,94,2,3,19,25,0.003,0.047,3081.32,0.09,68.0,False
3086,17.0,4.0,16.0,0,100000,2.98,29,75,5,2,12,15,0.002,0.029,1901.24,0.04,68.0,False
3087,17.0,4.0,17.0,0,100000,2.98,17,65,1,1,6,10,0.001,0.017,1114.52,0.01,68.0,False
3088,17.0,4.0,18.0,0,100000,2.98,17,60,3,1,4,12,0.001,0.017,1114.52,0.01,68.0,False
3089,17.0,4.0,19.0,0,100000,2.98,14,60,1,0,4,10,0.0,0.014,917.84,0.0,68.0,False
3090,17.0,4.0,1.0,0,100000,2.98,17397,10650,270,2,825,16570,0.002,17.397,1140547.32,22.81,68.0,False
3091,17.0,4.0,20.0,0,100000,2.98,16,53,1,0,0,16,0.0,0.016,1048.96,0.0,68.0,False
3092,17.0,4.0,2.0,0,100000,2.98,7319,4478,139,5,711,6603,0.005,7.319,479833.64,23.99,68.0,False
3093,17.0,4.0,3.0,0,100000,2.98,3740,2342,65,8,521,3211,0.008,3.74,245194.4,19.62,68.0,False
3094,17.0,4.0,4.0,0,100000,2.98,2103,1421,40,11,365,1727,0.011,2.103,137872.68,15.17,68.0,False
3095,17.0,4.0,5.0,0,100000,2.98,1284,948,37,11,243,1030,0.011,1.284,84179.04,9.26,68.0,False
3096,17.0,4.0,6.0,0,100000,2.98,853,714,19,14,161,678,0.014,0.853,55922.68,7.83,68.0,False
3097,17.0,4.0,7.0,0,100000,2.98,567,489,13,9,142,416,0.009,0.567,37172.52,3.35,68.0,False
3098,17.0,4.0,8.0,0,100000,2.98,395,411,9,12,91,292,0.012,0.395,25896.2,3.11,68.0,False
3099,17.0,4.0,9.0,0,100000,2.98,274,301,5,4,42,228,0.004,0.274,17963.44,0.72,68.0,False
3100,17.0,5.0,10.0,0,100000,2.98,220,258,12,10,57,153,0.01,0.22,14423.2,1.44,85.0,False
3101,17.0,5.0,11.0,0,100000,2.98,176,219,5,8,37,131,0.008,0.176,11538.56,0.92,85.0,False
3102,17.0,5.0,12.0,0,100000,2.98,123,160,8,5,28,90,0.005,0.123,8063.88,0.4,85.0,False
3103,17.0,5.0,13.0,0,100000,2.98,94,120,1,2,23,69,0.002,0.094,6162.64,0.12,85.0,False
3104,17.0,5.0,14.0,0,100000,2.98,61,130,4,4,22,35,0.004,0.061,3999.16,0.16,85.0,False
3105,17.0,5.0,15.0,0,100000,2.98,46,116,4,3,9,34,0.003,0.046,3015.76,0.09,85.0,False
3106,17.0,5.0,16.0,0,100000,2.98,48,80,1,3,8,37,0.003,0.048,3146.88,0.09,85.0,False
3107,17.0,5.0,17.0,0,100000,2.98,27,74,1,2,11,14,0.002,0.027,1770.12,0.04,85.0,False
3108,17.0,5.0,18.0,0,100000,2.98,20,71,3,1,3,16,0.001,0.02,1311.2,0.01,85.0,False
3109,17.0,5.0,19.0,0,100000,2.98,22,66,1,2,9,11,0.002,0.022,1442.32,0.03,85.0,False
3110,17.0,5.0,1.0,0,100000,2.98,17611,10634,316,0,887,16724,0.0,17.611,1154577.16,0.0,85.0,False
3111,17.0,5.0,20.0,0,100000,2.98,16,63,0,0,3,13,0.0,0.016,1048.96,0.0,85.0,False
3112,17.0,5.0,2.0,0,100000,2.98,7304,4631,160,2,732,6570,0.002,7.304,478850.24,9.58,85.0,False
3113,17.0,5.0,3.0,0,100000,2.98,3784,2401,67,22,526,3236,0.022,3.784,248079.04,54.58,85.0,False
3114,17.0,5.0,4.0,0,100000,2.98,2094,1410,32,20,363,1711,0.02,2.094,137282.64,27.46,85.0,False
3115,17.0,5.0,5.0,0,100000,2.98,1444,901,27,13,328,1103,0.013,1.444,94668.64,12.31,85.0,False
3116,17.0,5.0,6.0,0,100000,2.98,910,653,22,19,228,663,0.019,0.91,59659.6,11.34,85.0,False
3117,17.0,5.0,7.0,0,100000,2.98,643,482,14,12,168,463,0.012,0.643,42155.08,5.06,85.0,False
3118,17.0,5.0,8.0,0,100000,2.98,444,362,4,8,129,307,0.008,0.444,29108.64,2.33,85.0,False
3119,17.0,5.0,9.0,0,100000,2.98,279,294,4,11,72,196,0.011,0.279,18291.24,2.01,85.0,False
3120,17.0,6.0,10.0,0,100000,2.98,259,237,6,10,72,177,0.01,0.259,16980.04,1.7,102.0,False
3121,17.0,6.0,11.0,0,100000,2.98,175,203,3,16,56,103,0.016,0.175,11473.0,1.84,102.0,False
3122,17.0,6.0,12.0,0,100000,2.98,168,158,6,8,60,100,0.008,0.168,11014.08,0.88,102.0,False
3123,17.0,6.0,13.0,0,100000,2.98,99,132,2,10,35,54,0.01,0.099,6490.44,0.65,102.0,False
3124,17.0,6.0,14.0,0,100000,2.98,74,106,2,7,18,49,0.007,0.074,4851.44,0.34,102.0,False
3125,17.0,6.0,15.0,0,100000,2.98,52,96,3,6,15,31,0.006,0.052,3409.12,0.2,102.0,False
3126,17.0,6.0,16.0,0,100000,2.98,47,93,3,2,13,32,0.002,0.047,3081.32,0.06,102.0,False
3127,17.0,6.0,17.0,0,100000,2.98,36,61,3,2,12,22,0.002,0.036,2360.16,0.05,102.0,False
3128,17.0,6.0,18.0,0,100000,2.98,28,77,2,1,8,19,0.001,0.028,1835.68,0.02,102.0,False
3129,17.0,6.0,19.0,0,100000,2.98,23,55,2,0,5,18,0.0,0.023,1507.88,0.0,102.0,False
3130,17.0,6.0,1.0,0,100000,2.98,17406,10593,291,1,933,16472,0.001,17.406,1141137.36,11.41,102.0,False
3131,17.0,6.0,20.0,0,100000,2.98,12,56,1,0,5,7,0.0,0.012,786.72,0.0,102.0,False
3132,17.0,6.0,2.0,0,100000,2.98,7198,4571,138,7,654,6537,0.007,7.198,471900.88,33.03,102.0,False
3133,17.0,6.0,3.0,0,100000,2.98,3617,2363,70,10,549,3058,0.01,3.617,237130.52,23.71,102.0,False
3134,17.0,6.0,4.0,0,100000,2.98,2171,1428,34,15,435,1721,0.015,2.171,142330.76,21.35,102.0,False
3135,17.0,6.0,5.0,0,100000,2.98,1344,979,17,23,305,1016,0.023,1.344,88112.64,20.27,102.0,False
3136,17.0,6.0,6.0,0,100000,2.98,927,668,21,28,215,684,0.028,0.927,60774.12,17.02,102.0,False
3137,17.0,6.0,7.0,0,100000,2.98,615,490,21,15,172,428,0.015,0.615,40319.4,6.05,102.0,False
3138,17.0,6.0,8.0,0,100000,2.98,455,408,15,20,145,290,0.02,0.455,29829.8,5.97,102.0,False
3139,17.0,6.0,9.0,0,100000,2.98,321,309,5,25,88,208,0.025,0.321,21044.76,5.26,102.0,False
3140,17.0,7.0,10.0,0,100000,2.98,247,286,7,24,74,149,0.024,0.247,16193.32,3.89,119.0,False
3141,17.0,7.0,11.0,0,100000,2.98,185,230,2,11,54,120,0.011,0.185,12128.6,1.33,119.0,False
3142,17.0,7.0,12.0,0,100000,2.98,145,188,3,13,45,87,0.013,0.145,9506.2,1.24,119.0,False
3143,17.0,7.0,13.0,0,100000,2.98,114,150,6,11,38,65,0.011,0.114,7473.84,0.82,119.0,False
3144,17.0,7.0,14.0,0,100000,2.98,97,133,5,10,39,48,0.01,0.097,6359.32,0.64,119.0,False
3145,17.0,7.0,15.0,0,100000,2.98,56,104,2,7,16,33,0.007,0.056,3671.36,0.26,119.0,False
3146,17.0,7.0,16.0,0,100000,2.98,54,81,2,5,14,35,0.005,0.054,3540.24,0.18,119.0,False
3147,17.0,7.0,17.0,0,100000,2.98,43,87,0,5,11,27,0.005,0.043,2819.08,0.14,119.0,False
3148,17.0,7.0,18.0,0,100000,2.98,33,73,1,2,12,19,0.002,0.033,2163.48,0.04,119.0,False
3149,17.0,7.0,19.0,0,100000,2.98,21,60,2,4,4,13,0.004,0.021,1376.76,0.06,119.0,False
3150,17.0,7.0,1.0,0,100000,2.98,17244,10711,311,0,921,16323,0.0,17.244,1130516.64,0.0,119.0,False
3151,17.0,7.0,20.0,0,100000,2.98,27,51,2,3,6,18,0.003,0.027,1770.12,0.05,119.0,False
3152,17.0,7.0,2.0,0,100000,2.98,7161,4501,148,2,716,6443,0.002,7.161,469475.16,9.39,119.0,False
3153,17.0,7.0,3.0,0,100000,2.98,3679,2359,75,14,545,3120,0.014,3.679,241195.24,33.77,119.0,False
3154,17.0,7.0,4.0,0,100000,2.98,2182,1347,39,27,384,1771,0.027,2.182,143051.92,38.62,119.0,False
3155,17.0,7.0,5.0,0,100000,2.98,1415,883,18,32,313,1070,0.032,1.415,92767.4,29.69,119.0,False
3156,17.0,7.0,6.0,0,100000,2.98,937,678,14,31,236,670,0.031,0.937,61429.72,19.04,119.0,False
3157,17.0,7.0,7.0,0,100000,2.98,691,549,11,30,196,465,0.03,0.691,45301.96,13.59,119.0,False
3158,17.0,7.0,8.0,0,100000,2.98,470,417,15,23,135,312,0.023,0.47,30813.2,7.09,119.0,False
3159,17.0,7.0,9.0,0,100000,2.98,363,312,11,30,125,208,0.03,0.363,23798.28,7.14,119.0,False
3160,17.0,8.0,10.0,0,100000,2.98,295,235,10,35,95,165,0.035,0.295,19340.2,6.77,136.0,False
3161,17.0,8.0,11.0,0,100000,2.98,218,240,6,26,70,122,0.026,0.218,14292.08,3.72,136.0,False
3162,17.0,8.0,12.0,0,100000,2.98,173,158,6,30,56,87,0.03,0.173,11341.88,3.4,136.0,False
3163,17.0,8.0,13.0,0,100000,2.98,111,146,4,16,49,46,0.016,0.111,7277.16,1.16,136.0,False
3164,17.0,8.0,14.0,0,100000,2.98,92,139,4,14,31,47,0.014,0.092,6031.52,0.84,136.0,False
3165,17.0,8.0,15.0,0,100000,2.98,63,105,1,10,20,33,0.01,0.063,4130.28,0.41,136.0,False
3166,17.0,8.0,16.0,0,100000,2.98,55,94,1,5,14,36,0.005,0.055,3605.8,0.18,136.0,False
3167,17.0,8.0,17.0,0,100000,2.98,32,81,3,4,15,13,0.004,0.032,2097.92,0.08,136.0,False
3168,17.0,8.0,18.0,0,100000,2.98,32,76,0,4,14,14,0.004,0.032,2097.92,0.08,136.0,False
3169,17.0,8.0,19.0,0,100000,2.98,21,63,4,0,11,10,0.0,0.021,1376.76,0.0,136.0,False
3170,17.0,8.0,1.0,0,100000,2.98,17409,10727,310,0,917,16492,0.0,17.409,1141334.04,0.0,136.0,False
3171,17.0,8.0,20.0,0,100000,2.98,33,65,2,8,13,12,0.008,0.033,2163.48,0.17,136.0,False
3172,17.0,8.0,2.0,0,100000,2.98,7171,4613,146,4,699,6468,0.004,7.171,470130.76,18.81,136.0,False
3173,17.0,8.0,3.0,0,100000,2.98,3845,2464,68,12,568,3265,0.012,3.845,252078.2,30.25,136.0,False
3174,17.0,8.0,4.0,0,100000,2.98,2218,1414,36,22,411,1785,0.022,2.218,145412.08,31.99,136.0,False
3175,17.0,8.0,5.0,0,100000,2.98,1450,957,37,33,339,1078,0.033,1.45,95062.0,31.37,136.0,False
3176,17.0,8.0,6.0,0,100000,2.98,1043,698,12,43,296,704,0.043,1.043,68379.08,29.4,136.0,False
3177,17.0,8.0,7.0,0,100000,2.98,719,519,10,33,203,483,0.033,0.719,47137.64,15.56,136.0,False
3178,17.0,8.0,8.0,0,100000,2.98,525,386,12,24,172,329,0.024,0.525,34419.0,8.26,136.0,False
3179,17.0,8.0,9.0,0,100000,2.98,380,306,7,26,135,219,0.026,0.38,24912.8,6.48,136.0,False
3180,17.0,9.0,10.0,0,100000,2.98,325,260,3,28,108,189,0.028,0.325,21307.0,5.97,153.0,False
3181,17.0,9.0,11.0,0,100000,2.98,232,213,4,30,80,122,0.03,0.232,15209.92,4.56,153.0,False
3182,17.0,9.0,12.0,0,100000,2.98,183,163,5,24,61,98,0.024,0.183,11997.48,2.88,153.0,False
3183,17.0,9.0,13.0,0,100000,2.98,139,163,4,26,51,62,0.026,0.139,9112.84,2.37,153.0,False
3184,17.0,9.0,14.0,0,100000,2.98,104,139,3,15,39,50,0.015,0.104,6818.24,1.02,153.0,False
3185,17.0,9.0,15.0,0,100000,2.98,72,138,5,12,26,34,0.012,0.072,4720.32,0.57,153.0,False
3186,17.0,9.0,16.0,0,100000,2.98,47,103,2,4,24,19,0.004,0.047,3081.32,0.12,153.0,False
3187,17.0,9.0,17.0,0,100000,2.98,42,84,3,3,17,22,0.003,0.042,2753.52,0.08,153.0,False
3188,17.0,9.0,18.0,0,100000,2.98,43,74,2,5,20,18,0.005,0.043,2819.08,0.14,153.0,False
3189,17.0,9.0,19.0,0,100000,2.98,38,76,0,6,14,18,0.006,0.038,2491.28,0.15,153.0,False
3190,17.0,9.0,1.0,0,100000,2.98,17557,10535,309,0,902,16655,0.0,17.557,1151036.92,0.0,153.0,False
3191,17.0,9.0,20.0,0,100000,2.98,22,61,0,6,6,10,0.006,0.022,1442.32,0.09,153.0,False
3192,17.0,9.0,2.0,0,100000,2.98,7193,4557,136,6,735,6452,0.006,7.193,471573.08,28.29,153.0,False
3193,17.0,9.0,3.0,0,100000,2.98,3638,2448,55,18,556,3064,0.018,3.638,238507.28,42.93,153.0,False
3194,17.0,9.0,4.0,0,100000,2.98,2270,1438,28,29,433,1808,0.029,2.27,148821.2,43.16,153.0,False
3195,17.0,9.0,5.0,0,100000,2.98,1476,894,16,43,345,1088,0.043,1.476,96766.56,41.61,153.0,False
3196,17.0,9.0,6.0,0,100000,2.98,996,640,16,34,284,678,0.034,0.996,65297.76,22.2,153.0,False
3197,17.0,9.0,7.0,0,100000,2.98,681,493,17,32,195,454,0.032,0.681,44646.36,14.29,153.0,False
3198,17.0,9.0,8.0,0,100000,2.98,505,424,16,25,169,311,0.025,0.505,33107.8,8.28,153.0,False
3199,17.0,9.0,9.0,0,100000,2.98,431,291,6,40,134,257,0.04,0.431,28256.36,11.3,153.0,False
3200,18.0,10.0,10.0,0,100000,2.98,303,278,8,29,104,170,0.029,0.303,19864.68,5.76,180.0,False
3201,18.0,10.0,11.0,0,100000,2.98,264,220,5,22,113,129,0.022,0.264,17307.84,3.81,180.0,False
3202,18.0,10.0,12.0,0,100000,2.98,184,187,5,25,63,96,0.025,0.184,12063.04,3.02,180.0,False
3203,18.0,10.0,13.0,0,100000,2.98,120,157,6,16,50,54,0.016,0.12,7867.2,1.26,180.0,False
3204,18.0,10.0,14.0,0,100000,2.98,106,137,2,21,50,35,0.021,0.106,6949.36,1.46,180.0,False
3205,18.0,10.0,15.0,0,100000,2.98,83,119,3,16,36,31,0.016,0.083,5441.48,0.87,180.0,False
3206,18.0,10.0,16.0,0,100000,2.98,61,110,2,14,25,22,0.014,0.061,3999.16,0.56,180.0,False
3207,18.0,10.0,17.0,0,100000,2.98,50,71,3,5,25,20,0.005,0.05,3278.0,0.16,180.0,False
3208,18.0,10.0,18.0,0,100000,2.98,49,77,1,7,24,18,0.007,0.049,3212.44,0.22,180.0,False
3209,18.0,10.0,19.0,0,100000,2.98,34,51,3,6,12,16,0.006,0.034,2229.04,0.13,180.0,False
3210,18.0,10.0,1.0,0,100000,2.98,17554,10771,294,0,943,16611,0.0,17.554,1150840.24,0.0,180.0,False
3211,18.0,10.0,20.0,0,100000,2.98,26,64,1,2,10,14,0.002,0.026,1704.56,0.03,180.0,False
3212,18.0,10.0,2.0,0,100000,2.98,7399,4534,154,8,754,6637,0.008,7.399,485078.44,38.81,180.0,False
3213,18.0,10.0,3.0,0,100000,2.98,3811,2320,73,29,571,3211,0.029,3.811,249849.16,72.46,180.0,False
3214,18.0,10.0,4.0,0,100000,2.98,2239,1407,54,32,446,1761,0.032,2.239,146788.84,46.97,180.0,False
3215,18.0,10.0,5.0,0,100000,2.98,1417,953,25,35,325,1057,0.035,1.417,92898.52,32.51,180.0,False
3216,18.0,10.0,6.0,0,100000,2.98,970,676,12,44,266,660,0.044,0.97,63593.2,27.98,180.0,False
3217,18.0,10.0,7.0,0,100000,2.98,664,550,14,52,204,408,0.052,0.664,43531.84,22.64,180.0,False
3218,18.0,10.0,8.0,0,100000,2.98,543,404,6,46,186,311,0.046,0.543,35599.08,16.38,180.0,False
3219,18.0,10.0,9.0,0,100000,2.98,401,326,10,39,130,232,0.039,0.401,26289.56,10.25,180.0,False
3220,18.0,11.0,10.0,0,100000,2.98,337,266,6,40,109,188,0.04,0.337,22093.72,8.84,198.0,False
3221,18.0,11.0,11.0,0,100000,2.98,259,241,3,46,99,114,0.046,0.259,16980.04,7.81,198.0,False
3222,18.0,11.0,12.0,0,100000,2.98,197,203,6,31,78,88,0.031,0.197,12915.32,4.0,198.0,False
3223,18.0,11.0,13.0,0,100000,2.98,142,176,3,15,57,70,0.015,0.142,9309.52,1.4,198.0,False
3224,18.0,11.0,14.0,0,100000,2.98,116,117,3,22,38,56,0.022,0.116,7604.96,1.67,198.0,False
3225,18.0,11.0,15.0,0,100000,2.98,95,113,5,13,36,46,0.013,0.095,6228.2,0.81,198.0,False
3226,18.0,11.0,16.0,0,100000,2.98,67,109,1,12,24,31,0.012,0.067,4392.52,0.53,198.0,False
3227,18.0,11.0,17.0,0,100000,2.98,50,95,2,12,19,19,0.012,0.05,3278.0,0.39,198.0,False
3228,18.0,11.0,18.0,0,100000,2.98,48,80,1,9,20,19,0.009,0.048,3146.88,0.28,198.0,False
3229,18.0,11.0,19.0,0,100000,2.98,27,78,1,7,8,12,0.007,0.027,1770.12,0.12,198.0,False
3230,18.0,11.0,1.0,0,100000,2.98,17358,10564,291,0,888,16470,0.0,17.358,1137990.48,0.0,198.0,False
3231,18.0,11.0,20.0,0,100000,2.98,35,55,4,10,8,17,0.01,0.035,2294.6,0.23,198.0,False
3232,18.0,11.0,2.0,0,100000,2.98,7187,4537,158,9,672,6506,0.009,7.187,471179.72,42.41,198.0,False
3233,18.0,11.0,3.0,0,100000,2.98,3768,2352,73,12,575,3181,0.012,3.768,247030.08,29.64,198.0,False
3234,18.0,11.0,4.0,0,100000,2.98,2093,1484,46,30,416,1647,0.03,2.093,137217.08,41.17,198.0,False
3235,18.0,11.0,5.0,0,100000,2.98,1534,1006,20,38,334,1162,0.038,1.534,100569.04,38.22,198.0,False
3236,18.0,11.0,6.0,0,100000,2.98,1046,710,18,51,288,707,0.051,1.046,68575.76,34.97,198.0,False
3237,18.0,11.0,7.0,0,100000,2.98,694,525,12,57,208,429,0.057,0.694,45498.64,25.93,198.0,False
3238,18.0,11.0,8.0,0,100000,2.98,568,404,9,51,195,322,0.051,0.568,37238.08,18.99,198.0,False
3239,18.0,11.0,9.0,0,100000,2.98,412,317,7,43,129,240,0.043,0.412,27010.72,11.61,198.0,False
3240,18.0,12.0,10.0,0,100000,2.98,373,277,7,46,135,192,0.046,0.373,24453.88,11.25,216.0,False
3241,18.0,12.0,11.0,0,100000,2.98,245,214,6,34,82,129,0.034,0.245,16062.2,5.46,216.0,False
3242,18.0,12.0,12.0,0,100000,2.98,179,200,5,29,67,83,0.029,0.179,11735.24,3.4,216.0,False
3243,18.0,12.0,13.0,0,100000,2.98,170,156,2,33,70,67,0.033,0.17,11145.2,3.68,216.0,False
3244,18.0,12.0,14.0,0,100000,2.98,111,156,2,17,45,49,0.017,0.111,7277.16,1.24,216.0,False
3245,18.0,12.0,15.0,0,100000,2.98,95,111,0,15,49,31,0.015,0.095,6228.2,0.93,216.0,False
3246,18.0,12.0,16.0,0,100000,2.98,90,114,3,12,45,33,0.012,0.09,5900.4,0.71,216.0,False
3247,18.0,12.0,17.0,0,100000,2.98,60,102,3,9,20,31,0.009,0.06,3933.6,0.35,216.0,False
3248,18.0,12.0,18.0,0,100000,2.98,47,75,2,9,22,16,0.009,0.047,3081.32,0.28,216.0,False
3249,18.0,12.0,19.0,0,100000,2.98,32,69,2,6,16,10,0.006,0.032,2097.92,0.13,216.0,False
3250,18.0,12.0,1.0,0,100000,2.98,17390,10530,285,1,881,16508,0.001,17.39,1140088.4,11.4,216.0,False
3251,18.0,12.0,20.0,0,100000,2.98,32,65,1,7,14,11,0.007,0.032,2097.92,0.15,216.0,False
3252,18.0,12.0,2.0,0,100000,2.98,7164,4561,160,4,705,6455,0.004,7.164,469671.84,18.79,216.0,False
3253,18.0,12.0,3.0,0,100000,2.98,3701,2417,79,20,573,3108,0.02,3.701,242637.56,48.53,216.0,False
3254,18.0,12.0,4.0,0,100000,2.98,2288,1430,46,29,469,1790,0.029,2.288,150001.28,43.5,216.0,False
3255,18.0,12.0,5.0,0,100000,2.98,1537,980,25,32,395,1110,0.032,1.537,100765.72,32.25,216.0,False
3256,18.0,12.0,6.0,0,100000,2.98,1030,687,15,44,288,698,0.044,1.03,67526.8,29.71,216.0,False
3257,18.0,12.0,7.0,0,100000,2.98,810,505,12,56,230,524,0.056,0.81,53103.6,29.74,216.0,False
3258,18.0,12.0,8.0,0,100000,2.98,564,398,7,41,175,348,0.041,0.564,36975.84,15.16,216.0,False
3259,18.0,12.0,9.0,0,100000,2.98,402,344,14,31,164,207,0.031,0.402,26355.12,8.17,216.0,False
3260,18.0,13.0,10.0,0,100000,2.98,342,290,10,48,142,152,0.048,0.342,22421.52,10.76,234.0,False
3261,18.0,13.0,11.0,0,100000,2.98,264,232,5,46,85,133,0.046,0.264,17307.84,7.96,234.0,False
3262,18.0,13.0,12.0,0,100000,2.98,216,199,2,40,82,94,0.04,0.216,14160.96,5.66,234.0,False
3263,18.0,13.0,13.0,0,100000,2.98,172,156,4,35,50,87,0.035,0.172,11276.32,3.95,234.0,False
3264,18.0,13.0,14.0,0,100000,2.98,127,137,7,28,49,50,0.028,0.127,8326.12,2.33,234.0,False
3265,18.0,13.0,15.0,0,100000,2.98,115,133,3,27,44,44,0.027,0.115,7539.4,2.04,234.0,False
3266,18.0,13.0,16.0,0,100000,2.98,92,97,3,23,31,38,0.023,0.092,6031.52,1.39,234.0,False
3267,18.0,13.0,17.0,0,100000,2.98,59,93,3,13,18,28,0.013,0.059,3868.04,0.5,234.0,False
3268,18.0,13.0,18.0,0,100000,2.98,51,104,2,11,23,17,0.011,0.051,3343.56,0.37,234.0,False
3269,18.0,13.0,19.0,0,100000,2.98,42,68,1,8,23,11,0.008,0.042,2753.52,0.22,234.0,False
3270,18.0,13.0,1.0,0,100000,2.98,17407,10654,283,0,893,16514,0.0,17.407,1141202.92,0.0,234.0,False
3271,18.0,13.0,20.0,0,100000,2.98,41,75,3,8,19,14,0.008,0.041,2687.96,0.22,234.0,False
3272,18.0,13.0,2.0,0,100000,2.98,7382,4552,149,5,739,6638,0.005,7.382,483963.92,24.2,234.0,False
3273,18.0,13.0,3.0,0,100000,2.98,3787,2405,81,18,565,3204,0.018,3.787,248275.72,44.69,234.0,False
3274,18.0,13.0,4.0,0,100000,2.98,2218,1468,55,31,426,1761,0.031,2.218,145412.08,45.08,234.0,False
3275,18.0,13.0,5.0,0,100000,2.98,1458,976,28,38,360,1060,0.038,1.458,95586.48,36.32,234.0,False
3276,18.0,13.0,6.0,0,100000,2.98,1049,729,17,46,285,718,0.046,1.049,68772.44,31.64,234.0,False
3277,18.0,13.0,7.0,0,100000,2.98,789,512,8,44,253,492,0.044,0.789,51726.84,22.76,234.0,False
3278,18.0,13.0,8.0,0,100000,2.98,545,412,8,56,169,320,0.056,0.545,35730.2,20.01,234.0,False
3279,18.0,13.0,9.0,0,100000,2.98,431,319,7,56,146,229,0.056,0.431,28256.36,15.82,234.0,False
3280,18.0,14.0,10.0,0,100000,2.98,331,251,15,47,123,161,0.047,0.331,21700.36,10.2,252.0,False
3281,18.0,14.0,11.0,0,100000,2.98,274,245,10,37,94,143,0.037,0.274,17963.44,6.65,252.0,False
3282,18.0,14.0,12.0,0,100000,2.98,213,208,1,28,94,91,0.028,0.213,13964.28,3.91,252.0,False
3283,18.0,14.0,13.0,0,100000,2.98,172,174,2,23,73,76,0.023,0.172,11276.32,2.59,252.0,False
3284,18.0,14.0,14.0,0,100000,2.98,125,132,6,29,49,47,0.029,0.125,8195.0,2.38,252.0,False
3285,18.0,14.0,15.0,0,100000,2.98,102,124,8,18,44,40,0.018,0.102,6687.12,1.2,252.0,False
3286,18.0,14.0,16.0,0,100000,2.98,84,105,5,16,35,33,0.016,0.084,5507.04,0.88,252.0,False
3287,18.0,14.0,17.0,0,100000,2.98,61,110,1,11,24,26,0.011,0.061,3999.16,0.44,252.0,False
3288,18.0,14.0,18.0,0,100000,2.98,46,89,2,18,14,14,0.018,0.046,3015.76,0.54,252.0,False
3289,18.0,14.0,19.0,0,100000,2.98,44,65,2,12,16,16,0.012,0.044,2884.64,0.35,252.0,False
3290,18.0,14.0,1.0,0,100000,2.98,17233,10663,305,0,865,16368,0.0,17.233,1129795.48,0.0,252.0,False
3291,18.0,14.0,20.0,0,100000,2.98,37,55,0,12,14,11,0.012,0.037,2425.72,0.29,252.0,False
3292,18.0,14.0,2.0,0,100000,2.98,7370,4537,156,5,709,6656,0.005,7.37,483177.2,24.16,252.0,False
3293,18.0,14.0,3.0,0,100000,2.98,3807,2357,85,18,572,3217,0.018,3.807,249586.92,44.93,252.0,False
3294,18.0,14.0,4.0,0,100000,2.98,2195,1455,46,31,456,1708,0.031,2.195,143904.2,44.61,252.0,False
3295,18.0,14.0,5.0,0,100000,2.98,1465,947,18,39,343,1083,0.039,1.465,96045.4,37.46,252.0,False
3296,18.0,14.0,6.0,0,100000,2.98,993,683,23,43,284,666,0.043,0.993,65101.08,27.99,252.0,False
3297,18.0,14.0,7.0,0,100000,2.98,780,523,8,56,256,468,0.056,0.78,51136.8,28.64,252.0,False
3298,18.0,14.0,8.0,0,100000,2.98,556,420,11,56,204,296,0.056,0.556,36451.36,20.41,252.0,False
3299,18.0,14.0,9.0,0,100000,2.98,439,301,9,57,166,216,0.057,0.439,28780.84,16.41,252.0,False
3300,18.0,15.0,10.0,0,100000,2.98,335,270,8,48,141,146,0.048,0.335,21962.6,10.54,270.0,False
3301,18.0,15.0,11.0,0,100000,2.98,268,213,3,42,95,131,0.042,0.268,17570.08,7.38,270.0,False
3302,18.0,15.0,12.0,0,100000,2.98,210,183,5,39,90,81,0.039,0.21,13767.6,5.37,270.0,False
3303,18.0,15.0,13.0,0,100000,2.98,192,167,5,37,85,70,0.037,0.192,12587.52,4.66,270.0,False
3304,18.0,15.0,14.0,0,100000,2.98,148,154,7,34,58,56,0.034,0.148,9702.88,3.3,270.0,False
3305,18.0,15.0,15.0,0,100000,2.98,88,148,1,20,41,27,0.02,0.088,5769.28,1.15,270.0,False
3306,18.0,15.0,16.0,0,100000,2.98,85,119,1,15,33,37,0.015,0.085,5572.6,0.84,270.0,False
3307,18.0,15.0,17.0,0,100000,2.98,66,108,2,13,20,33,0.013,0.066,4326.96,0.56,270.0,False
3308,18.0,15.0,18.0,0,100000,2.98,41,100,1,11,16,14,0.011,0.041,2687.96,0.3,270.0,False
3309,18.0,15.0,19.0,0,100000,2.98,27,79,1,8,11,8,0.008,0.027,1770.12,0.14,270.0,False
3310,18.0,15.0,1.0,0,100000,2.98,17428,10704,296,0,885,16543,0.0,17.428,1142579.68,0.0,270.0,False
3311,18.0,15.0,20.0,0,100000,2.98,29,72,3,13,12,4,0.013,0.029,1901.24,0.25,270.0,False
3312,18.0,15.0,2.0,0,100000,2.98,7131,4520,136,7,675,6449,0.007,7.131,467508.36,32.73,270.0,False
3313,18.0,15.0,3.0,0,100000,2.98,3771,2311,58,24,559,3188,0.024,3.771,247226.76,59.33,270.0,False
3314,18.0,15.0,4.0,0,100000,2.98,2228,1457,43,34,440,1754,0.034,2.228,146067.68,49.66,270.0,False
3315,18.0,15.0,5.0,0,100000,2.98,1504,988,28,49,375,1080,0.049,1.504,98602.24,48.32,270.0,False
3316,18.0,15.0,6.0,0,100000,2.98,1031,672,18,34,306,691,0.034,1.031,67592.36,22.98,270.0,False
3317,18.0,15.0,7.0,0,100000,2.98,687,488,11,45,219,423,0.045,0.687,45039.72,20.27,270.0,False
3318,18.0,15.0,8.0,0,100000,2.98,594,444,13,48,197,349,0.048,0.594,38942.64,18.69,270.0,False
3319,18.0,15.0,9.0,0,100000,2.98,426,333,10,61,147,218,0.061,0.426,27928.56,17.04,270.0,False
3320,18.0,16.0,10.0,0,100000,2.98,381,259,5,61,134,186,0.061,0.381,24978.36,15.24,288.0,False
3321,18.0,16.0,11.0,0,100000,2.98,261,252,6,40,90,131,0.04,0.261,17111.16,6.84,288.0,False
3322,18.0,16.0,12.0,0,100000,2.98,205,200,7,31,83,91,0.031,0.205,13439.8,4.17,288.0,False
3323,18.0,16.0,13.0,0,100000,2.98,177,172,2,29,76,72,0.029,0.177,11604.12,3.37,288.0,False
3324,18.0,16.0,14.0,0,100000,2.98,147,147,4,40,49,58,0.04,0.147,9637.32,3.85,288.0,False
3325,18.0,16.0,15.0,0,100000,2.98,109,130,4,24,45,40,0.024,0.109,7146.04,1.72,288.0,False
3326,18.0,16.0,16.0,0,100000,2.98,92,133,1,14,49,29,0.014,0.092,6031.52,0.84,288.0,False
3327,18.0,16.0,17.0,0,100000,2.98,59,103,1,13,19,27,0.013,0.059,3868.04,0.5,288.0,False
3328,18.0,16.0,18.0,0,100000,2.98,59,100,5,14,26,19,0.014,0.059,3868.04,0.54,288.0,False
3329,18.0,16.0,19.0,0,100000,2.98,42,61,1,15,18,9,0.015,0.042,2753.52,0.41,288.0,False
3330,18.0,16.0,1.0,0,100000,2.98,17362,10646,306,1,895,16466,0.001,17.362,1138252.72,11.38,288.0,False
3331,18.0,16.0,20.0,0,100000,2.98,37,74,2,8,20,9,0.008,0.037,2425.72,0.19,288.0,False
3332,18.0,16.0,2.0,0,100000,2.98,7183,4535,136,6,726,6451,0.006,7.183,470917.48,28.26,288.0,False
3333,18.0,16.0,3.0,0,100000,2.98,3740,2331,75,13,559,3168,0.013,3.74,245194.4,31.88,288.0,False
3334,18.0,16.0,4.0,0,100000,2.98,2248,1462,36,23,441,1784,0.023,2.248,147378.88,33.9,288.0,False
3335,18.0,16.0,5.0,0,100000,2.98,1499,934,34,33,359,1107,0.033,1.499,98274.44,32.43,288.0,False
3336,18.0,16.0,6.0,0,100000,2.98,1062,617,15,51,306,705,0.051,1.062,69624.72,35.51,288.0,False
3337,18.0,16.0,7.0,0,100000,2.98,792,522,13,69,264,459,0.069,0.792,51923.52,35.83,288.0,False
3338,18.0,16.0,8.0,0,100000,2.98,619,393,13,50,231,338,0.05,0.619,40581.64,20.29,288.0,False
3339,18.0,16.0,9.0,0,100000,2.98,409,334,7,50,144,215,0.05,0.409,26814.04,13.41,288.0,False
3340,18.0,17.0,10.0,0,100000,2.98,362,284,10,53,129,180,0.053,0.362,23732.72,12.58,306.0,False
3341,18.0,17.0,11.0,0,100000,2.98,281,249,4,38,117,126,0.038,0.281,18422.36,7.0,306.0,False
3342,18.0,17.0,12.0,0,100000,2.98,184,200,0,42,57,85,0.042,0.184,12063.04,5.07,306.0,False
3343,18.0,17.0,13.0,0,100000,2.98,174,191,5,32,66,76,0.032,0.174,11407.44,3.65,306.0,False
3344,18.0,17.0,14.0,0,100000,2.98,136,133,2,32,58,46,0.032,0.136,8916.16,2.85,306.0,False
3345,18.0,17.0,15.0,0,100000,2.98,106,127,0,25,45,36,0.025,0.106,6949.36,1.74,306.0,False
3346,18.0,17.0,16.0,0,100000,2.98,90,107,3,27,31,32,0.027,0.09,5900.4,1.59,306.0,False
3347,18.0,17.0,17.0,0,100000,2.98,68,101,3,16,27,25,0.016,0.068,4458.08,0.71,306.0,False
3348,18.0,17.0,18.0,0,100000,2.98,60,84,0,16,28,16,0.016,0.06,3933.6,0.63,306.0,False
3349,18.0,17.0,19.0,0,100000,2.98,53,87,1,15,23,15,0.015,0.053,3474.68,0.52,306.0,False
3350,18.0,17.0,1.0,0,100000,2.98,17483,10861,304,0,880,16603,0.0,17.483,1146185.48,0.0,306.0,False
3351,18.0,17.0,20.0,0,100000,2.98,32,70,3,4,18,10,0.004,0.032,2097.92,0.08,306.0,False
3352,18.0,17.0,2.0,0,100000,2.98,7301,4533,150,13,686,6602,0.013,7.301,478653.56,62.22,306.0,False
3353,18.0,17.0,3.0,0,100000,2.98,3778,2319,67,15,594,3169,0.015,3.778,247685.68,37.15,306.0,False
3354,18.0,17.0,4.0,0,100000,2.98,2266,1420,46,41,461,1764,0.041,2.266,148558.96,60.91,306.0,False
3355,18.0,17.0,5.0,0,100000,2.98,1404,1000,28,46,371,987,0.046,1.404,92046.24,42.34,306.0,False
3356,18.0,17.0,6.0,0,100000,2.98,1033,661,23,37,279,717,0.037,1.033,67723.48,25.06,306.0,False
3357,18.0,17.0,7.0,0,100000,2.98,751,491,10,38,246,467,0.038,0.751,49235.56,18.71,306.0,False
3358,18.0,17.0,8.0,0,100000,2.98,565,427,11,48,197,320,0.048,0.565,37041.4,17.78,306.0,False
3359,18.0,17.0,9.0,0,100000,2.98,445,334,10,48,174,223,0.048,0.445,29174.2,14.0,306.0,False
3360,18.0,18.0,10.0,0,100000,2.98,372,282,5,67,120,185,0.067,0.372,24388.32,16.34,324.0,True
3361,18.0,18.0,11.0,0,100000,2.98,303,249,8,43,130,130,0.043,0.303,19864.68,8.54,324.0,True
3362,18.0,18.0,12.0,0,100000,2.98,200,213,3,40,75,85,0.04,0.2,13112.0,5.24,324.0,True
3363,18.0,18.0,13.0,0,100000,2.98,178,184,6,34,76,68,0.034,0.178,11669.68,3.97,324.0,True
3364,18.0,18.0,14.0,0,100000,2.98,138,154,4,23,60,55,0.023,0.138,9047.28,2.08,324.0,True
3365,18.0,18.0,15.0,0,100000,2.98,114,145,1,20,48,46,0.02,0.114,7473.84,1.49,324.0,True
3366,18.0,18.0,16.0,0,100000,2.98,104,130,7,24,37,43,0.024,0.104,6818.24,1.64,324.0,True
3367,18.0,18.0,17.0,0,100000,2.98,56,107,4,20,26,10,0.02,0.056,3671.36,0.73,324.0,True
3368,18.0,18.0,18.0,0,100000,2.98,53,95,2,12,26,15,0.012,0.053,3474.68,0.42,324.0,True
3369,18.0,18.0,19.0,0,100000,2.98,54,89,2,18,18,18,0.018,0.054,3540.24,0.64,324.0,True
3370,18.0,18.0,1.0,0,100000,2.98,17465,10575,278,1,897,16567,0.001,17.465,1145005.4,11.45,324.0,True
3371,18.0,18.0,20.0,0,100000,2.98,47,85,0,19,12,16,0.019,0.047,3081.32,0.59,324.0,True
3372,18.0,18.0,2.0,0,100000,2.98,7345,4569,147,7,701,6637,0.007,7.345,481538.2,33.71,324.0,True
3373,18.0,18.0,3.0,0,100000,2.98,3886,2394,78,19,569,3298,0.019,3.886,254766.16,48.41,324.0,True
3374,18.0,18.0,4.0,0,100000,2.98,2280,1393,44,22,459,1799,0.022,2.28,149476.8,32.88,324.0,True
3375,18.0,18.0,5.0,0,100000,2.98,1492,980,34,43,357,1092,0.043,1.492,97815.52,42.06,324.0,True
3376,18.0,18.0,6.0,0,100000,2.98,1077,684,17,57,312,708,0.057,1.077,70608.12,40.25,324.0,True
3377,18.0,18.0,7.0,0,100000,2.98,754,504,16,57,251,446,0.057,0.754,49432.24,28.18,324.0,True
3378,18.0,18.0,8.0,0,100000,2.98,594,428,15,48,212,334,0.048,0.594,38942.64,18.69,324.0,True
3379,18.0,18.0,9.0,0,100000,2.98,462,343,5,40,181,241,0.04,0.462,30288.72,12.12,324.0,True
3380,18.0,19.0,10.0,0,100000,2.98,328,256,10,44,146,138,0.044,0.328,21503.68,9.46,342.0,False
3381,18.0,19.0,11.0,0,100000,2.98,300,218,4,46,120,134,0.046,0.3,19668.0,9.05,342.0,False
3382,18.0,19.0,12.0,0,100000,2.98,202,184,3,34,82,86,0.034,0.202,13243.12,4.5,342.0,False
3383,18.0,19.0,13.0,0,100000,2.98,180,171,5,27,78,75,0.027,0.18,11800.8,3.19,342.0,False
3384,18.0,19.0,14.0,0,100000,2.98,156,142,0,36,63,57,0.036,0.156,10227.36,3.68,342.0,False
3385,18.0,19.0,15.0,0,100000,2.98,130,121,3,21,60,49,0.021,0.13,8522.8,1.79,342.0,False
3386,18.0,19.0,16.0,0,100000,2.98,92,119,2,22,39,31,0.022,0.092,6031.52,1.33,342.0,False
3387,18.0,19.0,17.0,0,100000,2.98,72,109,3,20,30,22,0.02,0.072,4720.32,0.94,342.0,False
3388,18.0,19.0,18.0,0,100000,2.98,67,89,1,13,28,26,0.013,0.067,4392.52,0.57,342.0,False
3389,18.0,19.0,19.0,0,100000,2.98,54,74,2,14,22,18,0.014,0.054,3540.24,0.5,342.0,False
3390,18.0,19.0,1.0,0,100000,2.98,17462,10645,279,0,881,16581,0.0,17.462,1144808.72,0.0,342.0,False
3391,18.0,19.0,20.0,0,100000,2.98,37,75,2,18,6,13,0.018,0.037,2425.72,0.44,342.0,False
3392,18.0,19.0,2.0,0,100000,2.98,7272,4650,145,9,740,6523,0.009,7.272,476752.32,42.91,342.0,False
3393,18.0,19.0,3.0,0,100000,2.98,3747,2322,67,24,578,3145,0.024,3.747,245653.32,58.96,342.0,False
3394,18.0,19.0,4.0,0,100000,2.98,2337,1471,59,16,462,1859,0.016,2.337,153213.72,24.51,342.0,False
3395,18.0,19.0,5.0,0,100000,2.98,1462,976,37,39,380,1043,0.039,1.462,95848.72,37.38,342.0,False
3396,18.0,19.0,6.0,0,100000,2.98,1027,729,15,40,320,667,0.04,1.027,67330.12,26.93,342.0,False
3397,18.0,19.0,7.0,0,100000,2.98,803,503,14,50,269,484,0.05,0.803,52644.68,26.32,342.0,False
3398,18.0,19.0,8.0,0,100000,2.98,627,406,12,43,237,347,0.043,0.627,41106.12,17.68,342.0,False
3399,18.0,19.0,9.0,0,100000,2.98,458,332,6,59,142,257,0.059,0.458,30026.48,17.72,342.0,False
3400,18.0,1.0,10.0,0,100000,2.98,117,217,6,0,5,112,0.0,0.117,7670.52,0.0,18.0,False
3401,18.0,1.0,11.0,0,100000,2.98,97,155,4,0,2,95,0.0,0.097,6359.32,0.0,18.0,False
3402,18.0,1.0,12.0,0,100000,2.98,75,156,3,0,0,75,0.0,0.075,4917.0,0.0,18.0,False
3403,18.0,1.0,13.0,0,100000,2.98,54,121,1,0,2,52,0.0,0.054,3540.24,0.0,18.0,False
3404,18.0,1.0,14.0,0,100000,2.98,42,101,1,0,1,41,0.0,0.042,2753.52,0.0,18.0,False
3405,18.0,1.0,15.0,0,100000,2.98,28,70,1,0,0,28,0.0,0.028,1835.68,0.0,18.0,False
3406,18.0,1.0,16.0,0,100000,2.98,17,68,0,0,0,17,0.0,0.017,1114.52,0.0,18.0,False
3407,18.0,1.0,17.0,0,100000,2.98,15,53,5,0,0,15,0.0,0.015,983.4,0.0,18.0,False
3408,18.0,1.0,18.0,0,100000,2.98,13,63,0,0,0,13,0.0,0.013,852.28,0.0,18.0,False
3409,18.0,1.0,19.0,0,100000,2.98,7,37,3,0,1,6,0.0,0.007,458.92,0.0,18.0,False
3410,18.0,1.0,1.0,0,100000,2.98,16875,10498,327,0,615,16260,0.0,16.875,1106325.0,0.0,18.0,False
3411,18.0,1.0,20.0,0,100000,2.98,10,41,0,0,1,9,0.0,0.01,655.6,0.0,18.0,False
3412,18.0,1.0,2.0,0,100000,2.98,6946,4497,125,0,328,6618,0.0,6.946,455379.76,0.0,18.0,False
3413,18.0,1.0,3.0,0,100000,2.98,3293,2277,69,0,167,3126,0.0,3.293,215889.08,0.0,18.0,False
3414,18.0,1.0,4.0,0,100000,2.98,1756,1457,28,0,84,1672,0.0,1.756,115123.36,0.0,18.0,False
3415,18.0,1.0,5.0,0,100000,2.98,1051,943,18,0,46,1005,0.0,1.051,68903.56,0.0,18.0,False
3416,18.0,1.0,6.0,0,100000,2.98,607,657,19,0,35,572,0.0,0.607,39794.92,0.0,18.0,False
3417,18.0,1.0,7.0,0,100000,2.98,400,439,9,0,11,389,0.0,0.4,26224.0,0.0,18.0,False
3418,18.0,1.0,8.0,0,100000,2.98,264,336,8,0,15,249,0.0,0.264,17307.84,0.0,18.0,False
3419,18.0,1.0,9.0,0,100000,2.98,185,252,6,0,11,174,0.0,0.185,12128.6,0.0,18.0,False
3420,18.0,20.0,10.0,0,100000,2.98,318,282,5,47,137,134,0.047,0.318,20848.08,9.8,360.0,False
3421,18.0,20.0,11.0,0,100000,2.98,292,227,3,52,109,131,0.052,0.292,19143.52,9.95,360.0,False
3422,18.0,20.0,12.0,0,100000,2.98,219,191,5,37,93,89,0.037,0.219,14357.64,5.31,360.0,False
3423,18.0,20.0,13.0,0,100000,2.98,175,196,5,31,77,67,0.031,0.175,11473.0,3.56,360.0,False
3424,18.0,20.0,14.0,0,100000,2.98,148,134,5,37,57,54,0.037,0.148,9702.88,3.59,360.0,False
3425,18.0,20.0,15.0,0,100000,2.98,106,133,2,22,45,39,0.022,0.106,6949.36,1.53,360.0,False
3426,18.0,20.0,16.0,0,100000,2.98,82,120,3,17,35,30,0.017,0.082,5375.92,0.91,360.0,False
3427,18.0,20.0,17.0,0,100000,2.98,76,105,1,25,28,23,0.025,0.076,4982.56,1.25,360.0,False
3428,18.0,20.0,18.0,0,100000,2.98,64,102,3,17,27,20,0.017,0.064,4195.84,0.71,360.0,False
3429,18.0,20.0,19.0,0,100000,2.98,47,99,1,14,13,20,0.014,0.047,3081.32,0.43,360.0,False
3430,18.0,20.0,1.0,0,100000,2.98,17371,10632,292,0,896,16475,0.0,17.371,1138842.76,0.0,360.0,False
3431,18.0,20.0,20.0,0,100000,2.98,30,80,3,7,16,7,0.007,0.03,1966.8,0.14,360.0,False
3432,18.0,20.0,2.0,0,100000,2.98,7275,4613,138,5,725,6545,0.005,7.275,476949.0,23.85,360.0,False
3433,18.0,20.0,3.0,0,100000,2.98,3663,2419,74,21,534,3108,0.021,3.663,240146.28,50.43,360.0,False
3434,18.0,20.0,4.0,0,100000,2.98,2287,1507,43,26,509,1752,0.026,2.287,149935.72,38.98,360.0,False
3435,18.0,20.0,5.0,0,100000,2.98,1429,946,26,51,340,1038,0.051,1.429,93685.24,47.78,360.0,False
3436,18.0,20.0,6.0,0,100000,2.98,987,705,16,41,287,659,0.041,0.987,64707.72,26.53,360.0,False
3437,18.0,20.0,7.0,0,100000,2.98,697,540,11,57,190,450,0.057,0.697,45695.32,26.05,360.0,False
3438,18.0,20.0,8.0,0,100000,2.98,578,412,17,52,196,330,0.052,0.578,37893.68,19.7,360.0,False
3439,18.0,20.0,9.0,0,100000,2.98,403,316,4,49,139,215,0.049,0.403,26420.68,12.95,360.0,False
3440,18.0,2.0,10.0,0,100000,2.98,109,193,10,0,11,98,0.0,0.109,7146.04,0.0,36.0,False
3441,18.0,2.0,11.0,0,100000,2.98,94,183,6,0,8,86,0.0,0.094,6162.64,0.0,36.0,False
3442,18.0,2.0,12.0,0,100000,2.98,53,136,2,0,3,50,0.0,0.053,3474.68,0.0,36.0,False
3443,18.0,2.0,13.0,0,100000,2.98,32,112,5,0,3,29,0.0,0.032,2097.92,0.0,36.0,False
3444,18.0,2.0,14.0,0,100000,2.98,20,94,1,0,2,18,0.0,0.02,1311.2,0.0,36.0,False
3445,18.0,2.0,15.0,0,100000,2.98,23,87,1,0,1,22,0.0,0.023,1507.88,0.0,36.0,False
3446,18.0,2.0,16.0,0,100000,2.98,18,80,0,0,2,16,0.0,0.018,1180.08,0.0,36.0,False
3447,18.0,2.0,17.0,0,100000,2.98,9,65,2,0,0,9,0.0,0.009,590.04,0.0,36.0,False
3448,18.0,2.0,18.0,0,100000,2.98,6,46,5,0,0,6,0.0,0.006,393.36,0.0,36.0,False
3449,18.0,2.0,19.0,0,100000,2.98,7,38,1,0,0,7,0.0,0.007,458.92,0.0,36.0,False
3450,18.0,2.0,1.0,0,100000,2.98,17225,10637,299,0,790,16435,0.0,17.225,1129271.0,0.0,36.0,False
3451,18.0,2.0,20.0,0,100000,2.98,1,39,1,0,0,1,0.0,0.001,65.56,0.0,36.0,False
3452,18.0,2.0,2.0,0,100000,2.98,6967,4506,160,0,521,6446,0.0,6.967,456756.52,0.0,36.0,False
3453,18.0,2.0,3.0,0,100000,2.98,3328,2379,51,1,322,3005,0.001,3.328,218183.68,2.18,36.0,False
3454,18.0,2.0,4.0,0,100000,2.98,1801,1416,55,5,208,1588,0.005,1.801,118073.56,5.9,36.0,False
3455,18.0,2.0,5.0,0,100000,2.98,1084,894,29,3,105,976,0.003,1.084,71067.04,2.13,36.0,False
3456,18.0,2.0,6.0,0,100000,2.98,674,610,17,0,73,601,0.0,0.674,44187.44,0.0,36.0,False
3457,18.0,2.0,7.0,0,100000,2.98,421,471,19,1,48,372,0.001,0.421,27600.76,0.28,36.0,False
3458,18.0,2.0,8.0,0,100000,2.98,275,364,14,0,31,244,0.0,0.275,18029.0,0.0,36.0,False
3459,18.0,2.0,9.0,0,100000,2.98,183,299,7,1,16,166,0.001,0.183,11997.48,0.12,36.0,False
3460,18.0,3.0,10.0,0,100000,2.98,160,243,14,3,25,132,0.003,0.16,10489.6,0.31,54.0,False
3461,18.0,3.0,11.0,0,100000,2.98,116,175,8,0,20,96,0.0,0.116,7604.96,0.0,54.0,False
3462,18.0,3.0,12.0,0,100000,2.98,86,135,5,1,10,75,0.001,0.086,5638.16,0.06,54.0,False
3463,18.0,3.0,13.0,0,100000,2.98,68,118,2,1,8,59,0.001,0.068,4458.08,0.04,54.0,False
3464,18.0,3.0,14.0,0,100000,2.98,40,108,5,0,3,37,0.0,0.04,2622.4,0.0,54.0,False
3465,18.0,3.0,15.0,0,100000,2.98,27,93,0,1,4,22,0.001,0.027,1770.12,0.02,54.0,False
3466,18.0,3.0,16.0,0,100000,2.98,25,86,1,2,5,18,0.002,0.025,1639.0,0.03,54.0,False
3467,18.0,3.0,17.0,0,100000,2.98,18,74,4,0,2,16,0.0,0.018,1180.08,0.0,54.0,False
3468,18.0,3.0,18.0,0,100000,2.98,11,52,2,0,2,9,0.0,0.011,721.16,0.0,54.0,False
3469,18.0,3.0,19.0,0,100000,2.98,11,49,2,0,1,10,0.0,0.011,721.16,0.0,54.0,False
3470,18.0,3.0,1.0,0,100000,2.98,17480,10445,288,0,812,16668,0.0,17.48,1145988.8,0.0,54.0,False
3471,18.0,3.0,20.0,0,100000,2.98,11,54,2,0,3,8,0.0,0.011,721.16,0.0,54.0,False
3472,18.0,3.0,2.0,0,100000,2.98,7307,4575,158,4,620,6683,0.004,7.307,479046.92,19.16,54.0,False
3473,18.0,3.0,3.0,0,100000,2.98,3455,2283,71,5,431,3019,0.005,3.455,226509.8,11.33,54.0,False
3474,18.0,3.0,4.0,0,100000,2.98,1984,1431,43,5,283,1696,0.005,1.984,130071.04,6.5,54.0,False
3475,18.0,3.0,5.0,0,100000,2.98,1173,879,27,4,207,962,0.004,1.173,76901.88,3.08,54.0,False
3476,18.0,3.0,6.0,0,100000,2.98,792,640,24,5,143,644,0.005,0.792,51923.52,2.6,54.0,False
3477,18.0,3.0,7.0,0,100000,2.98,510,453,18,4,79,427,0.004,0.51,33435.6,1.34,54.0,False
3478,18.0,3.0,8.0,0,100000,2.98,314,374,10,6,60,248,0.006,0.314,20585.84,1.24,54.0,False
3479,18.0,3.0,9.0,0,100000,2.98,223,291,8,1,39,183,0.001,0.223,14619.88,0.15,54.0,False
3480,18.0,4.0,10.0,0,100000,2.98,203,234,11,7,52,144,0.007,0.203,13308.68,0.93,72.0,False
3481,18.0,4.0,11.0,0,100000,2.98,146,195,7,4,41,101,0.004,0.146,9571.76,0.38,72.0,False
3482,18.0,4.0,12.0,0,100000,2.98,101,149,10,6,21,74,0.006,0.101,6621.56,0.4,72.0,False
3483,18.0,4.0,13.0,0,100000,2.98,81,135,4,3,15,63,0.003,0.081,5310.36,0.16,72.0,False
3484,18.0,4.0,14.0,0,100000,2.98,44,114,2,2,7,35,0.002,0.044,2884.64,0.06,72.0,False
3485,18.0,4.0,15.0,0,100000,2.98,35,94,4,2,7,26,0.002,0.035,2294.6,0.05,72.0,False
3486,18.0,4.0,16.0,0,100000,2.98,34,88,2,2,6,26,0.002,0.034,2229.04,0.04,72.0,False
3487,18.0,4.0,17.0,0,100000,2.98,20,70,0,0,8,12,0.0,0.02,1311.2,0.0,72.0,False
3488,18.0,4.0,18.0,0,100000,2.98,17,67,0,0,4,13,0.0,0.017,1114.52,0.0,72.0,False
3489,18.0,4.0,19.0,0,100000,2.98,12,53,0,1,1,10,0.001,0.012,786.72,0.01,72.0,False
3490,18.0,4.0,1.0,0,100000,2.98,17386,10759,283,0,919,16467,0.0,17.386,1139826.16,0.0,72.0,False
3491,18.0,4.0,20.0,0,100000,2.98,8,44,1,0,2,6,0.0,0.008,524.48,0.0,72.0,False
3492,18.0,4.0,2.0,0,100000,2.98,7241,4496,164,5,694,6542,0.005,7.241,474719.96,23.74,72.0,False
3493,18.0,4.0,3.0,0,100000,2.98,3531,2300,74,8,466,3057,0.008,3.531,231492.36,18.52,72.0,False
3494,18.0,4.0,4.0,0,100000,2.98,2100,1416,50,9,350,1741,0.009,2.1,137676.0,12.39,72.0,False
3495,18.0,4.0,5.0,0,100000,2.98,1290,959,30,10,237,1043,0.01,1.29,84572.4,8.46,72.0,False
3496,18.0,4.0,6.0,0,100000,2.98,794,672,17,12,151,631,0.012,0.794,52054.64,6.25,72.0,False
3497,18.0,4.0,7.0,0,100000,2.98,590,480,11,6,130,454,0.006,0.59,38680.4,2.32,72.0,False
3498,18.0,4.0,8.0,0,100000,2.98,380,383,10,7,89,284,0.007,0.38,24912.8,1.74,72.0,False
3499,18.0,4.0,9.0,0,100000,2.98,259,301,12,4,62,193,0.004,0.259,16980.04,0.68,72.0,False
3500,18.0,5.0,10.0,0,100000,2.98,222,243,7,10,59,153,0.01,0.222,14554.32,1.46,90.0,False
3501,18.0,5.0,11.0,0,100000,2.98,160,188,5,6,33,121,0.006,0.16,10489.6,0.63,90.0,False
3502,18.0,5.0,12.0,0,100000,2.98,111,164,5,5,38,68,0.005,0.111,7277.16,0.36,90.0,False
3503,18.0,5.0,13.0,0,100000,2.98,109,132,8,6,31,72,0.006,0.109,7146.04,0.43,90.0,False
3504,18.0,5.0,14.0,0,100000,2.98,62,114,5,2,19,41,0.002,0.062,4064.72,0.08,90.0,False
3505,18.0,5.0,15.0,0,100000,2.98,57,89,1,3,12,42,0.003,0.057,3736.92,0.11,90.0,False
3506,18.0,5.0,16.0,0,100000,2.98,37,81,1,4,9,24,0.004,0.037,2425.72,0.1,90.0,False
3507,18.0,5.0,17.0,0,100000,2.98,32,81,3,3,9,20,0.003,0.032,2097.92,0.06,90.0,False
3508,18.0,5.0,18.0,0,100000,2.98,22,75,2,2,4,16,0.002,0.022,1442.32,0.03,90.0,False
3509,18.0,5.0,19.0,0,100000,2.98,19,50,0,2,7,10,0.002,0.019,1245.64,0.02,90.0,False
3510,18.0,5.0,1.0,0,100000,2.98,17374,10665,337,0,855,16519,0.0,17.374,1139039.44,0.0,90.0,False
3511,18.0,5.0,20.0,0,100000,2.98,13,53,1,1,4,8,0.001,0.013,852.28,0.01,90.0,False
3512,18.0,5.0,2.0,0,100000,2.98,7260,4549,152,6,740,6514,0.006,7.26,475965.6,28.56,90.0,False
3513,18.0,5.0,3.0,0,100000,2.98,3789,2349,69,16,540,3233,0.016,3.789,248406.84,39.75,90.0,False
3514,18.0,5.0,4.0,0,100000,2.98,2152,1399,38,14,360,1778,0.014,2.152,141085.12,19.75,90.0,False
3515,18.0,5.0,5.0,0,100000,2.98,1327,970,25,16,282,1029,0.016,1.327,86998.12,13.92,90.0,False
3516,18.0,5.0,6.0,0,100000,2.98,909,700,16,22,219,668,0.022,0.909,59594.04,13.11,90.0,False
3517,18.0,5.0,7.0,0,100000,2.98,654,479,15,14,172,468,0.014,0.654,42876.24,6.0,90.0,False
3518,18.0,5.0,8.0,0,100000,2.98,430,423,11,10,118,302,0.01,0.43,28190.8,2.82,90.0,False
3519,18.0,5.0,9.0,0,100000,2.98,290,287,3,15,77,198,0.015,0.29,19012.4,2.85,90.0,False
3520,18.0,6.0,10.0,0,100000,2.98,234,258,8,18,65,151,0.018,0.234,15341.04,2.76,108.0,False
3521,18.0,6.0,11.0,0,100000,2.98,208,193,2,10,58,140,0.01,0.208,13636.48,1.36,108.0,False
3522,18.0,6.0,12.0,0,100000,2.98,127,188,4,15,36,76,0.015,0.127,8326.12,1.25,108.0,False
3523,18.0,6.0,13.0,0,100000,2.98,103,132,3,7,31,65,0.007,0.103,6752.68,0.47,108.0,False
3524,18.0,6.0,14.0,0,100000,2.98,80,120,9,8,26,46,0.008,0.08,5244.8,0.42,108.0,False
3525,18.0,6.0,15.0,0,100000,2.98,61,98,1,5,12,44,0.005,0.061,3999.16,0.2,108.0,False
3526,18.0,6.0,16.0,0,100000,2.98,45,82,3,4,11,30,0.004,0.045,2950.2,0.12,108.0,False
3527,18.0,6.0,17.0,0,100000,2.98,22,85,3,1,10,11,0.001,0.022,1442.32,0.01,108.0,False
3528,18.0,6.0,18.0,0,100000,2.98,33,70,1,2,8,23,0.002,0.033,2163.48,0.04,108.0,False
3529,18.0,6.0,19.0,0,100000,2.98,17,71,0,2,4,11,0.002,0.017,1114.52,0.02,108.0,False
3530,18.0,6.0,1.0,0,100000,2.98,17394,10670,294,1,887,16506,0.001,17.394,1140350.64,11.4,108.0,False
3531,18.0,6.0,20.0,0,100000,2.98,11,48,0,1,4,6,0.001,0.011,721.16,0.01,108.0,False
3532,18.0,6.0,2.0,0,100000,2.98,7381,4361,139,4,695,6682,0.004,7.381,483898.36,19.36,108.0,False
3533,18.0,6.0,3.0,0,100000,2.98,3791,2345,85,22,523,3246,0.022,3.791,248537.96,54.68,108.0,False
3534,18.0,6.0,4.0,0,100000,2.98,2147,1417,44,17,385,1745,0.017,2.147,140757.32,23.93,108.0,False
3535,18.0,6.0,5.0,0,100000,2.98,1461,924,28,29,335,1097,0.029,1.461,95783.16,27.78,108.0,False
3536,18.0,6.0,6.0,0,100000,2.98,975,676,11,20,222,733,0.02,0.975,63921.0,12.78,108.0,False
3537,18.0,6.0,7.0,0,100000,2.98,608,513,20,25,156,427,0.025,0.608,39860.48,9.97,108.0,False
3538,18.0,6.0,8.0,0,100000,2.98,473,373,7,21,147,305,0.021,0.473,31009.88,6.51,108.0,False
3539,18.0,6.0,9.0,0,100000,2.98,334,318,7,16,97,221,0.016,0.334,21897.04,3.5,108.0,False
3540,18.0,7.0,10.0,0,100000,2.98,255,243,6,27,93,135,0.027,0.255,16717.8,4.51,126.0,False
3541,18.0,7.0,11.0,0,100000,2.98,217,209,3,19,73,125,0.019,0.217,14226.52,2.7,126.0,False
3542,18.0,7.0,12.0,0,100000,2.98,149,153,4,15,53,81,0.015,0.149,9768.44,1.47,126.0,False
3543,18.0,7.0,13.0,0,100000,2.98,88,154,7,4,27,57,0.004,0.088,5769.28,0.23,126.0,False
3544,18.0,7.0,14.0,0,100000,2.98,89,109,2,12,25,52,0.012,0.089,5834.84,0.7,126.0,False
3545,18.0,7.0,15.0,0,100000,2.98,79,116,3,5,25,49,0.005,0.079,5179.24,0.26,126.0,False
3546,18.0,7.0,16.0,0,100000,2.98,47,83,2,8,13,26,0.008,0.047,3081.32,0.25,126.0,False
3547,18.0,7.0,17.0,0,100000,2.98,38,81,3,4,15,19,0.004,0.038,2491.28,0.1,126.0,False
3548,18.0,7.0,18.0,0,100000,2.98,31,82,0,7,4,20,0.007,0.031,2032.36,0.14,126.0,False
3549,18.0,7.0,19.0,0,100000,2.98,27,76,3,3,10,14,0.003,0.027,1770.12,0.05,126.0,False
3550,18.0,7.0,1.0,0,100000,2.98,17419,10615,336,0,939,16480,0.0,17.419,1141989.64,0.0,126.0,False
3551,18.0,7.0,20.0,0,100000,2.98,16,53,3,2,2,12,0.002,0.016,1048.96,0.02,126.0,False
3552,18.0,7.0,2.0,0,100000,2.98,7288,4595,153,7,702,6579,0.007,7.288,477801.28,33.45,126.0,False
3553,18.0,7.0,3.0,0,100000,2.98,3680,2328,78,14,506,3160,0.014,3.68,241260.8,33.78,126.0,False
3554,18.0,7.0,4.0,0,100000,2.98,2217,1382,44,31,442,1744,0.031,2.217,145346.52,45.06,126.0,False
3555,18.0,7.0,5.0,0,100000,2.98,1428,920,20,29,338,1061,0.029,1.428,93619.68,27.15,126.0,False
3556,18.0,7.0,6.0,0,100000,2.98,936,639,22,36,257,643,0.036,0.936,61364.16,22.09,126.0,False
3557,18.0,7.0,7.0,0,100000,2.98,673,491,13,32,212,429,0.032,0.673,44121.88,14.12,126.0,False
3558,18.0,7.0,8.0,0,100000,2.98,482,413,13,33,139,310,0.033,0.482,31599.92,10.43,126.0,False
3559,18.0,7.0,9.0,0,100000,2.98,351,312,4,29,99,223,0.029,0.351,23011.56,6.67,126.0,False
3560,18.0,8.0,10.0,0,100000,2.98,307,248,12,29,89,189,0.029,0.307,20126.92,5.84,144.0,False
3561,18.0,8.0,11.0,0,100000,2.98,206,206,3,16,71,119,0.016,0.206,13505.36,2.16,144.0,False
3562,18.0,8.0,12.0,0,100000,2.98,159,180,2,23,55,81,0.023,0.159,10424.04,2.4,144.0,False
3563,18.0,8.0,13.0,0,100000,2.98,137,148,2,14,44,79,0.014,0.137,8981.72,1.26,144.0,False
3564,18.0,8.0,14.0,0,100000,2.98,95,130,2,18,34,43,0.018,0.095,6228.2,1.12,144.0,False
3565,18.0,8.0,15.0,0,100000,2.98,71,115,5,5,27,39,0.005,0.071,4654.76,0.23,144.0,False
3566,18.0,8.0,16.0,0,100000,2.98,57,91,1,6,25,26,0.006,0.057,3736.92,0.22,144.0,False
3567,18.0,8.0,17.0,0,100000,2.98,41,80,1,6,8,27,0.006,0.041,2687.96,0.16,144.0,False
3568,18.0,8.0,18.0,0,100000,2.98,44,74,5,5,17,22,0.005,0.044,2884.64,0.14,144.0,False
3569,18.0,8.0,19.0,0,100000,2.98,37,59,0,5,19,13,0.005,0.037,2425.72,0.12,144.0,False
3570,18.0,8.0,1.0,0,100000,2.98,17383,10670,340,0,878,16505,0.0,17.383,1139629.48,0.0,144.0,False
3571,18.0,8.0,20.0,0,100000,2.98,24,62,0,7,5,12,0.007,0.024,1573.44,0.11,144.0,False
3572,18.0,8.0,2.0,0,100000,2.98,7366,4608,136,7,722,6637,0.007,7.366,482914.96,33.8,144.0,False
3573,18.0,8.0,3.0,0,100000,2.98,3702,2389,81,14,560,3128,0.014,3.702,242703.12,33.98,144.0,False
3574,18.0,8.0,4.0,0,100000,2.98,2180,1492,43,26,432,1722,0.026,2.18,142920.8,37.16,144.0,False
3575,18.0,8.0,5.0,0,100000,2.98,1406,957,22,27,317,1062,0.027,1.406,92177.36,24.89,144.0,False
3576,18.0,8.0,6.0,0,100000,2.98,962,621,16,28,249,685,0.028,0.962,63068.72,17.66,144.0,False
3577,18.0,8.0,7.0,0,100000,2.98,681,520,10,28,197,456,0.028,0.681,44646.36,12.5,144.0,False
3578,18.0,8.0,8.0,0,100000,2.98,526,424,17,42,156,328,0.042,0.526,34484.56,14.48,144.0,False
3579,18.0,8.0,9.0,0,100000,2.98,391,300,9,30,134,227,0.03,0.391,25633.96,7.69,144.0,False
3580,18.0,9.0,10.0,0,100000,2.98,290,266,10,41,101,148,0.041,0.29,19012.4,7.8,162.0,False
3581,18.0,9.0,11.0,0,100000,2.98,225,205,3,32,69,124,0.032,0.225,14751.0,4.72,162.0,False
3582,18.0,9.0,12.0,0,100000,2.98,173,191,6,21,61,91,0.021,0.173,11341.88,2.38,162.0,False
3583,18.0,9.0,13.0,0,100000,2.98,136,153,6,17,50,69,0.017,0.136,8916.16,1.52,162.0,False
3584,18.0,9.0,14.0,0,100000,2.98,112,128,0,16,37,59,0.016,0.112,7342.72,1.17,162.0,False
3585,18.0,9.0,15.0,0,100000,2.98,59,111,2,9,24,26,0.009,0.059,3868.04,0.35,162.0,False
3586,18.0,9.0,16.0,0,100000,2.98,52,124,2,13,19,20,0.013,0.052,3409.12,0.44,162.0,False
3587,18.0,9.0,17.0,0,100000,2.98,55,94,0,8,20,27,0.008,0.055,3605.8,0.29,162.0,False
3588,18.0,9.0,18.0,0,100000,2.98,43,73,4,7,16,20,0.007,0.043,2819.08,0.2,162.0,False
3589,18.0,9.0,19.0,0,100000,2.98,32,69,5,4,14,14,0.004,0.032,2097.92,0.08,162.0,False
3590,18.0,9.0,1.0,0,100000,2.98,17415,10680,288,0,905,16510,0.0,17.415,1141727.4,0.0,162.0,False
3591,18.0,9.0,20.0,0,100000,2.98,18,63,1,3,6,9,0.003,0.018,1180.08,0.04,162.0,False
3592,18.0,9.0,2.0,0,100000,2.98,7223,4536,149,7,700,6516,0.007,7.223,473539.88,33.15,162.0,False
3593,18.0,9.0,3.0,0,100000,2.98,3636,2383,98,11,551,3074,0.011,3.636,238376.16,26.22,162.0,False
3594,18.0,9.0,4.0,0,100000,2.98,2225,1450,43,32,457,1736,0.032,2.225,145871.0,46.68,162.0,False
3595,18.0,9.0,5.0,0,100000,2.98,1429,1012,25,34,313,1082,0.034,1.429,93685.24,31.85,162.0,False
3596,18.0,9.0,6.0,0,100000,2.98,982,693,14,36,251,695,0.036,0.982,64379.92,23.18,162.0,False
3597,18.0,9.0,7.0,0,100000,2.98,744,532,11,34,245,465,0.034,0.744,48776.64,16.58,162.0,False
3598,18.0,9.0,8.0,0,100000,2.98,491,375,19,35,161,295,0.035,0.491,32189.96,11.27,162.0,False
3599,18.0,9.0,9.0,0,100000,2.98,421,337,4,29,140,252,0.029,0.421,27600.76,8.0,162.0,False
3600,19.0,10.0,10.0,0,100000,2.98,306,254,6,37,123,146,0.037,0.306,20061.36,7.42,190.0,False
3601,19.0,10.0,11.0,0,100000,2.98,216,229,5,29,67,120,0.029,0.216,14160.96,4.11,190.0,False
3602,19.0,10.0,12.0,0,100000,2.98,185,202,4,31,61,93,0.031,0.185,12128.6,3.76,190.0,False
3603,19.0,10.0,13.0,0,100000,2.98,123,161,3,15,47,61,0.015,0.123,8063.88,1.21,190.0,False
3604,19.0,10.0,14.0,0,100000,2.98,114,136,2,15,37,62,0.015,0.114,7473.84,1.12,190.0,False
3605,19.0,10.0,15.0,0,100000,2.98,93,112,4,20,26,47,0.02,0.093,6097.08,1.22,190.0,False
3606,19.0,10.0,16.0,0,100000,2.98,70,104,2,12,23,35,0.012,0.07,4589.2,0.55,190.0,False
3607,19.0,10.0,17.0,0,100000,2.98,71,88,4,11,28,32,0.011,0.071,4654.76,0.51,190.0,False
3608,19.0,10.0,18.0,0,100000,2.98,37,79,3,12,8,17,0.012,0.037,2425.72,0.29,190.0,False
3609,19.0,10.0,19.0,0,100000,2.98,38,87,0,10,14,14,0.01,0.038,2491.28,0.25,190.0,False
3610,19.0,10.0,1.0,0,100000,2.98,17780,10634,291,0,934,16846,0.0,17.78,1165656.8,0.0,190.0,False
3611,19.0,10.0,20.0,0,100000,2.98,24,86,3,7,9,8,0.007,0.024,1573.44,0.11,190.0,False
3612,19.0,10.0,2.0,0,100000,2.98,7275,4586,171,4,719,6552,0.004,7.275,476949.0,19.08,190.0,False
3613,19.0,10.0,3.0,0,100000,2.98,3804,2330,77,15,561,3228,0.015,3.804,249390.24,37.41,190.0,False
3614,19.0,10.0,4.0,0,100000,2.98,2272,1449,28,26,439,1807,0.026,2.272,148952.32,38.73,190.0,False
3615,19.0,10.0,5.0,0,100000,2.98,1380,983,29,46,335,999,0.046,1.38,90472.8,41.62,190.0,False
3616,19.0,10.0,6.0,0,100000,2.98,959,707,18,42,258,659,0.042,0.959,62872.04,26.41,190.0,False
3617,19.0,10.0,7.0,0,100000,2.98,754,569,11,59,229,466,0.059,0.754,49432.24,29.17,190.0,False
3618,19.0,10.0,8.0,0,100000,2.98,530,409,15,41,172,317,0.041,0.53,34746.8,14.25,190.0,False
3619,19.0,10.0,9.0,0,100000,2.98,413,349,14,33,150,230,0.033,0.413,27076.28,8.94,190.0,False
3620,19.0,11.0,10.0,0,100000,2.98,367,288,11,42,145,180,0.042,0.367,24060.52,10.11,209.0,False
3621,19.0,11.0,11.0,0,100000,2.98,235,211,2,39,87,109,0.039,0.235,15406.6,6.01,209.0,False
3622,19.0,11.0,12.0,0,100000,2.98,172,192,8,20,55,97,0.02,0.172,11276.32,2.26,209.0,False
3623,19.0,11.0,13.0,0,100000,2.98,147,163,4,22,50,75,0.022,0.147,9637.32,2.12,209.0,False
3624,19.0,11.0,14.0,0,100000,2.98,138,144,3,27,45,66,0.027,0.138,9047.28,2.44,209.0,False
3625,19.0,11.0,15.0,0,100000,2.98,87,116,3,22,23,42,0.022,0.087,5703.72,1.25,209.0,False
3626,19.0,11.0,16.0,0,100000,2.98,81,99,1,18,34,29,0.018,0.081,5310.36,0.96,209.0,False
3627,19.0,11.0,17.0,0,100000,2.98,54,82,2,14,17,23,0.014,0.054,3540.24,0.5,209.0,False
3628,19.0,11.0,18.0,0,100000,2.98,40,96,3,6,14,20,0.006,0.04,2622.4,0.16,209.0,False
3629,19.0,11.0,19.0,0,100000,2.98,42,68,0,7,19,16,0.007,0.042,2753.52,0.19,209.0,False
3630,19.0,11.0,1.0,0,100000,2.98,17662,10709,291,0,943,16719,0.0,17.662,1157920.72,0.0,209.0,False
3631,19.0,11.0,20.0,0,100000,2.98,24,73,0,4,12,8,0.004,0.024,1573.44,0.06,209.0,False
3632,19.0,11.0,2.0,0,100000,2.98,7214,4520,171,13,685,6516,0.013,7.214,472949.84,61.48,209.0,False
3633,19.0,11.0,3.0,0,100000,2.98,3834,2340,95,18,530,3286,0.018,3.834,251357.04,45.24,209.0,False
3634,19.0,11.0,4.0,0,100000,2.98,2205,1464,42,25,458,1722,0.025,2.205,144559.8,36.14,209.0,False
3635,19.0,11.0,5.0,0,100000,2.98,1485,986,26,34,357,1094,0.034,1.485,97356.6,33.1,209.0,False
3636,19.0,11.0,6.0,0,100000,2.98,976,692,19,37,275,664,0.037,0.976,63986.56,23.68,209.0,False
3637,19.0,11.0,7.0,0,100000,2.98,726,525,16,38,246,442,0.038,0.726,47596.56,18.09,209.0,False
3638,19.0,11.0,8.0,0,100000,2.98,538,405,6,45,163,330,0.045,0.538,35271.28,15.87,209.0,False
3639,19.0,11.0,9.0,0,100000,2.98,400,302,10,36,141,223,0.036,0.4,26224.0,9.44,209.0,False
3640,19.0,12.0,10.0,0,100000,2.98,326,282,10,40,119,167,0.04,0.326,21372.56,8.55,228.0,False
3641,19.0,12.0,11.0,0,100000,2.98,269,207,8,40,104,125,0.04,0.269,17635.64,7.05,228.0,False
3642,19.0,12.0,12.0,0,100000,2.98,196,189,3,35,72,89,0.035,0.196,12849.76,4.5,228.0,False
3643,19.0,12.0,13.0,0,100000,2.98,176,162,3,27,71,78,0.027,0.176,11538.56,3.12,228.0,False
3644,19.0,12.0,14.0,0,100000,2.98,122,160,4,22,44,56,0.022,0.122,7998.32,1.76,228.0,False
3645,19.0,12.0,15.0,0,100000,2.98,85,116,5,25,28,32,0.025,0.085,5572.6,1.39,228.0,False
3646,19.0,12.0,16.0,0,100000,2.98,66,124,1,13,22,31,0.013,0.066,4326.96,0.56,228.0,False
3647,19.0,12.0,17.0,0,100000,2.98,60,110,2,12,16,32,0.012,0.06,3933.6,0.47,228.0,False
3648,19.0,12.0,18.0,0,100000,2.98,48,91,2,11,18,19,0.011,0.048,3146.88,0.35,228.0,False
3649,19.0,12.0,19.0,0,100000,2.98,37,69,1,7,14,16,0.007,0.037,2425.72,0.17,228.0,False
3650,19.0,12.0,1.0,0,100000,2.98,17502,10652,303,1,846,16655,0.001,17.502,1147431.12,11.47,228.0,False
3651,19.0,12.0,20.0,0,100000,2.98,26,72,3,8,10,8,0.008,0.026,1704.56,0.14,228.0,False
3652,19.0,12.0,2.0,0,100000,2.98,7203,4477,161,7,725,6471,0.007,7.203,472228.68,33.06,228.0,False
3653,19.0,12.0,3.0,0,100000,2.98,3833,2363,79,22,545,3266,0.022,3.833,251291.48,55.28,228.0,False
3654,19.0,12.0,4.0,0,100000,2.98,2259,1418,56,26,460,1773,0.026,2.259,148100.04,38.51,228.0,False
3655,19.0,12.0,5.0,0,100000,2.98,1410,955,23,43,349,1018,0.043,1.41,92439.6,39.75,228.0,False
3656,19.0,12.0,6.0,0,100000,2.98,994,732,21,38,293,663,0.038,0.994,65166.64,24.76,228.0,False
3657,19.0,12.0,7.0,0,100000,2.98,763,533,10,50,235,478,0.05,0.763,50022.28,25.01,228.0,False
3658,19.0,12.0,8.0,0,100000,2.98,509,432,6,43,164,302,0.043,0.509,33370.04,14.35,228.0,False
3659,19.0,12.0,9.0,0,100000,2.98,428,336,10,38,153,237,0.038,0.428,28059.68,10.66,228.0,False
3660,19.0,13.0,10.0,0,100000,2.98,330,276,12,36,131,163,0.036,0.33,21634.8,7.79,247.0,False
3661,19.0,13.0,11.0,0,100000,2.98,256,215,2,37,95,124,0.037,0.256,16783.36,6.21,247.0,False
3662,19.0,13.0,12.0,0,100000,2.98,221,185,6,36,82,103,0.036,0.221,14488.76,5.22,247.0,False
3663,19.0,13.0,13.0,0,100000,2.98,168,154,2,38,69,61,0.038,0.168,11014.08,4.19,247.0,False
3664,19.0,13.0,14.0,0,100000,2.98,122,137,3,20,50,52,0.02,0.122,7998.32,1.6,247.0,False
3665,19.0,13.0,15.0,0,100000,2.98,93,128,3,19,38,36,0.019,0.093,6097.08,1.16,247.0,False
3666,19.0,13.0,16.0,0,100000,2.98,79,122,4,20,22,37,0.02,0.079,5179.24,1.04,247.0,False
3667,19.0,13.0,17.0,0,100000,2.98,61,98,0,10,26,25,0.01,0.061,3999.16,0.4,247.0,False
3668,19.0,13.0,18.0,0,100000,2.98,54,92,3,11,24,19,0.011,0.054,3540.24,0.39,247.0,False
3669,19.0,13.0,19.0,0,100000,2.98,39,73,0,9,19,11,0.009,0.039,2556.84,0.23,247.0,False
3670,19.0,13.0,1.0,0,100000,2.98,17618,10638,294,0,932,16686,0.0,17.618,1155036.08,0.0,247.0,False
3671,19.0,13.0,20.0,0,100000,2.98,38,65,1,8,13,17,0.008,0.038,2491.28,0.2,247.0,False
3672,19.0,13.0,2.0,0,100000,2.98,7285,4634,146,10,731,6544,0.01,7.285,477604.6,47.76,247.0,False
3673,19.0,13.0,3.0,0,100000,2.98,3615,2333,59,18,534,3063,0.018,3.615,236999.4,42.66,247.0,False
3674,19.0,13.0,4.0,0,100000,2.98,2169,1420,29,36,420,1713,0.036,2.169,142199.64,51.19,247.0,False
3675,19.0,13.0,5.0,0,100000,2.98,1469,1004,22,39,338,1092,0.039,1.469,96307.64,37.56,247.0,False
3676,19.0,13.0,6.0,0,100000,2.98,1098,695,23,58,310,730,0.058,1.098,71984.88,41.75,247.0,False
3677,19.0,13.0,7.0,0,100000,2.98,741,534,14,53,226,462,0.053,0.741,48579.96,25.75,247.0,False
3678,19.0,13.0,8.0,0,100000,2.98,548,396,11,42,192,314,0.042,0.548,35926.88,15.09,247.0,False
3679,19.0,13.0,9.0,0,100000,2.98,421,337,10,43,146,232,0.043,0.421,27600.76,11.87,247.0,False
3680,19.0,14.0,10.0,0,100000,2.98,329,288,6,51,111,167,0.051,0.329,21569.24,11.0,266.0,False
3681,19.0,14.0,11.0,0,100000,2.98,249,232,5,33,104,112,0.033,0.249,16324.44,5.39,266.0,False
3682,19.0,14.0,12.0,0,100000,2.98,180,196,5,29,73,78,0.029,0.18,11800.8,3.42,266.0,False
3683,19.0,14.0,13.0,0,100000,2.98,172,147,2,27,69,76,0.027,0.172,11276.32,3.04,266.0,False
3684,19.0,14.0,14.0,0,100000,2.98,137,141,5,25,54,58,0.025,0.137,8981.72,2.25,266.0,False
3685,19.0,14.0,15.0,0,100000,2.98,107,125,3,22,54,31,0.022,0.107,7014.92,1.54,266.0,False
3686,19.0,14.0,16.0,0,100000,2.98,75,135,1,12,35,28,0.012,0.075,4917.0,0.59,266.0,False
3687,19.0,14.0,17.0,0,100000,2.98,90,102,2,23,34,33,0.023,0.09,5900.4,1.36,266.0,False
3688,19.0,14.0,18.0,0,100000,2.98,51,83,4,12,16,23,0.012,0.051,3343.56,0.4,266.0,False
3689,19.0,14.0,19.0,0,100000,2.98,47,87,2,13,18,16,0.013,0.047,3081.32,0.4,266.0,False
3690,19.0,14.0,1.0,0,100000,2.98,17499,10685,303,1,945,16553,0.001,17.499,1147234.44,11.47,266.0,False
3691,19.0,14.0,20.0,0,100000,2.98,36,92,2,8,16,12,0.008,0.036,2360.16,0.19,266.0,False
3692,19.0,14.0,2.0,0,100000,2.98,7367,4618,157,6,729,6632,0.006,7.367,482980.52,28.98,266.0,False
3693,19.0,14.0,3.0,0,100000,2.98,3755,2296,80,18,531,3206,0.018,3.755,246177.8,44.31,266.0,False
3694,19.0,14.0,4.0,0,100000,2.98,2227,1464,39,30,436,1761,0.03,2.227,146002.12,43.8,266.0,False
3695,19.0,14.0,5.0,0,100000,2.98,1523,941,19,48,356,1119,0.048,1.523,99847.88,47.93,266.0,False
3696,19.0,14.0,6.0,0,100000,2.98,1002,705,23,43,306,653,0.043,1.002,65691.12,28.25,266.0,False
3697,19.0,14.0,7.0,0,100000,2.98,693,489,12,46,219,428,0.046,0.693,45433.08,20.9,266.0,False
3698,19.0,14.0,8.0,0,100000,2.98,559,393,12,50,208,301,0.05,0.559,36648.04,18.32,266.0,False
3699,19.0,14.0,9.0,0,100000,2.98,406,355,7,56,150,200,0.056,0.406,26617.36,14.91,266.0,False
3700,19.0,15.0,10.0,0,100000,2.98,366,249,2,46,141,179,0.046,0.366,23994.96,11.04,285.0,False
3701,19.0,15.0,11.0,0,100000,2.98,271,214,4,48,102,121,0.048,0.271,17766.76,8.53,285.0,False
3702,19.0,15.0,12.0,0,100000,2.98,201,218,4,35,83,83,0.035,0.201,13177.56,4.61,285.0,False
3703,19.0,15.0,13.0,0,100000,2.98,162,188,7,31,60,71,0.031,0.162,10620.72,3.29,285.0,False
3704,19.0,15.0,14.0,0,100000,2.98,141,149,5,21,57,63,0.021,0.141,9243.96,1.94,285.0,False
3705,19.0,15.0,15.0,0,100000,2.98,105,130,3,17,51,37,0.017,0.105,6883.8,1.17,285.0,False
3706,19.0,15.0,16.0,0,100000,2.98,97,117,2,25,46,26,0.025,0.097,6359.32,1.59,285.0,False
3707,19.0,15.0,17.0,0,100000,2.98,68,91,3,16,30,22,0.016,0.068,4458.08,0.71,285.0,False
3708,19.0,15.0,18.0,0,100000,2.98,43,93,5,12,16,15,0.012,0.043,2819.08,0.34,285.0,False
3709,19.0,15.0,19.0,0,100000,2.98,32,84,2,6,13,13,0.006,0.032,2097.92,0.13,285.0,False
3710,19.0,15.0,1.0,0,100000,2.98,17304,10647,294,2,838,16464,0.002,17.304,1134450.24,22.69,285.0,False
3711,19.0,15.0,20.0,0,100000,2.98,33,69,0,16,8,9,0.016,0.033,2163.48,0.35,285.0,False
3712,19.0,15.0,2.0,0,100000,2.98,7312,4624,132,7,720,6585,0.007,7.312,479374.72,33.56,285.0,False
3713,19.0,15.0,3.0,0,100000,2.98,3869,2350,73,15,574,3280,0.015,3.869,253651.64,38.05,285.0,False
3714,19.0,15.0,4.0,0,100000,2.98,2276,1444,33,39,449,1788,0.039,2.276,149214.56,58.19,285.0,False
3715,19.0,15.0,5.0,0,100000,2.98,1470,984,30,39,352,1079,0.039,1.47,96373.2,37.59,285.0,False
3716,19.0,15.0,6.0,0,100000,2.98,944,712,15,41,244,659,0.041,0.944,61888.64,25.37,285.0,False
3717,19.0,15.0,7.0,0,100000,2.98,755,550,17,63,238,454,0.063,0.755,49497.8,31.18,285.0,False
3718,19.0,15.0,8.0,0,100000,2.98,561,422,5,55,184,322,0.055,0.561,36779.16,20.23,285.0,False
3719,19.0,15.0,9.0,0,100000,2.98,448,333,9,48,176,224,0.048,0.448,29370.88,14.1,285.0,False
3720,19.0,16.0,10.0,0,100000,2.98,335,304,7,49,128,158,0.049,0.335,21962.6,10.76,304.0,False
3721,19.0,16.0,11.0,0,100000,2.98,251,248,10,46,93,112,0.046,0.251,16455.56,7.57,304.0,False
3722,19.0,16.0,12.0,0,100000,2.98,230,193,3,32,110,88,0.032,0.23,15078.8,4.83,304.0,False
3723,19.0,16.0,13.0,0,100000,2.98,181,159,2,36,67,78,0.036,0.181,11866.36,4.27,304.0,False
3724,19.0,16.0,14.0,0,100000,2.98,127,148,4,38,53,36,0.038,0.127,8326.12,3.16,304.0,False
3725,19.0,16.0,15.0,0,100000,2.98,97,139,2,15,40,42,0.015,0.097,6359.32,0.95,304.0,False
3726,19.0,16.0,16.0,0,100000,2.98,85,125,4,26,26,33,0.026,0.085,5572.6,1.45,304.0,False
3727,19.0,16.0,17.0,0,100000,2.98,56,100,2,15,22,19,0.015,0.056,3671.36,0.55,304.0,False
3728,19.0,16.0,18.0,0,100000,2.98,69,94,1,13,28,28,0.013,0.069,4523.64,0.59,304.0,False
3729,19.0,16.0,19.0,0,100000,2.98,35,79,0,7,17,11,0.007,0.035,2294.6,0.16,304.0,False
3730,19.0,16.0,1.0,0,100000,2.98,17363,10609,274,0,915,16448,0.0,17.363,1138318.28,0.0,304.0,False
3731,19.0,16.0,20.0,0,100000,2.98,39,73,2,12,13,14,0.012,0.039,2556.84,0.31,304.0,False
3732,19.0,16.0,2.0,0,100000,2.98,7277,4605,148,4,711,6562,0.004,7.277,477080.12,19.08,304.0,False
3733,19.0,16.0,3.0,0,100000,2.98,3730,2350,73,23,572,3135,0.023,3.73,244538.8,56.24,304.0,False
3734,19.0,16.0,4.0,0,100000,2.98,2355,1407,37,47,464,1844,0.047,2.355,154393.8,72.57,304.0,False
3735,19.0,16.0,5.0,0,100000,2.98,1469,973,27,49,377,1043,0.049,1.469,96307.64,47.19,304.0,False
3736,19.0,16.0,6.0,0,100000,2.98,1023,661,18,42,330,651,0.042,1.023,67067.88,28.17,304.0,False
3737,19.0,16.0,7.0,0,100000,2.98,782,499,18,57,235,490,0.057,0.782,51267.92,29.22,304.0,False
3738,19.0,16.0,8.0,0,100000,2.98,586,418,15,59,209,318,0.059,0.586,38418.16,22.67,304.0,False
3739,19.0,16.0,9.0,0,100000,2.98,455,341,8,53,161,241,0.053,0.455,29829.8,15.81,304.0,False
3740,19.0,17.0,10.0,0,100000,2.98,331,270,7,46,126,159,0.046,0.331,21700.36,9.98,323.0,False
3741,19.0,17.0,11.0,0,100000,2.98,272,249,4,39,110,123,0.039,0.272,17832.32,6.95,323.0,False
3742,19.0,17.0,12.0,0,100000,2.98,233,180,4,38,96,99,0.038,0.233,15275.48,5.8,323.0,False
3743,19.0,17.0,13.0,0,100000,2.98,194,172,3,37,81,76,0.037,0.194,12718.64,4.71,323.0,False
3744,19.0,17.0,14.0,0,100000,2.98,155,150,3,30,64,61,0.03,0.155,10161.8,3.05,323.0,False
3745,19.0,17.0,15.0,0,100000,2.98,105,136,1,23,46,36,0.023,0.105,6883.8,1.58,323.0,False
3746,19.0,17.0,16.0,0,100000,2.98,88,118,1,24,42,22,0.024,0.088,5769.28,1.38,323.0,False
3747,19.0,17.0,17.0,0,100000,2.98,53,104,3,14,25,14,0.014,0.053,3474.68,0.49,323.0,False
3748,19.0,17.0,18.0,0,100000,2.98,64,94,1,16,25,23,0.016,0.064,4195.84,0.67,323.0,False
3749,19.0,17.0,19.0,0,100000,2.98,41,87,0,8,24,9,0.008,0.041,2687.96,0.22,323.0,False
3750,19.0,17.0,1.0,0,100000,2.98,17454,10528,300,0,868,16586,0.0,17.454,1144284.24,0.0,323.0,False
3751,19.0,17.0,20.0,0,100000,2.98,39,59,1,10,19,10,0.01,0.039,2556.84,0.26,323.0,False
3752,19.0,17.0,2.0,0,100000,2.98,7233,4559,149,10,756,6467,0.01,7.233,474195.48,47.42,323.0,False
3753,19.0,17.0,3.0,0,100000,2.98,3803,2379,76,17,555,3231,0.017,3.803,249324.68,42.39,323.0,False
3754,19.0,17.0,4.0,0,100000,2.98,2326,1444,38,35,440,1851,0.035,2.326,152492.56,53.37,323.0,False
3755,19.0,17.0,5.0,0,100000,2.98,1564,918,27,51,386,1127,0.051,1.564,102535.84,52.29,323.0,False
3756,19.0,17.0,6.0,0,100000,2.98,1020,674,15,53,307,660,0.053,1.02,66871.2,35.44,323.0,False
3757,19.0,17.0,7.0,0,100000,2.98,711,523,16,59,238,414,0.059,0.711,46613.16,27.5,323.0,False
3758,19.0,17.0,8.0,0,100000,2.98,549,409,14,47,198,304,0.047,0.549,35992.44,16.92,323.0,False
3759,19.0,17.0,9.0,0,100000,2.98,429,312,10,60,140,229,0.06,0.429,28125.24,16.88,323.0,False
3760,19.0,18.0,10.0,0,100000,2.98,353,258,8,42,134,177,0.042,0.353,23142.68,9.72,342.0,False
3761,19.0,18.0,11.0,0,100000,2.98,257,257,6,42,90,125,0.042,0.257,16848.92,7.08,342.0,False
3762,19.0,18.0,12.0,0,100000,2.98,194,211,7,26,87,81,0.026,0.194,12718.64,3.31,342.0,False
3763,19.0,18.0,13.0,0,100000,2.98,170,156,3,31,59,80,0.031,0.17,11145.2,3.46,342.0,False
3764,19.0,18.0,14.0,0,100000,2.98,158,162,3,37,70,51,0.037,0.158,10358.48,3.83,342.0,False
3765,19.0,18.0,15.0,0,100000,2.98,123,140,1,27,63,33,0.027,0.123,8063.88,2.18,342.0,False
3766,19.0,18.0,16.0,0,100000,2.98,99,110,3,22,48,29,0.022,0.099,6490.44,1.43,342.0,False
3767,19.0,18.0,17.0,0,100000,2.98,81,112,1,18,35,28,0.018,0.081,5310.36,0.96,342.0,False
3768,19.0,18.0,18.0,0,100000,2.98,75,82,1,18,34,23,0.018,0.075,4917.0,0.89,342.0,False
3769,19.0,18.0,19.0,0,100000,2.98,51,91,1,20,14,17,0.02,0.051,3343.56,0.67,342.0,False
3770,19.0,18.0,1.0,0,100000,2.98,17301,10655,274,0,856,16445,0.0,17.301,1134253.56,0.0,342.0,False
3771,19.0,18.0,20.0,0,100000,2.98,41,54,1,11,16,14,0.011,0.041,2687.96,0.3,342.0,False
3772,19.0,18.0,2.0,0,100000,2.98,7196,4556,150,6,687,6503,0.006,7.196,471769.76,28.31,342.0,False
3773,19.0,18.0,3.0,0,100000,2.98,3800,2299,76,18,564,3218,0.018,3.8,249128.0,44.84,342.0,False
3774,19.0,18.0,4.0,0,100000,2.98,2182,1415,37,41,412,1729,0.041,2.182,143051.92,58.65,342.0,False
3775,19.0,18.0,5.0,0,100000,2.98,1463,940,16,39,346,1078,0.039,1.463,95914.28,37.41,342.0,False
3776,19.0,18.0,6.0,0,100000,2.98,1038,657,26,50,297,691,0.05,1.038,68051.28,34.03,342.0,False
3777,19.0,18.0,7.0,0,100000,2.98,765,523,13,41,236,488,0.041,0.765,50153.4,20.56,342.0,False
3778,19.0,18.0,8.0,0,100000,2.98,537,408,8,41,180,316,0.041,0.537,35205.72,14.43,342.0,False
3779,19.0,18.0,9.0,0,100000,2.98,422,333,8,39,164,219,0.039,0.422,27666.32,10.79,342.0,False
3780,19.0,19.0,10.0,0,100000,2.98,336,288,9,48,124,164,0.048,0.336,22028.16,10.57,361.0,True
3781,19.0,19.0,11.0,0,100000,2.98,285,210,5,52,112,121,0.052,0.285,18684.6,9.72,361.0,True
3782,19.0,19.0,12.0,0,100000,2.98,231,196,2,41,95,95,0.041,0.231,15144.36,6.21,361.0,True
3783,19.0,19.0,13.0,0,100000,2.98,175,159,5,28,73,74,0.028,0.175,11473.0,3.21,361.0,True
3784,19.0,19.0,14.0,0,100000,2.98,183,142,2,43,75,65,0.043,0.183,11997.48,5.16,361.0,True
3785,19.0,19.0,15.0,0,100000,2.98,137,141,2,24,67,46,0.024,0.137,8981.72,2.16,361.0,True
3786,19.0,19.0,16.0,0,100000,2.98,91,114,4,21,39,31,0.021,0.091,5965.96,1.25,361.0,True
3787,19.0,19.0,17.0,0,100000,2.98,66,118,1,23,21,22,0.023,0.066,4326.96,1.0,361.0,True
3788,19.0,19.0,18.0,0,100000,2.98,67,99,1,20,30,17,0.02,0.067,4392.52,0.88,361.0,True
3789,19.0,19.0,19.0,0,100000,2.98,45,79,1,9,21,15,0.009,0.045,2950.2,0.27,361.0,True
3790,19.0,19.0,1.0,0,100000,2.98,17415,10746,325,1,913,16501,0.001,17.415,1141727.4,11.42,361.0,True
3791,19.0,19.0,20.0,0,100000,2.98,50,68,0,16,19,15,0.016,0.05,3278.0,0.52,361.0,True
3792,19.0,19.0,2.0,0,100000,2.98,7319,4575,163,8,738,6573,0.008,7.319,479833.64,38.39,361.0,True
3793,19.0,19.0,3.0,0,100000,2.98,3757,2339,81,23,597,3137,0.023,3.757,246308.92,56.65,361.0,True
3794,19.0,19.0,4.0,0,100000,2.98,2285,1456,39,37,481,1767,0.037,2.285,149804.6,55.43,361.0,True
3795,19.0,19.0,5.0,0,100000,2.98,1460,937,32,41,343,1076,0.041,1.46,95717.6,39.24,361.0,True
3796,19.0,19.0,6.0,0,100000,2.98,1048,736,16,51,281,716,0.051,1.048,68706.88,35.04,361.0,True
3797,19.0,19.0,7.0,0,100000,2.98,751,532,14,66,264,421,0.066,0.751,49235.56,32.5,361.0,True
3798,19.0,19.0,8.0,0,100000,2.98,597,407,9,55,210,332,0.055,0.597,39139.32,21.53,361.0,True
3799,19.0,19.0,9.0,0,100000,2.98,421,334,8,47,163,211,0.047,0.421,27600.76,12.97,361.0,True
3800,19.0,1.0,10.0,0,100000,2.98,124,188,3,0,2,122,0.0,0.124,8129.44,0.0,19.0,False
3801,19.0,1.0,11.0,0,100000,2.98,87,136,4,0,2,85,0.0,0.087,5703.72,0.0,19.0,False
3802,19.0,1.0,12.0,0,100000,2.98,72,146,3,0,2,70,0.0,0.072,4720.32,0.0,19.0,False
3803,19.0,1.0,13.0,0,100000,2.98,50,103,3,0,1,49,0.0,0.05,3278.0,0.0,19.0,False
3804,19.0,1.0,14.0,0,100000,2.98,41,99,3,0,1,40,0.0,0.041,2687.96,0.0,19.0,False
3805,19.0,1.0,15.0,0,100000,2.98,25,81,0,0,0,25,0.0,0.025,1639.0,0.0,19.0,False
3806,19.0,1.0,16.0,0,100000,2.98,18,66,2,0,0,18,0.0,0.018,1180.08,0.0,19.0,False
3807,19.0,1.0,17.0,0,100000,2.98,12,52,1,0,1,11,0.0,0.012,786.72,0.0,19.0,False
3808,19.0,1.0,18.0,0,100000,2.98,11,40,3,0,2,9,0.0,0.011,721.16,0.0,19.0,False
3809,19.0,1.0,19.0,0,100000,2.98,10,54,5,0,1,9,0.0,0.01,655.6,0.0,19.0,False
3810,19.0,1.0,1.0,0,100000,2.98,16891,10597,238,0,586,16305,0.0,16.891,1107373.96,0.0,19.0,False
3811,19.0,1.0,20.0,0,100000,2.98,6,34,2,0,0,6,0.0,0.006,393.36,0.0,19.0,False
3812,19.0,1.0,2.0,0,100000,2.98,6883,4510,124,0,361,6522,0.0,6.883,451249.48,0.0,19.0,False
3813,19.0,1.0,3.0,0,100000,2.98,3274,2264,60,0,159,3115,0.0,3.274,214643.44,0.0,19.0,False
3814,19.0,1.0,4.0,0,100000,2.98,1820,1362,40,0,81,1739,0.0,1.82,119319.2,0.0,19.0,False
3815,19.0,1.0,5.0,0,100000,2.98,1040,877,25,1,53,986,0.001,1.04,68182.4,0.68,19.0,False
3816,19.0,1.0,6.0,0,100000,2.98,621,633,9,0,34,587,0.0,0.621,40712.76,0.0,19.0,False
3817,19.0,1.0,7.0,0,100000,2.98,389,439,16,0,12,377,0.0,0.389,25502.84,0.0,19.0,False
3818,19.0,1.0,8.0,0,100000,2.98,252,332,9,0,9,243,0.0,0.252,16521.12,0.0,19.0,False
3819,19.0,1.0,9.0,0,100000,2.98,173,259,4,0,7,166,0.0,0.173,11341.88,0.0,19.0,False
3820,19.0,20.0,10.0,0,100000,2.98,350,289,6,47,137,166,0.047,0.35,22946.0,10.78,380.0,False
3821,19.0,20.0,11.0,0,100000,2.98,264,205,3,49,106,109,0.049,0.264,17307.84,8.48,380.0,False
3822,19.0,20.0,12.0,0,100000,2.98,221,222,2,35,96,90,0.035,0.221,14488.76,5.07,380.0,False
3823,19.0,20.0,13.0,0,100000,2.98,171,186,6,36,72,63,0.036,0.171,11210.76,4.04,380.0,False
3824,19.0,20.0,14.0,0,100000,2.98,127,155,3,17,63,47,0.017,0.127,8326.12,1.42,380.0,False
3825,19.0,20.0,15.0,0,100000,2.98,107,125,5,28,41,38,0.028,0.107,7014.92,1.96,380.0,False
3826,19.0,20.0,16.0,0,100000,2.98,88,110,4,23,36,29,0.023,0.088,5769.28,1.33,380.0,False
3827,19.0,20.0,17.0,0,100000,2.98,62,95,0,11,30,21,0.011,0.062,4064.72,0.45,380.0,False
3828,19.0,20.0,18.0,0,100000,2.98,58,92,2,22,28,8,0.022,0.058,3802.48,0.84,380.0,False
3829,19.0,20.0,19.0,0,100000,2.98,46,81,1,12,16,18,0.012,0.046,3015.76,0.36,380.0,False
3830,19.0,20.0,1.0,0,100000,2.98,17461,10520,290,1,859,16601,0.001,17.461,1144743.16,11.45,380.0,False
3831,19.0,20.0,20.0,0,100000,2.98,38,74,4,12,18,8,0.012,0.038,2491.28,0.3,380.0,False
3832,19.0,20.0,2.0,0,100000,2.98,7158,4578,138,10,702,6446,0.01,7.158,469278.48,46.93,380.0,False
3833,19.0,20.0,3.0,0,100000,2.98,3610,2337,75,14,562,3034,0.014,3.61,236671.6,33.13,380.0,False
3834,19.0,20.0,4.0,0,100000,2.98,2185,1505,50,26,445,1714,0.026,2.185,143248.6,37.24,380.0,False
3835,19.0,20.0,5.0,0,100000,2.98,1437,950,22,48,356,1033,0.048,1.437,94209.72,45.22,380.0,False
3836,19.0,20.0,6.0,0,100000,2.98,1059,683,24,41,304,714,0.041,1.059,69428.04,28.47,380.0,False
3837,19.0,20.0,7.0,0,100000,2.98,767,483,8,59,228,480,0.059,0.767,50284.52,29.67,380.0,False
3838,19.0,20.0,8.0,0,100000,2.98,555,424,13,58,190,307,0.058,0.555,36385.8,21.1,380.0,False
3839,19.0,20.0,9.0,0,100000,2.98,455,334,9,51,159,245,0.051,0.455,29829.8,15.21,380.0,False
3840,19.0,2.0,10.0,0,100000,2.98,109,258,9,0,10,99,0.0,0.109,7146.04,0.0,38.0,False
3841,19.0,2.0,11.0,0,100000,2.98,77,183,6,0,6,71,0.0,0.077,5048.12,0.0,38.0,False
3842,19.0,2.0,12.0,0,100000,2.98,72,143,4,1,8,63,0.001,0.072,4720.32,0.05,38.0,False
3843,19.0,2.0,13.0,0,100000,2.98,46,112,3,0,4,42,0.0,0.046,3015.76,0.0,38.0,False
3844,19.0,2.0,14.0,0,100000,2.98,29,110,0,0,0,29,0.0,0.029,1901.24,0.0,38.0,False
3845,19.0,2.0,15.0,0,100000,2.98,16,91,2,0,1,15,0.0,0.016,1048.96,0.0,38.0,False
3846,19.0,2.0,16.0,0,100000,2.98,18,80,2,0,0,18,0.0,0.018,1180.08,0.0,38.0,False
3847,19.0,2.0,17.0,0,100000,2.98,11,68,3,0,0,11,0.0,0.011,721.16,0.0,38.0,False
3848,19.0,2.0,18.0,0,100000,2.98,8,55,4,0,0,8,0.0,0.008,524.48,0.0,38.0,False
3849,19.0,2.0,19.0,0,100000,2.98,6,51,1,0,0,6,0.0,0.006,393.36,0.0,38.0,False
3850,19.0,2.0,1.0,0,100000,2.98,17092,10710,313,0,800,16292,0.0,17.092,1120551.52,0.0,38.0,False
3851,19.0,2.0,20.0,0,100000,2.98,6,41,0,0,0,6,0.0,0.006,393.36,0.0,38.0,False
3852,19.0,2.0,2.0,0,100000,2.98,7159,4512,131,1,571,6587,0.001,7.159,469344.04,4.69,38.0,False
3853,19.0,2.0,3.0,0,100000,2.98,3391,2402,60,3,350,3038,0.003,3.391,222313.96,6.67,38.0,False
3854,19.0,2.0,4.0,0,100000,2.98,1832,1364,43,2,201,1629,0.002,1.832,120105.92,2.4,38.0,False
3855,19.0,2.0,5.0,0,100000,2.98,1102,891,29,1,118,983,0.001,1.102,72247.12,0.72,38.0,False
3856,19.0,2.0,6.0,0,100000,2.98,692,632,13,1,78,613,0.001,0.692,45367.52,0.45,38.0,False
3857,19.0,2.0,7.0,0,100000,2.98,445,462,9,2,49,394,0.002,0.445,29174.2,0.58,38.0,False
3858,19.0,2.0,8.0,0,100000,2.98,276,371,5,0,26,250,0.0,0.276,18094.56,0.0,38.0,False
3859,19.0,2.0,9.0,0,100000,2.98,188,289,5,0,17,171,0.0,0.188,12325.28,0.0,38.0,False
3860,19.0,3.0,10.0,0,100000,2.98,142,240,7,5,23,114,0.005,0.142,9309.52,0.47,57.0,False
3861,19.0,3.0,11.0,0,100000,2.98,113,176,5,1,24,88,0.001,0.113,7408.28,0.07,57.0,False
3862,19.0,3.0,12.0,0,100000,2.98,67,157,6,1,11,55,0.001,0.067,4392.52,0.04,57.0,False
3863,19.0,3.0,13.0,0,100000,2.98,52,137,1,1,9,42,0.001,0.052,3409.12,0.03,57.0,False
3864,19.0,3.0,14.0,0,100000,2.98,48,103,0,1,7,40,0.001,0.048,3146.88,0.03,57.0,False
3865,19.0,3.0,15.0,0,100000,2.98,29,93,4,0,4,25,0.0,0.029,1901.24,0.0,57.0,False
3866,19.0,3.0,16.0,0,100000,2.98,25,73,0,0,1,24,0.0,0.025,1639.0,0.0,57.0,False
3867,19.0,3.0,17.0,0,100000,2.98,25,54,1,0,5,20,0.0,0.025,1639.0,0.0,57.0,False
3868,19.0,3.0,18.0,0,100000,2.98,15,47,1,0,3,12,0.0,0.015,983.4,0.0,57.0,False
3869,19.0,3.0,19.0,0,100000,2.98,8,61,2,0,3,5,0.0,0.008,524.48,0.0,57.0,False
3870,19.0,3.0,1.0,0,100000,2.98,17470,10692,327,0,827,16643,0.0,17.47,1145333.2,0.0,57.0,False
3871,19.0,3.0,20.0,0,100000,2.98,4,50,0,0,0,4,0.0,0.004,262.24,0.0,57.0,False
3872,19.0,3.0,2.0,0,100000,2.98,7163,4559,170,2,583,6578,0.002,7.163,469606.28,9.39,57.0,False
3873,19.0,3.0,3.0,0,100000,2.98,3619,2378,76,2,441,3176,0.002,3.619,237261.64,4.75,57.0,False
3874,19.0,3.0,4.0,0,100000,2.98,2049,1428,49,6,315,1728,0.006,2.049,134332.44,8.06,57.0,False
3875,19.0,3.0,5.0,0,100000,2.98,1234,904,28,8,184,1042,0.008,1.234,80901.04,6.47,57.0,False
3876,19.0,3.0,6.0,0,100000,2.98,757,671,17,2,119,636,0.002,0.757,49628.92,0.99,57.0,False
3877,19.0,3.0,7.0,0,100000,2.98,484,501,15,7,91,386,0.007,0.484,31731.04,2.22,57.0,False
3878,19.0,3.0,8.0,0,100000,2.98,330,370,14,5,44,281,0.005,0.33,21634.8,1.08,57.0,False
3879,19.0,3.0,9.0,0,100000,2.98,221,288,9,1,45,175,0.001,0.221,14488.76,0.14,57.0,False
3880,19.0,4.0,10.0,0,100000,2.98,166,230,5,7,29,130,0.007,0.166,10882.96,0.76,76.0,False
3881,19.0,4.0,11.0,0,100000,2.98,117,183,3,4,23,90,0.004,0.117,7670.52,0.31,76.0,False
3882,19.0,4.0,12.0,0,100000,2.98,97,134,4,3,20,74,0.003,0.097,6359.32,0.19,76.0,False
3883,19.0,4.0,13.0,0,100000,2.98,64,143,2,1,15,48,0.001,0.064,4195.84,0.04,76.0,False
3884,19.0,4.0,14.0,0,100000,2.98,56,110,4,2,12,42,0.002,0.056,3671.36,0.07,76.0,False
3885,19.0,4.0,15.0,0,100000,2.98,37,96,5,0,5,32,0.0,0.037,2425.72,0.0,76.0,False
3886,19.0,4.0,16.0,0,100000,2.98,29,83,1,2,9,18,0.002,0.029,1901.24,0.04,76.0,False
3887,19.0,4.0,17.0,0,100000,2.98,20,58,1,0,5,15,0.0,0.02,1311.2,0.0,76.0,False
3888,19.0,4.0,18.0,0,100000,2.98,14,57,2,0,4,10,0.0,0.014,917.84,0.0,76.0,False
3889,19.0,4.0,19.0,0,100000,2.98,10,59,3,0,2,8,0.0,0.01,655.6,0.0,76.0,False
3890,19.0,4.0,1.0,0,100000,2.98,17292,10601,265,0,895,16397,0.0,17.292,1133663.52,0.0,76.0,False
3891,19.0,4.0,20.0,0,100000,2.98,10,67,1,1,2,7,0.001,0.01,655.6,0.01,76.0,False
3892,19.0,4.0,2.0,0,100000,2.98,7250,4524,166,3,705,6542,0.003,7.25,475310.0,14.26,76.0,False
3893,19.0,4.0,3.0,0,100000,2.98,3714,2356,71,6,498,3210,0.006,3.714,243489.84,14.61,76.0,False
3894,19.0,4.0,4.0,0,100000,2.98,2168,1475,40,8,380,1780,0.008,2.168,142134.08,11.37,76.0,False
3895,19.0,4.0,5.0,0,100000,2.98,1352,942,23,14,261,1077,0.014,1.352,88637.12,12.41,76.0,False
3896,19.0,4.0,6.0,0,100000,2.98,875,674,26,6,167,702,0.006,0.875,57365.0,3.44,76.0,False
3897,19.0,4.0,7.0,0,100000,2.98,592,503,20,15,138,439,0.015,0.592,38811.52,5.82,76.0,False
3898,19.0,4.0,8.0,0,100000,2.98,373,370,9,12,87,274,0.012,0.373,24453.88,2.93,76.0,False
3899,19.0,4.0,9.0,0,100000,2.98,280,306,10,4,58,218,0.004,0.28,18356.8,0.73,76.0,False
3900,19.0,5.0,10.0,0,100000,2.98,210,257,8,6,61,143,0.006,0.21,13767.6,0.83,95.0,False
3901,19.0,5.0,11.0,0,100000,2.98,181,189,4,9,47,125,0.009,0.181,11866.36,1.07,95.0,False
3902,19.0,5.0,12.0,0,100000,2.98,91,157,6,7,23,61,0.007,0.091,5965.96,0.42,95.0,False
3903,19.0,5.0,13.0,0,100000,2.98,101,137,4,7,33,61,0.007,0.101,6621.56,0.46,95.0,False
3904,19.0,5.0,14.0,0,100000,2.98,67,105,3,5,11,51,0.005,0.067,4392.52,0.22,95.0,False
3905,19.0,5.0,15.0,0,100000,2.98,45,101,0,3,11,31,0.003,0.045,2950.2,0.09,95.0,False
3906,19.0,5.0,16.0,0,100000,2.98,42,80,2,4,10,28,0.004,0.042,2753.52,0.11,95.0,False
3907,19.0,5.0,17.0,0,100000,2.98,21,60,2,1,6,14,0.001,0.021,1376.76,0.01,95.0,False
3908,19.0,5.0,18.0,0,100000,2.98,19,52,4,2,5,12,0.002,0.019,1245.64,0.02,95.0,False
3909,19.0,5.0,19.0,0,100000,2.98,11,57,2,0,1,10,0.0,0.011,721.16,0.0,95.0,False
3910,19.0,5.0,1.0,0,100000,2.98,17282,10665,290,1,880,16401,0.001,17.282,1133007.92,11.33,95.0,False
3911,19.0,5.0,20.0,0,100000,2.98,10,51,1,0,4,6,0.0,0.01,655.6,0.0,95.0,False
3912,19.0,5.0,2.0,0,100000,2.98,7272,4561,150,5,679,6588,0.005,7.272,476752.32,23.84,95.0,False
3913,19.0,5.0,3.0,0,100000,2.98,3694,2298,80,8,521,3165,0.008,3.694,242178.64,19.37,95.0,False
3914,19.0,5.0,4.0,0,100000,2.98,2125,1453,46,22,364,1739,0.022,2.125,139315.0,30.65,95.0,False
3915,19.0,5.0,5.0,0,100000,2.98,1303,943,27,15,258,1030,0.015,1.303,85424.68,12.81,95.0,False
3916,19.0,5.0,6.0,0,100000,2.98,894,680,26,5,204,685,0.005,0.894,58610.64,2.93,95.0,False
3917,19.0,5.0,7.0,0,100000,2.98,675,525,13,26,189,460,0.026,0.675,44253.0,11.51,95.0,False
3918,19.0,5.0,8.0,0,100000,2.98,427,364,4,8,103,316,0.008,0.427,27994.12,2.24,95.0,False
3919,19.0,5.0,9.0,0,100000,2.98,335,286,8,15,75,245,0.015,0.335,21962.6,3.29,95.0,False
3920,19.0,6.0,10.0,0,100000,2.98,247,259,6,8,71,168,0.008,0.247,16193.32,1.3,114.0,False
3921,19.0,6.0,11.0,0,100000,2.98,191,190,5,10,64,117,0.01,0.191,12521.96,1.25,114.0,False
3922,19.0,6.0,12.0,0,100000,2.98,116,179,3,10,34,72,0.01,0.116,7604.96,0.76,114.0,False
3923,19.0,6.0,13.0,0,100000,2.98,96,146,1,4,22,70,0.004,0.096,6293.76,0.25,114.0,False
3924,19.0,6.0,14.0,0,100000,2.98,92,110,3,9,22,61,0.009,0.092,6031.52,0.54,114.0,False
3925,19.0,6.0,15.0,0,100000,2.98,55,99,3,6,20,29,0.006,0.055,3605.8,0.22,114.0,False
3926,19.0,6.0,16.0,0,100000,2.98,42,93,4,1,15,26,0.001,0.042,2753.52,0.03,114.0,False
3927,19.0,6.0,17.0,0,100000,2.98,34,82,1,2,7,25,0.002,0.034,2229.04,0.04,114.0,False
3928,19.0,6.0,18.0,0,100000,2.98,29,56,1,2,8,19,0.002,0.029,1901.24,0.04,114.0,False
3929,19.0,6.0,19.0,0,100000,2.98,25,43,0,2,8,15,0.002,0.025,1639.0,0.03,114.0,False
3930,19.0,6.0,1.0,0,100000,2.98,17493,10672,301,0,885,16608,0.0,17.493,1146841.08,0.0,114.0,False
3931,19.0,6.0,20.0,0,100000,2.98,14,53,2,1,3,10,0.001,0.014,917.84,0.01,114.0,False
3932,19.0,6.0,2.0,0,100000,2.98,7331,4506,131,5,741,6585,0.005,7.331,480620.36,24.03,114.0,False
3933,19.0,6.0,3.0,0,100000,2.98,3662,2419,80,10,561,3091,0.01,3.662,240080.72,24.01,114.0,False
3934,19.0,6.0,4.0,0,100000,2.98,2238,1397,35,17,460,1761,0.017,2.238,146723.28,24.94,114.0,False
3935,19.0,6.0,5.0,0,100000,2.98,1393,934,18,20,315,1058,0.02,1.393,91325.08,18.27,114.0,False
3936,19.0,6.0,6.0,0,100000,2.98,938,652,20,26,268,644,0.026,0.938,61495.28,15.99,114.0,False
3937,19.0,6.0,7.0,0,100000,2.98,635,515,19,18,182,435,0.018,0.635,41630.6,7.49,114.0,False
3938,19.0,6.0,8.0,0,100000,2.98,448,410,8,21,118,309,0.021,0.448,29370.88,6.17,114.0,False
3939,19.0,6.0,9.0,0,100000,2.98,343,298,9,25,100,218,0.025,0.343,22487.08,5.62,114.0,False
3940,19.0,7.0,10.0,0,100000,2.98,241,268,7,19,84,138,0.019,0.241,15799.96,3.0,133.0,False
3941,19.0,7.0,11.0,0,100000,2.98,197,228,3,9,73,115,0.009,0.197,12915.32,1.16,133.0,False
3942,19.0,7.0,12.0,0,100000,2.98,137,166,1,14,45,78,0.014,0.137,8981.72,1.26,133.0,False
3943,19.0,7.0,13.0,0,100000,2.98,109,153,3,8,34,67,0.008,0.109,7146.04,0.57,133.0,False
3944,19.0,7.0,14.0,0,100000,2.98,73,133,4,8,22,43,0.008,0.073,4785.88,0.38,133.0,False
3945,19.0,7.0,15.0,0,100000,2.98,60,114,3,4,20,36,0.004,0.06,3933.6,0.16,133.0,False
3946,19.0,7.0,16.0,0,100000,2.98,48,98,3,5,17,26,0.005,0.048,3146.88,0.16,133.0,False
3947,19.0,7.0,17.0,0,100000,2.98,35,87,4,5,11,19,0.005,0.035,2294.6,0.11,133.0,False
3948,19.0,7.0,18.0,0,100000,2.98,24,72,1,1,6,17,0.001,0.024,1573.44,0.02,133.0,False
3949,19.0,7.0,19.0,0,100000,2.98,30,62,1,7,8,15,0.007,0.03,1966.8,0.14,133.0,False
3950,19.0,7.0,1.0,0,100000,2.98,17600,10590,290,0,959,16641,0.0,17.6,1153856.0,0.0,133.0,False
3951,19.0,7.0,20.0,0,100000,2.98,14,59,2,4,3,7,0.004,0.014,917.84,0.04,133.0,False
3952,19.0,7.0,2.0,0,100000,2.98,7407,4615,133,3,702,6702,0.003,7.407,485602.92,14.57,133.0,False
3953,19.0,7.0,3.0,0,100000,2.98,3698,2353,65,11,529,3158,0.011,3.698,242440.88,26.67,133.0,False
3954,19.0,7.0,4.0,0,100000,2.98,2181,1429,37,22,411,1748,0.022,2.181,142986.36,31.46,133.0,False
3955,19.0,7.0,5.0,0,100000,2.98,1382,920,24,29,324,1029,0.029,1.382,90603.92,26.28,133.0,False
3956,19.0,7.0,6.0,0,100000,2.98,985,675,21,36,261,688,0.036,0.985,64576.6,23.25,133.0,False
3957,19.0,7.0,7.0,0,100000,2.98,683,506,22,24,217,442,0.024,0.683,44777.48,10.75,133.0,False
3958,19.0,7.0,8.0,0,100000,2.98,486,402,10,31,142,313,0.031,0.486,31862.16,9.88,133.0,False
3959,19.0,7.0,9.0,0,100000,2.98,390,274,8,25,131,234,0.025,0.39,25568.4,6.39,133.0,False
3960,19.0,8.0,10.0,0,100000,2.98,274,269,4,29,103,142,0.029,0.274,17963.44,5.21,152.0,False
3961,19.0,8.0,11.0,0,100000,2.98,228,235,6,22,67,139,0.022,0.228,14947.68,3.29,152.0,False
3962,19.0,8.0,12.0,0,100000,2.98,163,175,3,18,57,88,0.018,0.163,10686.28,1.92,152.0,False
3963,19.0,8.0,13.0,0,100000,2.98,130,148,5,16,40,74,0.016,0.13,8522.8,1.36,152.0,False
3964,19.0,8.0,14.0,0,100000,2.98,96,128,3,12,30,54,0.012,0.096,6293.76,0.76,152.0,False
3965,19.0,8.0,15.0,0,100000,2.98,72,100,1,5,23,44,0.005,0.072,4720.32,0.24,152.0,False
3966,19.0,8.0,16.0,0,100000,2.98,56,97,2,7,26,23,0.007,0.056,3671.36,0.26,152.0,False
3967,19.0,8.0,17.0,0,100000,2.98,50,94,1,7,14,29,0.007,0.05,3278.0,0.23,152.0,False
3968,19.0,8.0,18.0,0,100000,2.98,48,84,3,8,24,16,0.008,0.048,3146.88,0.25,152.0,False
3969,19.0,8.0,19.0,0,100000,2.98,25,62,2,7,7,11,0.007,0.025,1639.0,0.11,152.0,False
3970,19.0,8.0,1.0,0,100000,2.98,17352,10624,291,0,915,16437,0.0,17.352,1137597.12,0.0,152.0,False
3971,19.0,8.0,20.0,0,100000,2.98,25,60,2,3,9,13,0.003,0.025,1639.0,0.05,152.0,False
3972,19.0,8.0,2.0,0,100000,2.98,7369,4540,153,7,768,6594,0.007,7.369,483111.64,33.82,152.0,False
3973,19.0,8.0,3.0,0,100000,2.98,3764,2363,73,16,597,3151,0.016,3.764,246767.84,39.48,152.0,False
3974,19.0,8.0,4.0,0,100000,2.98,2241,1455,37,32,401,1808,0.032,2.241,146919.96,47.01,152.0,False
3975,19.0,8.0,5.0,0,100000,2.98,1438,963,23,31,336,1071,0.031,1.438,94275.28,29.23,152.0,False
3976,19.0,8.0,6.0,0,100000,2.98,1018,728,14,38,305,675,0.038,1.018,66740.08,25.36,152.0,False
3977,19.0,8.0,7.0,0,100000,2.98,691,500,15,41,224,426,0.041,0.691,45301.96,18.57,152.0,False
3978,19.0,8.0,8.0,0,100000,2.98,528,399,13,36,151,341,0.036,0.528,34615.68,12.46,152.0,False
3979,19.0,8.0,9.0,0,100000,2.98,358,315,10,25,104,229,0.025,0.358,23470.48,5.87,152.0,False
3980,19.0,9.0,10.0,0,100000,2.98,323,260,6,43,106,174,0.043,0.323,21175.88,9.11,171.0,False
3981,19.0,9.0,11.0,0,100000,2.98,235,231,5,27,77,131,0.027,0.235,15406.6,4.16,171.0,False
3982,19.0,9.0,12.0,0,100000,2.98,196,177,8,20,63,113,0.02,0.196,12849.76,2.57,171.0,False
3983,19.0,9.0,13.0,0,100000,2.98,132,154,8,14,47,71,0.014,0.132,8653.92,1.21,171.0,False
3984,19.0,9.0,14.0,0,100000,2.98,85,125,4,11,29,45,0.011,0.085,5572.6,0.61,171.0,False
3985,19.0,9.0,15.0,0,100000,2.98,101,119,3,10,41,50,0.01,0.101,6621.56,0.66,171.0,False
3986,19.0,9.0,16.0,0,100000,2.98,61,101,2,9,19,33,0.009,0.061,3999.16,0.36,171.0,False
3987,19.0,9.0,17.0,0,100000,2.98,59,96,0,11,21,27,0.011,0.059,3868.04,0.43,171.0,False
3988,19.0,9.0,18.0,0,100000,2.98,28,69,6,10,14,4,0.01,0.028,1835.68,0.18,171.0,False
3989,19.0,9.0,19.0,0,100000,2.98,34,58,0,7,11,16,0.007,0.034,2229.04,0.16,171.0,False
3990,19.0,9.0,1.0,0,100000,2.98,17345,10753,301,0,840,16505,0.0,17.345,1137138.2,0.0,171.0,False
3991,19.0,9.0,20.0,0,100000,2.98,31,59,1,5,14,12,0.005,0.031,2032.36,0.1,171.0,False
3992,19.0,9.0,2.0,0,100000,2.98,7221,4600,142,7,709,6505,0.007,7.221,473408.76,33.14,171.0,False
3993,19.0,9.0,3.0,0,100000,2.98,3804,2417,68,12,569,3223,0.012,3.804,249390.24,29.93,171.0,False
3994,19.0,9.0,4.0,0,100000,2.98,2233,1413,46,24,430,1779,0.024,2.233,146395.48,35.13,171.0,False
3995,19.0,9.0,5.0,0,100000,2.98,1432,942,34,29,349,1054,0.029,1.432,93881.92,27.23,171.0,False
3996,19.0,9.0,6.0,0,100000,2.98,971,683,27,51,261,659,0.051,0.971,63658.76,32.47,171.0,False
3997,19.0,9.0,7.0,0,100000,2.98,725,536,11,44,233,448,0.044,0.725,47531.0,20.91,171.0,False
3998,19.0,9.0,8.0,0,100000,2.98,543,412,13,31,161,351,0.031,0.543,35599.08,11.04,171.0,False
3999,19.0,9.0,9.0,0,100000,2.98,416,293,11,32,126,258,0.032,0.416,27272.96,8.73,171.0,False
4000,1.0,10.0,10.0,0,100000,2.98,119,205,3,0,1,118,0.0,0.119,7801.64,0.0,10.0,False
4001,1.0,10.0,11.0,0,100000,2.98,89,179,2,0,3,86,0.0,0.089,5834.84,0.0,10.0,False
4002,1.0,10.0,12.0,0,100000,2.98,72,161,2,0,1,71,0.0,0.072,4720.32,0.0,10.0,False
4003,1.0,10.0,13.0,0,100000,2.98,54,126,5,0,1,53,0.0,0.054,3540.24,0.0,10.0,False
4004,1.0,10.0,14.0,0,100000,2.98,34,93,3,0,2,32,0.0,0.034,2229.04,0.0,10.0,False
4005,1.0,10.0,15.0,0,100000,2.98,39,86,2,0,1,38,0.0,0.039,2556.84,0.0,10.0,False
4006,1.0,10.0,16.0,0,100000,2.98,25,82,1,0,0,25,0.0,0.025,1639.0,0.0,10.0,False
4007,1.0,10.0,17.0,0,100000,2.98,22,78,2,0,0,22,0.0,0.022,1442.32,0.0,10.0,False
4008,1.0,10.0,18.0,0,100000,2.98,21,49,2,0,0,21,0.0,0.021,1376.76,0.0,10.0,False
4009,1.0,10.0,19.0,0,100000,2.98,6,53,1,0,0,6,0.0,0.006,393.36,0.0,10.0,False
4010,1.0,10.0,1.0,0,100000,2.98,16983,10640,250,0,592,16391,0.0,16.983,1113405.48,0.0,10.0,False
4011,1.0,10.0,20.0,0,100000,2.98,9,41,1,0,1,8,0.0,0.009,590.04,0.0,10.0,False
4012,1.0,10.0,2.0,0,100000,2.98,6655,4470,116,0,349,6306,0.0,6.655,436301.8,0.0,10.0,False
4013,1.0,10.0,3.0,0,100000,2.98,3208,2343,61,0,179,3029,0.0,3.208,210316.48,0.0,10.0,False
4014,1.0,10.0,4.0,0,100000,2.98,1706,1390,50,1,89,1616,0.001,1.706,111845.36,1.12,10.0,False
4015,1.0,10.0,5.0,0,100000,2.98,998,919,33,0,42,956,0.0,0.998,65428.88,0.0,10.0,False
4016,1.0,10.0,6.0,0,100000,2.98,641,633,16,0,20,621,0.0,0.641,42023.96,0.0,10.0,False
4017,1.0,10.0,7.0,0,100000,2.98,378,466,8,0,11,367,0.0,0.378,24781.68,0.0,10.0,False
4018,1.0,10.0,8.0,0,100000,2.98,267,356,3,0,6,261,0.0,0.267,17504.52,0.0,10.0,False
4019,1.0,10.0,9.0,0,100000,2.98,190,267,5,0,1,189,0.0,0.19,12456.4,0.0,10.0,False
4020,1.0,11.0,10.0,0,100000,2.98,132,216,4,0,2,130,0.0,0.132,8653.92,0.0,11.0,False
4021,1.0,11.0,11.0,0,100000,2.98,89,181,5,0,2,87,0.0,0.089,5834.84,0.0,11.0,False
4022,1.0,11.0,12.0,0,100000,2.98,83,173,2,0,2,81,0.0,0.083,5441.48,0.0,11.0,False
4023,1.0,11.0,13.0,0,100000,2.98,52,128,2,0,1,51,0.0,0.052,3409.12,0.0,11.0,False
4024,1.0,11.0,14.0,0,100000,2.98,33,91,3,0,1,32,0.0,0.033,2163.48,0.0,11.0,False
4025,1.0,11.0,15.0,0,100000,2.98,31,73,4,0,2,29,0.0,0.031,2032.36,0.0,11.0,False
4026,1.0,11.0,16.0,0,100000,2.98,23,87,1,0,0,23,0.0,0.023,1507.88,0.0,11.0,False
4027,1.0,11.0,17.0,0,100000,2.98,23,65,1,0,1,22,0.0,0.023,1507.88,0.0,11.0,False
4028,1.0,11.0,18.0,0,100000,2.98,18,63,1,0,0,18,0.0,0.018,1180.08,0.0,11.0,False
4029,1.0,11.0,19.0,0,100000,2.98,15,52,0,0,0,15,0.0,0.015,983.4,0.0,11.0,False
4030,1.0,11.0,1.0,0,100000,2.98,16854,10684,278,0,605,16249,0.0,16.854,1104948.24,0.0,11.0,False
4031,1.0,11.0,20.0,0,100000,2.98,5,52,3,0,0,5,0.0,0.005,327.8,0.0,11.0,False
4032,1.0,11.0,2.0,0,100000,2.98,6781,4522,118,0,329,6452,0.0,6.781,444562.36,0.0,11.0,False
4033,1.0,11.0,3.0,0,100000,2.98,3232,2303,57,0,184,3048,0.0,3.232,211889.92,0.0,11.0,False
4034,1.0,11.0,4.0,0,100000,2.98,1698,1365,32,0,85,1613,0.0,1.698,111320.88,0.0,11.0,False
4035,1.0,11.0,5.0,0,100000,2.98,1016,867,23,0,54,962,0.0,1.016,66608.96,0.0,11.0,False
4036,1.0,11.0,6.0,0,100000,2.98,641,603,14,0,29,612,0.0,0.641,42023.96,0.0,11.0,False
4037,1.0,11.0,7.0,0,100000,2.98,410,426,4,0,9,401,0.0,0.41,26879.6,0.0,11.0,False
4038,1.0,11.0,8.0,0,100000,2.98,260,315,5,0,7,253,0.0,0.26,17045.6,0.0,11.0,False
4039,1.0,11.0,9.0,0,100000,2.98,188,249,9,0,4,184,0.0,0.188,12325.28,0.0,11.0,False
4040,1.0,12.0,10.0,0,100000,2.98,147,225,4,0,4,143,0.0,0.147,9637.32,0.0,12.0,False
4041,1.0,12.0,11.0,0,100000,2.98,91,168,5,0,0,91,0.0,0.091,5965.96,0.0,12.0,False
4042,1.0,12.0,12.0,0,100000,2.98,64,148,4,0,2,62,0.0,0.064,4195.84,0.0,12.0,False
4043,1.0,12.0,13.0,0,100000,2.98,60,110,2,0,0,60,0.0,0.06,3933.6,0.0,12.0,False
4044,1.0,12.0,14.0,0,100000,2.98,28,92,1,0,0,28,0.0,0.028,1835.68,0.0,12.0,False
4045,1.0,12.0,15.0,0,100000,2.98,38,78,1,0,1,37,0.0,0.038,2491.28,0.0,12.0,False
4046,1.0,12.0,16.0,0,100000,2.98,27,86,0,0,0,27,0.0,0.027,1770.12,0.0,12.0,False
4047,1.0,12.0,17.0,0,100000,2.98,21,84,2,0,0,21,0.0,0.021,1376.76,0.0,12.0,False
4048,1.0,12.0,18.0,0,100000,2.98,19,54,0,0,1,18,0.0,0.019,1245.64,0.0,12.0,False
4049,1.0,12.0,19.0,0,100000,2.98,12,46,1,0,1,11,0.0,0.012,786.72,0.0,12.0,False
4050,1.0,12.0,1.0,0,100000,2.98,17011,10701,279,0,626,16385,0.0,17.011,1115241.16,0.0,12.0,False
4051,1.0,12.0,20.0,0,100000,2.98,6,43,3,0,1,5,0.0,0.006,393.36,0.0,12.0,False
4052,1.0,12.0,2.0,0,100000,2.98,6790,4476,138,0,338,6452,0.0,6.79,445152.4,0.0,12.0,False
4053,1.0,12.0,3.0,0,100000,2.98,3112,2257,52,0,175,2937,0.0,3.112,204022.72,0.0,12.0,False
4054,1.0,12.0,4.0,0,100000,2.98,1723,1342,37,1,101,1621,0.001,1.723,112959.88,1.13,12.0,False
4055,1.0,12.0,5.0,0,100000,2.98,955,907,23,1,43,911,0.001,0.955,62609.8,0.63,12.0,False
4056,1.0,12.0,6.0,0,100000,2.98,627,609,10,0,28,599,0.0,0.627,41106.12,0.0,12.0,False
4057,1.0,12.0,7.0,0,100000,2.98,393,399,10,0,16,377,0.0,0.393,25765.08,0.0,12.0,False
4058,1.0,12.0,8.0,0,100000,2.98,265,341,9,0,11,254,0.0,0.265,17373.4,0.0,12.0,False
4059,1.0,12.0,9.0,0,100000,2.98,198,255,5,0,3,195,0.0,0.198,12980.88,0.0,12.0,False
4060,1.0,13.0,10.0,0,100000,2.98,134,222,9,0,2,132,0.0,0.134,8785.04,0.0,13.0,False
4061,1.0,13.0,11.0,0,100000,2.98,94,180,6,0,3,91,0.0,0.094,6162.64,0.0,13.0,False
4062,1.0,13.0,12.0,0,100000,2.98,76,136,4,0,3,73,0.0,0.076,4982.56,0.0,13.0,False
4063,1.0,13.0,13.0,0,100000,2.98,60,117,4,0,0,60,0.0,0.06,3933.6,0.0,13.0,False
4064,1.0,13.0,14.0,0,100000,2.98,34,99,1,0,0,34,0.0,0.034,2229.04,0.0,13.0,False
4065,1.0,13.0,15.0,0,100000,2.98,40,99,2,0,1,39,0.0,0.04,2622.4,0.0,13.0,False
4066,1.0,13.0,16.0,0,100000,2.98,26,71,0,0,0,26,0.0,0.026,1704.56,0.0,13.0,False
4067,1.0,13.0,17.0,0,100000,2.98,25,81,2,0,0,25,0.0,0.025,1639.0,0.0,13.0,False
4068,1.0,13.0,18.0,0,100000,2.98,16,58,0,0,0,16,0.0,0.016,1048.96,0.0,13.0,False
4069,1.0,13.0,19.0,0,100000,2.98,14,50,2,0,0,14,0.0,0.014,917.84,0.0,13.0,False
4070,1.0,13.0,1.0,0,100000,2.98,17180,10731,280,0,655,16525,0.0,17.18,1126320.8,0.0,13.0,False
4071,1.0,13.0,20.0,0,100000,2.98,5,54,1,0,0,5,0.0,0.005,327.8,0.0,13.0,False
4072,1.0,13.0,2.0,0,100000,2.98,6741,4383,122,0,336,6405,0.0,6.741,441939.96,0.0,13.0,False
4073,1.0,13.0,3.0,0,100000,2.98,3216,2298,57,0,177,3039,0.0,3.216,210840.96,0.0,13.0,False
4074,1.0,13.0,4.0,0,100000,2.98,1740,1426,36,1,97,1642,0.001,1.74,114074.4,1.14,13.0,False
4075,1.0,13.0,5.0,0,100000,2.98,990,936,26,0,50,940,0.0,0.99,64904.4,0.0,13.0,False
4076,1.0,13.0,6.0,0,100000,2.98,601,632,8,0,26,575,0.0,0.601,39401.56,0.0,13.0,False
4077,1.0,13.0,7.0,0,100000,2.98,409,453,10,0,14,395,0.0,0.409,26814.04,0.0,13.0,False
4078,1.0,13.0,8.0,0,100000,2.98,276,325,7,0,11,265,0.0,0.276,18094.56,0.0,13.0,False
4079,1.0,13.0,9.0,0,100000,2.98,195,262,7,0,9,186,0.0,0.195,12784.2,0.0,13.0,False
4080,1.0,14.0,10.0,0,100000,2.98,129,213,3,0,7,122,0.0,0.129,8457.24,0.0,14.0,False
4081,1.0,14.0,11.0,0,100000,2.98,84,160,1,0,1,83,0.0,0.084,5507.04,0.0,14.0,False
4082,1.0,14.0,12.0,0,100000,2.98,65,145,2,0,1,64,0.0,0.065,4261.4,0.0,14.0,False
4083,1.0,14.0,13.0,0,100000,2.98,47,113,3,0,0,47,0.0,0.047,3081.32,0.0,14.0,False
4084,1.0,14.0,14.0,0,100000,2.98,32,92,2,0,0,32,0.0,0.032,2097.92,0.0,14.0,False
4085,1.0,14.0,15.0,0,100000,2.98,45,89,1,0,1,44,0.0,0.045,2950.2,0.0,14.0,False
4086,1.0,14.0,16.0,0,100000,2.98,31,71,0,0,0,31,0.0,0.031,2032.36,0.0,14.0,False
4087,1.0,14.0,17.0,0,100000,2.98,20,78,3,0,0,20,0.0,0.02,1311.2,0.0,14.0,False
4088,1.0,14.0,18.0,0,100000,2.98,19,60,0,0,0,19,0.0,0.019,1245.64,0.0,14.0,False
4089,1.0,14.0,19.0,0,100000,2.98,10,50,2,0,0,10,0.0,0.01,655.6,0.0,14.0,False
4090,1.0,14.0,1.0,0,100000,2.98,17008,10520,261,0,621,16387,0.0,17.008,1115044.48,0.0,14.0,False
4091,1.0,14.0,20.0,0,100000,2.98,8,49,0,0,1,7,0.0,0.008,524.48,0.0,14.0,False
4092,1.0,14.0,2.0,0,100000,2.98,6734,4529,120,0,350,6384,0.0,6.734,441481.04,0.0,14.0,False
4093,1.0,14.0,3.0,0,100000,2.98,3170,2310,57,0,184,2986,0.0,3.17,207825.2,0.0,14.0,False
4094,1.0,14.0,4.0,0,100000,2.98,1657,1370,30,1,87,1569,0.001,1.657,108632.92,1.09,14.0,False
4095,1.0,14.0,5.0,0,100000,2.98,976,941,16,1,50,925,0.001,0.976,63986.56,0.64,14.0,False
4096,1.0,14.0,6.0,0,100000,2.98,591,631,14,0,25,566,0.0,0.591,38745.96,0.0,14.0,False
4097,1.0,14.0,7.0,0,100000,2.98,366,449,7,0,21,345,0.0,0.366,23994.96,0.0,14.0,False
4098,1.0,14.0,8.0,0,100000,2.98,244,354,10,0,15,229,0.0,0.244,15996.64,0.0,14.0,False
4099,1.0,14.0,9.0,0,100000,2.98,182,261,3,0,10,172,0.0,0.182,11931.92,0.0,14.0,False
4100,1.0,15.0,10.0,0,100000,2.98,116,207,3,0,4,112,0.0,0.116,7604.96,0.0,15.0,False
4101,1.0,15.0,11.0,0,100000,2.98,105,157,2,0,5,100,0.0,0.105,6883.8,0.0,15.0,False
4102,1.0,15.0,12.0,0,100000,2.98,73,139,4,0,1,72,0.0,0.073,4785.88,0.0,15.0,False
4103,1.0,15.0,13.0,0,100000,2.98,62,119,3,0,0,62,0.0,0.062,4064.72,0.0,15.0,False
4104,1.0,15.0,14.0,0,100000,2.98,43,97,2,0,0,43,0.0,0.043,2819.08,0.0,15.0,False
4105,1.0,15.0,15.0,0,100000,2.98,36,94,1,0,0,36,0.0,0.036,2360.16,0.0,15.0,False
4106,1.0,15.0,16.0,0,100000,2.98,32,73,1,0,0,32,0.0,0.032,2097.92,0.0,15.0,False
4107,1.0,15.0,17.0,0,100000,2.98,23,72,2,0,0,23,0.0,0.023,1507.88,0.0,15.0,False
4108,1.0,15.0,18.0,0,100000,2.98,21,58,1,0,1,20,0.0,0.021,1376.76,0.0,15.0,False
4109,1.0,15.0,19.0,0,100000,2.98,9,41,1,0,0,9,0.0,0.009,590.04,0.0,15.0,False
4110,1.0,15.0,1.0,0,100000,2.98,16850,10585,265,0,628,16222,0.0,16.85,1104686.0,0.0,15.0,False
4111,1.0,15.0,20.0,0,100000,2.98,8,47,0,0,1,7,0.0,0.008,524.48,0.0,15.0,False
4112,1.0,15.0,2.0,0,100000,2.98,6738,4375,143,0,342,6396,0.0,6.738,441743.28,0.0,15.0,False
4113,1.0,15.0,3.0,0,100000,2.98,3246,2346,74,0,177,3069,0.0,3.246,212807.76,0.0,15.0,False
4114,1.0,15.0,4.0,0,100000,2.98,1685,1302,40,1,84,1600,0.001,1.685,110468.6,1.1,15.0,False
4115,1.0,15.0,5.0,0,100000,2.98,994,927,21,0,45,949,0.0,0.994,65166.64,0.0,15.0,False
4116,1.0,15.0,6.0,0,100000,2.98,593,642,12,0,27,566,0.0,0.593,38877.08,0.0,15.0,False
4117,1.0,15.0,7.0,0,100000,2.98,421,446,9,0,14,407,0.0,0.421,27600.76,0.0,15.0,False
4118,1.0,15.0,8.0,0,100000,2.98,293,338,11,0,9,284,0.0,0.293,19209.08,0.0,15.0,False
4119,1.0,15.0,9.0,0,100000,2.98,209,223,5,0,5,204,0.0,0.209,13702.04,0.0,15.0,False
4120,1.0,16.0,10.0,0,100000,2.98,129,196,4,0,3,126,0.0,0.129,8457.24,0.0,16.0,False
4121,1.0,16.0,11.0,0,100000,2.98,104,165,5,0,5,99,0.0,0.104,6818.24,0.0,16.0,False
4122,1.0,16.0,12.0,0,100000,2.98,60,145,3,0,1,59,0.0,0.06,3933.6,0.0,16.0,False
4123,1.0,16.0,13.0,0,100000,2.98,51,128,8,0,0,51,0.0,0.051,3343.56,0.0,16.0,False
4124,1.0,16.0,14.0,0,100000,2.98,30,87,4,0,0,30,0.0,0.03,1966.8,0.0,16.0,False
4125,1.0,16.0,15.0,0,100000,2.98,24,83,1,0,0,24,0.0,0.024,1573.44,0.0,16.0,False
4126,1.0,16.0,16.0,0,100000,2.98,22,57,1,0,0,22,0.0,0.022,1442.32,0.0,16.0,False
4127,1.0,16.0,17.0,0,100000,2.98,18,76,2,0,0,18,0.0,0.018,1180.08,0.0,16.0,False
4128,1.0,16.0,18.0,0,100000,2.98,23,55,0,0,1,22,0.0,0.023,1507.88,0.0,16.0,False
4129,1.0,16.0,19.0,0,100000,2.98,10,54,1,0,0,10,0.0,0.01,655.6,0.0,16.0,False
4130,1.0,16.0,1.0,0,100000,2.98,16944,10751,282,0,615,16329,0.0,16.944,1110848.64,0.0,16.0,False
4131,1.0,16.0,20.0,0,100000,2.98,5,47,1,0,0,5,0.0,0.005,327.8,0.0,16.0,False
4132,1.0,16.0,2.0,0,100000,2.98,6756,4360,139,0,312,6444,0.0,6.756,442923.36,0.0,16.0,False
4133,1.0,16.0,3.0,0,100000,2.98,3157,2313,82,0,178,2979,0.0,3.157,206972.92,0.0,16.0,False
4134,1.0,16.0,4.0,0,100000,2.98,1729,1278,28,0,90,1639,0.0,1.729,113353.24,0.0,16.0,False
4135,1.0,16.0,5.0,0,100000,2.98,975,904,21,0,48,927,0.0,0.975,63921.0,0.0,16.0,False
4136,1.0,16.0,6.0,0,100000,2.98,585,607,15,0,28,557,0.0,0.585,38352.6,0.0,16.0,False
4137,1.0,16.0,7.0,0,100000,2.98,411,461,9,0,21,390,0.0,0.411,26945.16,0.0,16.0,False
4138,1.0,16.0,8.0,0,100000,2.98,249,343,8,0,8,241,0.0,0.249,16324.44,0.0,16.0,False
4139,1.0,16.0,9.0,0,100000,2.98,185,256,7,0,5,180,0.0,0.185,12128.6,0.0,16.0,False
4140,1.0,17.0,10.0,0,100000,2.98,128,196,1,0,5,123,0.0,0.128,8391.68,0.0,17.0,False
4141,1.0,17.0,11.0,0,100000,2.98,99,157,1,0,5,94,0.0,0.099,6490.44,0.0,17.0,False
4142,1.0,17.0,12.0,0,100000,2.98,67,129,3,0,0,67,0.0,0.067,4392.52,0.0,17.0,False
4143,1.0,17.0,13.0,0,100000,2.98,57,119,2,0,3,54,0.0,0.057,3736.92,0.0,17.0,False
4144,1.0,17.0,14.0,0,100000,2.98,42,108,3,0,0,42,0.0,0.042,2753.52,0.0,17.0,False
4145,1.0,17.0,15.0,0,100000,2.98,38,99,3,0,1,37,0.0,0.038,2491.28,0.0,17.0,False
4146,1.0,17.0,16.0,0,100000,2.98,26,76,0,0,0,26,0.0,0.026,1704.56,0.0,17.0,False
4147,1.0,17.0,17.0,0,100000,2.98,16,79,1,0,0,16,0.0,0.016,1048.96,0.0,17.0,False
4148,1.0,17.0,18.0,0,100000,2.98,20,60,0,0,1,19,0.0,0.02,1311.2,0.0,17.0,False
4149,1.0,17.0,19.0,0,100000,2.98,12,47,0,0,0,12,0.0,0.012,786.72,0.0,17.0,False
4150,1.0,17.0,1.0,0,100000,2.98,16882,10530,273,0,634,16248,0.0,16.882,1106783.92,0.0,17.0,False
4151,1.0,17.0,20.0,0,100000,2.98,3,45,0,0,0,3,0.0,0.003,196.68,0.0,17.0,False
4152,1.0,17.0,2.0,0,100000,2.98,6680,4535,120,0,335,6345,0.0,6.68,437940.8,0.0,17.0,False
4153,1.0,17.0,3.0,0,100000,2.98,3245,2246,68,0,180,3065,0.0,3.245,212742.2,0.0,17.0,False
4154,1.0,17.0,4.0,0,100000,2.98,1695,1353,28,0,84,1611,0.0,1.695,111124.2,0.0,17.0,False
4155,1.0,17.0,5.0,0,100000,2.98,1007,846,25,0,60,947,0.0,1.007,66018.92,0.0,17.0,False
4156,1.0,17.0,6.0,0,100000,2.98,628,605,14,0,26,602,0.0,0.628,41171.68,0.0,17.0,False
4157,1.0,17.0,7.0,0,100000,2.98,397,443,8,0,15,382,0.0,0.397,26027.32,0.0,17.0,False
4158,1.0,17.0,8.0,0,100000,2.98,271,346,6,0,9,262,0.0,0.271,17766.76,0.0,17.0,False
4159,1.0,17.0,9.0,0,100000,2.98,169,252,5,0,4,165,0.0,0.169,11079.64,0.0,17.0,False
4160,1.0,18.0,10.0,0,100000,2.98,123,208,3,0,3,120,0.0,0.123,8063.88,0.0,18.0,False
4161,1.0,18.0,11.0,0,100000,2.98,99,198,8,0,3,96,0.0,0.099,6490.44,0.0,18.0,False
4162,1.0,18.0,12.0,0,100000,2.98,80,156,2,0,0,80,0.0,0.08,5244.8,0.0,18.0,False
4163,1.0,18.0,13.0,0,100000,2.98,60,130,4,0,0,60,0.0,0.06,3933.6,0.0,18.0,False
4164,1.0,18.0,14.0,0,100000,2.98,47,106,0,0,1,46,0.0,0.047,3081.32,0.0,18.0,False
4165,1.0,18.0,15.0,0,100000,2.98,50,86,1,0,0,50,0.0,0.05,3278.0,0.0,18.0,False
4166,1.0,18.0,16.0,0,100000,2.98,33,69,2,0,1,32,0.0,0.033,2163.48,0.0,18.0,False
4167,1.0,18.0,17.0,0,100000,2.98,29,75,1,0,0,29,0.0,0.029,1901.24,0.0,18.0,False
4168,1.0,18.0,18.0,0,100000,2.98,17,58,0,0,1,16,0.0,0.017,1114.52,0.0,18.0,False
4169,1.0,18.0,19.0,0,100000,2.98,11,49,0,0,0,11,0.0,0.011,721.16,0.0,18.0,False
4170,1.0,18.0,1.0,0,100000,2.98,16797,10417,271,0,625,16172,0.0,16.797,1101211.32,0.0,18.0,False
4171,1.0,18.0,20.0,0,100000,2.98,8,42,0,0,0,8,0.0,0.008,524.48,0.0,18.0,False
4172,1.0,18.0,2.0,0,100000,2.98,6859,4381,143,1,356,6502,0.001,6.859,449676.04,4.5,18.0,False
4173,1.0,18.0,3.0,0,100000,2.98,3169,2264,56,0,182,2987,0.0,3.169,207759.64,0.0,18.0,False
4174,1.0,18.0,4.0,0,100000,2.98,1762,1321,39,0,86,1676,0.0,1.762,115516.72,0.0,18.0,False
4175,1.0,18.0,5.0,0,100000,2.98,994,891,20,0,56,938,0.0,0.994,65166.64,0.0,18.0,False
4176,1.0,18.0,6.0,0,100000,2.98,612,654,19,0,26,586,0.0,0.612,40122.72,0.0,18.0,False
4177,1.0,18.0,7.0,0,100000,2.98,397,462,8,0,15,382,0.0,0.397,26027.32,0.0,18.0,False
4178,1.0,18.0,8.0,0,100000,2.98,272,355,10,0,6,266,0.0,0.272,17832.32,0.0,18.0,False
4179,1.0,18.0,9.0,0,100000,2.98,191,300,5,0,6,185,0.0,0.191,12521.96,0.0,18.0,False
4180,1.0,19.0,10.0,0,100000,2.98,116,206,5,0,2,114,0.0,0.116,7604.96,0.0,19.0,False
4181,1.0,19.0,11.0,0,100000,2.98,88,189,4,0,1,87,0.0,0.088,5769.28,0.0,19.0,False
4182,1.0,19.0,12.0,0,100000,2.98,60,149,3,0,2,58,0.0,0.06,3933.6,0.0,19.0,False
4183,1.0,19.0,13.0,0,100000,2.98,53,112,4,0,1,52,0.0,0.053,3474.68,0.0,19.0,False
4184,1.0,19.0,14.0,0,100000,2.98,41,97,1,0,0,41,0.0,0.041,2687.96,0.0,19.0,False
4185,1.0,19.0,15.0,0,100000,2.98,37,76,1,0,1,36,0.0,0.037,2425.72,0.0,19.0,False
4186,1.0,19.0,16.0,0,100000,2.98,19,69,1,0,0,19,0.0,0.019,1245.64,0.0,19.0,False
4187,1.0,19.0,17.0,0,100000,2.98,21,63,0,0,1,20,0.0,0.021,1376.76,0.0,19.0,False
4188,1.0,19.0,18.0,0,100000,2.98,17,51,0,0,0,17,0.0,0.017,1114.52,0.0,19.0,False
4189,1.0,19.0,19.0,0,100000,2.98,14,43,1,0,1,13,0.0,0.014,917.84,0.0,19.0,False
4190,1.0,19.0,1.0,0,100000,2.98,17065,10703,272,0,636,16429,0.0,17.065,1118781.4,0.0,19.0,False
4191,1.0,19.0,20.0,0,100000,2.98,9,41,0,0,0,9,0.0,0.009,590.04,0.0,19.0,False
4192,1.0,19.0,2.0,0,100000,2.98,6766,4514,140,0,362,6404,0.0,6.766,443578.96,0.0,19.0,False
4193,1.0,19.0,3.0,0,100000,2.98,3245,2252,63,0,169,3076,0.0,3.245,212742.2,0.0,19.0,False
4194,1.0,19.0,4.0,0,100000,2.98,1648,1356,28,0,84,1564,0.0,1.648,108042.88,0.0,19.0,False
4195,1.0,19.0,5.0,0,100000,2.98,994,849,22,0,56,938,0.0,0.994,65166.64,0.0,19.0,False
4196,1.0,19.0,6.0,0,100000,2.98,574,604,13,0,24,550,0.0,0.574,37631.44,0.0,19.0,False
4197,1.0,19.0,7.0,0,100000,2.98,372,442,4,0,14,358,0.0,0.372,24388.32,0.0,19.0,False
4198,1.0,19.0,8.0,0,100000,2.98,245,369,8,0,7,238,0.0,0.245,16062.2,0.0,19.0,False
4199,1.0,19.0,9.0,0,100000,2.98,188,280,5,0,4,184,0.0,0.188,12325.28,0.0,19.0,False
4200,1.0,1.0,10.0,0,100000,2.98,143,185,3,0,4,139,0.0,0.143,9375.08,0.0,1.0,True
4201,1.0,1.0,11.0,0,100000,2.98,85,165,2,0,0,85,0.0,0.085,5572.6,0.0,1.0,True
4202,1.0,1.0,12.0,0,100000,2.98,75,132,2,0,2,73,0.0,0.075,4917.0,0.0,1.0,True
4203,1.0,1.0,13.0,0,100000,2.98,60,123,4,0,4,56,0.0,0.06,3933.6,0.0,1.0,True
4204,1.0,1.0,14.0,0,100000,2.98,45,86,3,0,1,44,0.0,0.045,2950.2,0.0,1.0,True
4205,1.0,1.0,15.0,0,100000,2.98,35,79,3,0,1,34,0.0,0.035,2294.6,0.0,1.0,True
4206,1.0,1.0,16.0,0,100000,2.98,28,75,2,0,0,28,0.0,0.028,1835.68,0.0,1.0,True
4207,1.0,1.0,17.0,0,100000,2.98,21,59,2,0,0,21,0.0,0.021,1376.76,0.0,1.0,True
4208,1.0,1.0,18.0,0,100000,2.98,15,56,0,0,0,15,0.0,0.015,983.4,0.0,1.0,True
4209,1.0,1.0,19.0,0,100000,2.98,11,46,0,0,1,10,0.0,0.011,721.16,0.0,1.0,True
4210,1.0,1.0,1.0,0,100000,2.98,16664,10512,212,0,473,16191,0.0,16.664,1092491.84,0.0,1.0,True
4211,1.0,1.0,20.0,0,100000,2.98,9,31,0,0,0,9,0.0,0.009,590.04,0.0,1.0,True
4212,1.0,1.0,2.0,0,100000,2.98,6562,4395,104,0,231,6331,0.0,6.562,430204.72,0.0,1.0,True
4213,1.0,1.0,3.0,0,100000,2.98,3084,2217,67,0,72,3012,0.0,3.084,202187.04,0.0,1.0,True
4214,1.0,1.0,4.0,0,100000,2.98,1661,1328,25,0,44,1617,0.0,1.661,108895.16,0.0,1.0,True
4215,1.0,1.0,5.0,0,100000,2.98,969,865,9,0,20,949,0.0,0.969,63527.64,0.0,1.0,True
4216,1.0,1.0,6.0,0,100000,2.98,616,630,11,0,9,607,0.0,0.616,40384.96,0.0,1.0,True
4217,1.0,1.0,7.0,0,100000,2.98,397,448,8,0,6,391,0.0,0.397,26027.32,0.0,1.0,True
4218,1.0,1.0,8.0,0,100000,2.98,298,332,9,0,3,295,0.0,0.298,19536.88,0.0,1.0,True
4219,1.0,1.0,9.0,0,100000,2.98,194,284,7,0,4,190,0.0,0.194,12718.64,0.0,1.0,True
4220,1.0,20.0,10.0,0,100000,2.98,118,219,3,0,5,113,0.0,0.118,7736.08,0.0,20.0,False
4221,1.0,20.0,11.0,0,100000,2.98,88,169,2,0,4,84,0.0,0.088,5769.28,0.0,20.0,False
4222,1.0,20.0,12.0,0,100000,2.98,68,145,4,0,1,67,0.0,0.068,4458.08,0.0,20.0,False
4223,1.0,20.0,13.0,0,100000,2.98,60,124,2,0,0,60,0.0,0.06,3933.6,0.0,20.0,False
4224,1.0,20.0,14.0,0,100000,2.98,31,93,3,0,1,30,0.0,0.031,2032.36,0.0,20.0,False
4225,1.0,20.0,15.0,0,100000,2.98,35,88,2,0,0,35,0.0,0.035,2294.6,0.0,20.0,False
4226,1.0,20.0,16.0,0,100000,2.98,20,83,2,0,0,20,0.0,0.02,1311.2,0.0,20.0,False
4227,1.0,20.0,17.0,0,100000,2.98,18,68,2,0,1,17,0.0,0.018,1180.08,0.0,20.0,False
4228,1.0,20.0,18.0,0,100000,2.98,12,61,0,0,0,12,0.0,0.012,786.72,0.0,20.0,False
4229,1.0,20.0,19.0,0,100000,2.98,11,52,0,0,1,10,0.0,0.011,721.16,0.0,20.0,False
4230,1.0,20.0,1.0,0,100000,2.98,16776,10687,272,0,632,16144,0.0,16.776,1099834.56,0.0,20.0,False
4231,1.0,20.0,20.0,0,100000,2.98,8,50,0,0,1,7,0.0,0.008,524.48,0.0,20.0,False
4232,1.0,20.0,2.0,0,100000,2.98,6696,4435,124,0,347,6349,0.0,6.696,438989.76,0.0,20.0,False
4233,1.0,20.0,3.0,0,100000,2.98,3245,2260,55,0,169,3076,0.0,3.245,212742.2,0.0,20.0,False
4234,1.0,20.0,4.0,0,100000,2.98,1652,1375,34,0,95,1557,0.0,1.652,108305.12,0.0,20.0,False
4235,1.0,20.0,5.0,0,100000,2.98,1032,849,24,0,56,976,0.0,1.032,67657.92,0.0,20.0,False
4236,1.0,20.0,6.0,0,100000,2.98,630,615,7,0,22,608,0.0,0.63,41302.8,0.0,20.0,False
4237,1.0,20.0,7.0,0,100000,2.98,413,470,8,0,12,401,0.0,0.413,27076.28,0.0,20.0,False
4238,1.0,20.0,8.0,0,100000,2.98,282,355,5,0,10,272,0.0,0.282,18487.92,0.0,20.0,False
4239,1.0,20.0,9.0,0,100000,2.98,197,282,4,0,5,192,0.0,0.197,12915.32,0.0,20.0,False
4240,1.0,2.0,10.0,0,100000,2.98,117,205,4,0,2,115,0.0,0.117,7670.52,0.0,2.0,False
4241,1.0,2.0,11.0,0,100000,2.98,80,165,3,0,2,78,0.0,0.08,5244.8,0.0,2.0,False
4242,1.0,2.0,12.0,0,100000,2.98,61,135,1,0,2,59,0.0,0.061,3999.16,0.0,2.0,False
4243,1.0,2.0,13.0,0,100000,2.98,55,105,2,0,0,55,0.0,0.055,3605.8,0.0,2.0,False
4244,1.0,2.0,14.0,0,100000,2.98,31,77,4,0,1,30,0.0,0.031,2032.36,0.0,2.0,False
4245,1.0,2.0,15.0,0,100000,2.98,39,78,1,0,0,39,0.0,0.039,2556.84,0.0,2.0,False
4246,1.0,2.0,16.0,0,100000,2.98,23,59,3,0,1,22,0.0,0.023,1507.88,0.0,2.0,False
4247,1.0,2.0,17.0,0,100000,2.98,22,58,3,0,1,21,0.0,0.022,1442.32,0.0,2.0,False
4248,1.0,2.0,18.0,0,100000,2.98,13,48,0,0,0,13,0.0,0.013,852.28,0.0,2.0,False
4249,1.0,2.0,19.0,0,100000,2.98,7,43,1,0,0,7,0.0,0.007,458.92,0.0,2.0,False
4250,1.0,2.0,1.0,0,100000,2.98,16980,10576,225,0,629,16351,0.0,16.98,1113208.8,0.0,2.0,False
4251,1.0,2.0,20.0,0,100000,2.98,9,38,2,0,0,9,0.0,0.009,590.04,0.0,2.0,False
4252,1.0,2.0,2.0,0,100000,2.98,6718,4469,120,0,309,6409,0.0,6.718,440432.08,0.0,2.0,False
4253,1.0,2.0,3.0,0,100000,2.98,3093,2306,65,0,128,2965,0.0,3.093,202777.08,0.0,2.0,False
4254,1.0,2.0,4.0,0,100000,2.98,1574,1385,30,0,54,1520,0.0,1.574,103191.44,0.0,2.0,False
4255,1.0,2.0,5.0,0,100000,2.98,883,922,17,0,30,853,0.0,0.883,57889.48,0.0,2.0,False
4256,1.0,2.0,6.0,0,100000,2.98,600,632,10,0,12,588,0.0,0.6,39336.0,0.0,2.0,False
4257,1.0,2.0,7.0,0,100000,2.98,352,465,9,0,7,345,0.0,0.352,23077.12,0.0,2.0,False
4258,1.0,2.0,8.0,0,100000,2.98,265,316,6,0,4,261,0.0,0.265,17373.4,0.0,2.0,False
4259,1.0,2.0,9.0,0,100000,2.98,191,255,6,0,0,191,0.0,0.191,12521.96,0.0,2.0,False
4260,1.0,3.0,10.0,0,100000,2.98,127,189,3,0,4,123,0.0,0.127,8326.12,0.0,3.0,False
4261,1.0,3.0,11.0,0,100000,2.98,99,191,2,0,2,97,0.0,0.099,6490.44,0.0,3.0,False
4262,1.0,3.0,12.0,0,100000,2.98,77,141,1,0,2,75,0.0,0.077,5048.12,0.0,3.0,False
4263,1.0,3.0,13.0,0,100000,2.98,60,118,3,0,1,59,0.0,0.06,3933.6,0.0,3.0,False
4264,1.0,3.0,14.0,0,100000,2.98,31,83,1,0,0,31,0.0,0.031,2032.36,0.0,3.0,False
4265,1.0,3.0,15.0,0,100000,2.98,29,76,2,0,1,28,0.0,0.029,1901.24,0.0,3.0,False
4266,1.0,3.0,16.0,0,100000,2.98,13,64,1,0,1,12,0.0,0.013,852.28,0.0,3.0,False
4267,1.0,3.0,17.0,0,100000,2.98,15,54,2,0,0,15,0.0,0.015,983.4,0.0,3.0,False
4268,1.0,3.0,18.0,0,100000,2.98,10,54,0,0,0,10,0.0,0.01,655.6,0.0,3.0,False
4269,1.0,3.0,19.0,0,100000,2.98,7,44,0,0,0,7,0.0,0.007,458.92,0.0,3.0,False
4270,1.0,3.0,1.0,0,100000,2.98,16893,10677,244,0,612,16281,0.0,16.893,1107505.08,0.0,3.0,False
4271,1.0,3.0,20.0,0,100000,2.98,4,44,0,0,0,4,0.0,0.004,262.24,0.0,3.0,False
4272,1.0,3.0,2.0,0,100000,2.98,6857,4490,137,0,359,6498,0.0,6.857,449544.92,0.0,3.0,False
4273,1.0,3.0,3.0,0,100000,2.98,3046,2325,67,0,148,2898,0.0,3.046,199695.76,0.0,3.0,False
4274,1.0,3.0,4.0,0,100000,2.98,1670,1453,34,0,78,1592,0.0,1.67,109485.2,0.0,3.0,False
4275,1.0,3.0,5.0,0,100000,2.98,916,880,16,0,38,878,0.0,0.916,60052.96,0.0,3.0,False
4276,1.0,3.0,6.0,0,100000,2.98,617,641,11,0,18,599,0.0,0.617,40450.52,0.0,3.0,False
4277,1.0,3.0,7.0,0,100000,2.98,405,454,11,0,16,389,0.0,0.405,26551.8,0.0,3.0,False
4278,1.0,3.0,8.0,0,100000,2.98,249,357,7,0,6,243,0.0,0.249,16324.44,0.0,3.0,False
4279,1.0,3.0,9.0,0,100000,2.98,183,278,6,0,2,181,0.0,0.183,11997.48,0.0,3.0,False
4280,1.0,4.0,10.0,0,100000,2.98,109,198,9,0,2,107,0.0,0.109,7146.04,0.0,4.0,False
4281,1.0,4.0,11.0,0,100000,2.98,85,186,2,0,2,83,0.0,0.085,5572.6,0.0,4.0,False
4282,1.0,4.0,12.0,0,100000,2.98,62,140,3,0,0,62,0.0,0.062,4064.72,0.0,4.0,False
4283,1.0,4.0,13.0,0,100000,2.98,48,108,4,0,1,47,0.0,0.048,3146.88,0.0,4.0,False
4284,1.0,4.0,14.0,0,100000,2.98,45,88,3,0,0,45,0.0,0.045,2950.2,0.0,4.0,False
4285,1.0,4.0,15.0,0,100000,2.98,20,76,3,0,0,20,0.0,0.02,1311.2,0.0,4.0,False
4286,1.0,4.0,16.0,0,100000,2.98,21,79,3,0,1,20,0.0,0.021,1376.76,0.0,4.0,False
4287,1.0,4.0,17.0,0,100000,2.98,12,67,3,0,0,12,0.0,0.012,786.72,0.0,4.0,False
4288,1.0,4.0,18.0,0,100000,2.98,6,65,0,0,0,6,0.0,0.006,393.36,0.0,4.0,False
4289,1.0,4.0,19.0,0,100000,2.98,6,50,1,0,0,6,0.0,0.006,393.36,0.0,4.0,False
4290,1.0,4.0,1.0,0,100000,2.98,16973,10647,297,0,624,16349,0.0,16.973,1112749.88,0.0,4.0,False
4291,1.0,4.0,20.0,0,100000,2.98,7,41,2,0,0,7,0.0,0.007,458.92,0.0,4.0,False
4292,1.0,4.0,2.0,0,100000,2.98,6671,4485,121,0,341,6330,0.0,6.671,437350.76,0.0,4.0,False
4293,1.0,4.0,3.0,0,100000,2.98,3165,2352,71,0,158,3007,0.0,3.165,207497.4,0.0,4.0,False
4294,1.0,4.0,4.0,0,100000,2.98,1732,1375,34,0,96,1636,0.0,1.732,113549.92,0.0,4.0,False
4295,1.0,4.0,5.0,0,100000,2.98,918,919,17,0,28,890,0.0,0.918,60184.08,0.0,4.0,False
4296,1.0,4.0,6.0,0,100000,2.98,555,590,10,0,16,539,0.0,0.555,36385.8,0.0,4.0,False
4297,1.0,4.0,7.0,0,100000,2.98,371,433,10,0,15,356,0.0,0.371,24322.76,0.0,4.0,False
4298,1.0,4.0,8.0,0,100000,2.98,233,334,8,0,4,229,0.0,0.233,15275.48,0.0,4.0,False
4299,1.0,4.0,9.0,0,100000,2.98,173,291,8,0,2,171,0.0,0.173,11341.88,0.0,4.0,False
4300,1.0,5.0,10.0,0,100000,2.98,144,210,7,0,4,140,0.0,0.144,9440.64,0.0,5.0,False
4301,1.0,5.0,11.0,0,100000,2.98,86,186,0,0,1,85,0.0,0.086,5638.16,0.0,5.0,False
4302,1.0,5.0,12.0,0,100000,2.98,67,161,7,0,0,67,0.0,0.067,4392.52,0.0,5.0,False
4303,1.0,5.0,13.0,0,100000,2.98,64,109,1,0,0,64,0.0,0.064,4195.84,0.0,5.0,False
4304,1.0,5.0,14.0,0,100000,2.98,53,100,4,0,0,53,0.0,0.053,3474.68,0.0,5.0,False
4305,1.0,5.0,15.0,0,100000,2.98,30,87,0,0,0,30,0.0,0.03,1966.8,0.0,5.0,False
4306,1.0,5.0,16.0,0,100000,2.98,31,75,0,0,0,31,0.0,0.031,2032.36,0.0,5.0,False
4307,1.0,5.0,17.0,0,100000,2.98,18,68,1,0,0,18,0.0,0.018,1180.08,0.0,5.0,False
4308,1.0,5.0,18.0,0,100000,2.98,20,71,1,0,1,19,0.0,0.02,1311.2,0.0,5.0,False
4309,1.0,5.0,19.0,0,100000,2.98,9,58,1,0,1,8,0.0,0.009,590.04,0.0,5.0,False
4310,1.0,5.0,1.0,0,100000,2.98,16671,10584,275,0,592,16079,0.0,16.671,1092950.76,0.0,5.0,False
4311,1.0,5.0,20.0,0,100000,2.98,8,46,1,0,0,8,0.0,0.008,524.48,0.0,5.0,False
4312,1.0,5.0,2.0,0,100000,2.98,6741,4617,120,0,310,6431,0.0,6.741,441939.96,0.0,5.0,False
4313,1.0,5.0,3.0,0,100000,2.98,3122,2264,63,0,181,2941,0.0,3.122,204678.32,0.0,5.0,False
4314,1.0,5.0,4.0,0,100000,2.98,1652,1369,33,0,89,1563,0.0,1.652,108305.12,0.0,5.0,False
4315,1.0,5.0,5.0,0,100000,2.98,1006,849,17,0,55,951,0.0,1.006,65953.36,0.0,5.0,False
4316,1.0,5.0,6.0,0,100000,2.98,632,617,9,0,24,608,0.0,0.632,41433.92,0.0,5.0,False
4317,1.0,5.0,7.0,0,100000,2.98,390,442,9,0,9,381,0.0,0.39,25568.4,0.0,5.0,False
4318,1.0,5.0,8.0,0,100000,2.98,258,360,6,0,6,252,0.0,0.258,16914.48,0.0,5.0,False
4319,1.0,5.0,9.0,0,100000,2.98,180,287,11,0,6,174,0.0,0.18,11800.8,0.0,5.0,False
4320,1.0,6.0,10.0,0,100000,2.98,131,167,7,0,1,130,0.0,0.131,8588.36,0.0,6.0,False
4321,1.0,6.0,11.0,0,100000,2.98,95,188,6,0,2,93,0.0,0.095,6228.2,0.0,6.0,False
4322,1.0,6.0,12.0,0,100000,2.98,52,149,1,0,1,51,0.0,0.052,3409.12,0.0,6.0,False
4323,1.0,6.0,13.0,0,100000,2.98,47,99,2,0,3,44,0.0,0.047,3081.32,0.0,6.0,False
4324,1.0,6.0,14.0,0,100000,2.98,51,93,3,0,1,50,0.0,0.051,3343.56,0.0,6.0,False
4325,1.0,6.0,15.0,0,100000,2.98,29,78,3,0,1,28,0.0,0.029,1901.24,0.0,6.0,False
4326,1.0,6.0,16.0,0,100000,2.98,23,69,2,0,0,23,0.0,0.023,1507.88,0.0,6.0,False
4327,1.0,6.0,17.0,0,100000,2.98,16,46,1,0,0,16,0.0,0.016,1048.96,0.0,6.0,False
4328,1.0,6.0,18.0,0,100000,2.98,11,60,2,0,0,11,0.0,0.011,721.16,0.0,6.0,False
4329,1.0,6.0,19.0,0,100000,2.98,5,54,0,0,0,5,0.0,0.005,327.8,0.0,6.0,False
4330,1.0,6.0,1.0,0,100000,2.98,16848,10702,256,0,636,16212,0.0,16.848,1104554.88,0.0,6.0,False
4331,1.0,6.0,20.0,0,100000,2.98,6,43,0,0,0,6,0.0,0.006,393.36,0.0,6.0,False
4332,1.0,6.0,2.0,0,100000,2.98,6902,4497,143,0,353,6549,0.0,6.902,452495.12,0.0,6.0,False
4333,1.0,6.0,3.0,0,100000,2.98,3286,2261,69,0,183,3103,0.0,3.286,215430.16,0.0,6.0,False
4334,1.0,6.0,4.0,0,100000,2.98,1708,1416,28,0,73,1635,0.0,1.708,111976.48,0.0,6.0,False
4335,1.0,6.0,5.0,0,100000,2.98,1046,878,13,0,55,991,0.0,1.046,68575.76,0.0,6.0,False
4336,1.0,6.0,6.0,0,100000,2.98,616,607,13,0,29,587,0.0,0.616,40384.96,0.0,6.0,False
4337,1.0,6.0,7.0,0,100000,2.98,403,447,9,0,12,391,0.0,0.403,26420.68,0.0,6.0,False
4338,1.0,6.0,8.0,0,100000,2.98,229,339,7,0,5,224,0.0,0.229,15013.24,0.0,6.0,False
4339,1.0,6.0,9.0,0,100000,2.98,174,266,6,0,4,170,0.0,0.174,11407.44,0.0,6.0,False
4340,1.0,7.0,10.0,0,100000,2.98,126,201,7,0,3,123,0.0,0.126,8260.56,0.0,7.0,False
4341,1.0,7.0,11.0,0,100000,2.98,78,174,5,0,2,76,0.0,0.078,5113.68,0.0,7.0,False
4342,1.0,7.0,12.0,0,100000,2.98,86,129,1,0,0,86,0.0,0.086,5638.16,0.0,7.0,False
4343,1.0,7.0,13.0,0,100000,2.98,52,103,1,0,0,52,0.0,0.052,3409.12,0.0,7.0,False
4344,1.0,7.0,14.0,0,100000,2.98,50,91,4,0,0,50,0.0,0.05,3278.0,0.0,7.0,False
4345,1.0,7.0,15.0,0,100000,2.98,24,71,4,0,0,24,0.0,0.024,1573.44,0.0,7.0,False
4346,1.0,7.0,16.0,0,100000,2.98,22,68,2,0,0,22,0.0,0.022,1442.32,0.0,7.0,False
4347,1.0,7.0,17.0,0,100000,2.98,12,71,1,0,0,12,0.0,0.012,786.72,0.0,7.0,False
4348,1.0,7.0,18.0,0,100000,2.98,6,50,0,0,0,6,0.0,0.006,393.36,0.0,7.0,False
4349,1.0,7.0,19.0,0,100000,2.98,7,42,2,0,0,7,0.0,0.007,458.92,0.0,7.0,False
4350,1.0,7.0,1.0,0,100000,2.98,16936,10516,276,0,626,16310,0.0,16.936,1110324.16,0.0,7.0,False
4351,1.0,7.0,20.0,0,100000,2.98,4,35,0,0,0,4,0.0,0.004,262.24,0.0,7.0,False
4352,1.0,7.0,2.0,0,100000,2.98,6766,4487,119,0,349,6417,0.0,6.766,443578.96,0.0,7.0,False
4353,1.0,7.0,3.0,0,100000,2.98,3180,2392,65,0,163,3017,0.0,3.18,208480.8,0.0,7.0,False
4354,1.0,7.0,4.0,0,100000,2.98,1707,1399,18,0,92,1615,0.0,1.707,111910.92,0.0,7.0,False
4355,1.0,7.0,5.0,0,100000,2.98,991,955,22,0,47,944,0.0,0.991,64969.96,0.0,7.0,False
4356,1.0,7.0,6.0,0,100000,2.98,604,633,11,0,25,579,0.0,0.604,39598.24,0.0,7.0,False
4357,1.0,7.0,7.0,0,100000,2.98,361,480,10,0,12,349,0.0,0.361,23667.16,0.0,7.0,False
4358,1.0,7.0,8.0,0,100000,2.98,283,369,12,0,4,279,0.0,0.283,18553.48,0.0,7.0,False
4359,1.0,7.0,9.0,0,100000,2.98,188,267,6,0,4,184,0.0,0.188,12325.28,0.0,7.0,False
4360,1.0,8.0,10.0,0,100000,2.98,142,208,6,0,2,140,0.0,0.142,9309.52,0.0,8.0,False
4361,1.0,8.0,11.0,0,100000,2.98,77,182,4,0,6,71,0.0,0.077,5048.12,0.0,8.0,False
4362,1.0,8.0,12.0,0,100000,2.98,66,139,2,0,1,65,0.0,0.066,4326.96,0.0,8.0,False
4363,1.0,8.0,13.0,0,100000,2.98,39,111,4,0,1,38,0.0,0.039,2556.84,0.0,8.0,False
4364,1.0,8.0,14.0,0,100000,2.98,45,95,3,0,0,45,0.0,0.045,2950.2,0.0,8.0,False
4365,1.0,8.0,15.0,0,100000,2.98,34,75,2,0,0,34,0.0,0.034,2229.04,0.0,8.0,False
4366,1.0,8.0,16.0,0,100000,2.98,36,72,1,0,0,36,0.0,0.036,2360.16,0.0,8.0,False
4367,1.0,8.0,17.0,0,100000,2.98,12,72,1,0,0,12,0.0,0.012,786.72,0.0,8.0,False
4368,1.0,8.0,18.0,0,100000,2.98,9,56,0,0,0,9,0.0,0.009,590.04,0.0,8.0,False
4369,1.0,8.0,19.0,0,100000,2.98,6,54,0,0,0,6,0.0,0.006,393.36,0.0,8.0,False
4370,1.0,8.0,1.0,0,100000,2.98,17107,10712,243,0,627,16480,0.0,17.107,1121534.92,0.0,8.0,False
4371,1.0,8.0,20.0,0,100000,2.98,3,37,1,0,0,3,0.0,0.003,196.68,0.0,8.0,False
4372,1.0,8.0,2.0,0,100000,2.98,6626,4396,127,0,324,6302,0.0,6.626,434400.56,0.0,8.0,False
4373,1.0,8.0,3.0,0,100000,2.98,3212,2367,64,0,169,3043,0.0,3.212,210578.72,0.0,8.0,False
4374,1.0,8.0,4.0,0,100000,2.98,1760,1341,38,1,87,1672,0.001,1.76,115385.6,1.15,8.0,False
4375,1.0,8.0,5.0,0,100000,2.98,965,932,15,0,44,921,0.0,0.965,63265.4,0.0,8.0,False
4376,1.0,8.0,6.0,0,100000,2.98,612,651,9,0,27,585,0.0,0.612,40122.72,0.0,8.0,False
4377,1.0,8.0,7.0,0,100000,2.98,413,446,12,0,22,391,0.0,0.413,27076.28,0.0,8.0,False
4378,1.0,8.0,8.0,0,100000,2.98,272,357,10,1,6,265,0.001,0.272,17832.32,0.18,8.0,False
4379,1.0,8.0,9.0,0,100000,2.98,191,275,7,0,7,184,0.0,0.191,12521.96,0.0,8.0,False
4380,1.0,9.0,10.0,0,100000,2.98,139,235,3,0,1,138,0.0,0.139,9112.84,0.0,9.0,False
4381,1.0,9.0,11.0,0,100000,2.98,94,183,1,0,1,93,0.0,0.094,6162.64,0.0,9.0,False
4382,1.0,9.0,12.0,0,100000,2.98,86,134,3,0,0,86,0.0,0.086,5638.16,0.0,9.0,False
4383,1.0,9.0,13.0,0,100000,2.98,55,122,3,0,2,53,0.0,0.055,3605.8,0.0,9.0,False
4384,1.0,9.0,14.0,0,100000,2.98,38,99,2,0,2,36,0.0,0.038,2491.28,0.0,9.0,False
4385,1.0,9.0,15.0,0,100000,2.98,30,71,0,0,0,30,0.0,0.03,1966.8,0.0,9.0,False
4386,1.0,9.0,16.0,0,100000,2.98,19,75,1,0,1,18,0.0,0.019,1245.64,0.0,9.0,False
4387,1.0,9.0,17.0,0,100000,2.98,16,52,1,0,0,16,0.0,0.016,1048.96,0.0,9.0,False
4388,1.0,9.0,18.0,0,100000,2.98,15,59,3,0,1,14,0.0,0.015,983.4,0.0,9.0,False
4389,1.0,9.0,19.0,0,100000,2.98,15,39,1,0,0,15,0.0,0.015,983.4,0.0,9.0,False
4390,1.0,9.0,1.0,0,100000,2.98,16805,10721,279,0,608,16197,0.0,16.805,1101735.8,0.0,9.0,False
4391,1.0,9.0,20.0,0,100000,2.98,7,44,1,0,0,7,0.0,0.007,458.92,0.0,9.0,False
4392,1.0,9.0,2.0,0,100000,2.98,6840,4312,151,0,300,6540,0.0,6.84,448430.4,0.0,9.0,False
4393,1.0,9.0,3.0,0,100000,2.98,3192,2366,71,0,188,3004,0.0,3.192,209267.52,0.0,9.0,False
4394,1.0,9.0,4.0,0,100000,2.98,1726,1409,27,0,99,1627,0.0,1.726,113156.56,0.0,9.0,False
4395,1.0,9.0,5.0,0,100000,2.98,987,912,24,0,48,939,0.0,0.987,64707.72,0.0,9.0,False
4396,1.0,9.0,6.0,0,100000,2.98,591,667,14,0,28,563,0.0,0.591,38745.96,0.0,9.0,False
4397,1.0,9.0,7.0,0,100000,2.98,410,451,5,0,18,392,0.0,0.41,26879.6,0.0,9.0,False
4398,1.0,9.0,8.0,0,100000,2.98,286,335,10,0,12,274,0.0,0.286,18750.16,0.0,9.0,False
4399,1.0,9.0,9.0,0,100000,2.98,186,293,6,0,7,179,0.0,0.186,12194.16,0.0,9.0,False
4400,20.0,10.0,10.0,0,100000,2.98,286,284,9,38,110,138,0.038,0.286,18750.16,7.13,200.0,False
4401,20.0,10.0,11.0,0,100000,2.98,228,213,3,26,85,117,0.026,0.228,14947.68,3.89,200.0,False
4402,20.0,10.0,12.0,0,100000,2.98,203,200,2,28,71,104,0.028,0.203,13308.68,3.73,200.0,False
4403,20.0,10.0,13.0,0,100000,2.98,140,143,2,29,48,63,0.029,0.14,9178.4,2.66,200.0,False
4404,20.0,10.0,14.0,0,100000,2.98,114,138,4,19,37,58,0.019,0.114,7473.84,1.42,200.0,False
4405,20.0,10.0,15.0,0,100000,2.98,82,109,3,16,29,37,0.016,0.082,5375.92,0.86,200.0,False
4406,20.0,10.0,16.0,0,100000,2.98,72,113,0,10,24,38,0.01,0.072,4720.32,0.47,200.0,False
4407,20.0,10.0,17.0,0,100000,2.98,52,98,1,11,18,23,0.011,0.052,3409.12,0.38,200.0,False
4408,20.0,10.0,18.0,0,100000,2.98,44,73,2,7,18,19,0.007,0.044,2884.64,0.2,200.0,False
4409,20.0,10.0,19.0,0,100000,2.98,32,68,2,8,10,14,0.008,0.032,2097.92,0.17,200.0,False
4410,20.0,10.0,1.0,0,100000,2.98,17626,10566,310,1,926,16699,0.001,17.626,1155560.56,11.56,200.0,False
4411,20.0,10.0,20.0,0,100000,2.98,27,66,1,3,11,13,0.003,0.027,1770.12,0.05,200.0,False
4412,20.0,10.0,2.0,0,100000,2.98,7388,4470,156,9,714,6665,0.009,7.388,484357.28,43.59,200.0,False
4413,20.0,10.0,3.0,0,100000,2.98,3744,2401,81,19,587,3138,0.019,3.744,245456.64,46.64,200.0,False
4414,20.0,10.0,4.0,0,100000,2.98,2175,1484,46,27,417,1731,0.027,2.175,142593.0,38.5,200.0,False
4415,20.0,10.0,5.0,0,100000,2.98,1474,999,24,37,360,1077,0.037,1.474,96635.44,35.76,200.0,False
4416,20.0,10.0,6.0,0,100000,2.98,1021,670,16,42,280,699,0.042,1.021,66936.76,28.11,200.0,False
4417,20.0,10.0,7.0,0,100000,2.98,747,508,19,50,227,470,0.05,0.747,48973.32,24.49,200.0,False
4418,20.0,10.0,8.0,0,100000,2.98,513,400,19,33,157,323,0.033,0.513,33632.28,11.1,200.0,False
4419,20.0,10.0,9.0,0,100000,2.98,379,348,9,38,129,212,0.038,0.379,24847.24,9.44,200.0,False
4420,20.0,11.0,10.0,0,100000,2.98,315,239,8,48,113,154,0.048,0.315,20651.4,9.91,220.0,False
4421,20.0,11.0,11.0,0,100000,2.98,222,218,4,25,90,107,0.025,0.222,14554.32,3.64,220.0,False
4422,20.0,11.0,12.0,0,100000,2.98,193,193,6,29,82,82,0.029,0.193,12653.08,3.67,220.0,False
4423,20.0,11.0,13.0,0,100000,2.98,143,190,9,30,48,65,0.03,0.143,9375.08,2.81,220.0,False
4424,20.0,11.0,14.0,0,100000,2.98,139,120,3,33,56,50,0.033,0.139,9112.84,3.01,220.0,False
4425,20.0,11.0,15.0,0,100000,2.98,94,113,4,26,32,36,0.026,0.094,6162.64,1.6,220.0,False
4426,20.0,11.0,16.0,0,100000,2.98,76,123,2,21,28,27,0.021,0.076,4982.56,1.05,220.0,False
4427,20.0,11.0,17.0,0,100000,2.98,61,90,1,13,20,28,0.013,0.061,3999.16,0.52,220.0,False
4428,20.0,11.0,18.0,0,100000,2.98,46,92,0,6,17,23,0.006,0.046,3015.76,0.18,220.0,False
4429,20.0,11.0,19.0,0,100000,2.98,47,61,0,8,18,21,0.008,0.047,3081.32,0.25,220.0,False
4430,20.0,11.0,1.0,0,100000,2.98,17323,10609,326,1,858,16464,0.001,17.323,1135695.88,11.36,220.0,False
4431,20.0,11.0,20.0,0,100000,2.98,30,58,0,7,11,12,0.007,0.03,1966.8,0.14,220.0,False
4432,20.0,11.0,2.0,0,100000,2.98,7117,4567,141,4,714,6399,0.004,7.117,466590.52,18.66,220.0,False
4433,20.0,11.0,3.0,0,100000,2.98,3769,2336,68,27,568,3174,0.027,3.769,247095.64,66.72,220.0,False
4434,20.0,11.0,4.0,0,100000,2.98,2187,1420,39,21,414,1752,0.021,2.187,143379.72,30.11,220.0,False
4435,20.0,11.0,5.0,0,100000,2.98,1470,972,27,36,331,1103,0.036,1.47,96373.2,34.69,220.0,False
4436,20.0,11.0,6.0,0,100000,2.98,1001,677,19,60,273,668,0.06,1.001,65625.56,39.38,220.0,False
4437,20.0,11.0,7.0,0,100000,2.98,719,568,17,42,227,450,0.042,0.719,47137.64,19.8,220.0,False
4438,20.0,11.0,8.0,0,100000,2.98,568,424,8,39,195,334,0.039,0.568,37238.08,14.52,220.0,False
4439,20.0,11.0,9.0,0,100000,2.98,380,320,6,41,126,213,0.041,0.38,24912.8,10.21,220.0,False
4440,20.0,12.0,10.0,0,100000,2.98,299,261,8,24,116,159,0.024,0.299,19602.44,4.7,240.0,False
4441,20.0,12.0,11.0,0,100000,2.98,247,238,2,35,84,128,0.035,0.247,16193.32,5.67,240.0,False
4442,20.0,12.0,12.0,0,100000,2.98,215,207,4,36,92,87,0.036,0.215,14095.4,5.07,240.0,False
4443,20.0,12.0,13.0,0,100000,2.98,163,161,3,34,60,69,0.034,0.163,10686.28,3.63,240.0,False
4444,20.0,12.0,14.0,0,100000,2.98,125,154,6,22,59,44,0.022,0.125,8195.0,1.8,240.0,False
4445,20.0,12.0,15.0,0,100000,2.98,93,131,3,14,41,38,0.014,0.093,6097.08,0.85,240.0,False
4446,20.0,12.0,16.0,0,100000,2.98,86,131,3,18,26,42,0.018,0.086,5638.16,1.01,240.0,False
4447,20.0,12.0,17.0,0,100000,2.98,66,92,1,17,25,24,0.017,0.066,4326.96,0.74,240.0,False
4448,20.0,12.0,18.0,0,100000,2.98,59,97,2,16,24,19,0.016,0.059,3868.04,0.62,240.0,False
4449,20.0,12.0,19.0,0,100000,2.98,41,98,1,11,15,15,0.011,0.041,2687.96,0.3,240.0,False
4450,20.0,12.0,1.0,0,100000,2.98,17315,10676,305,1,872,16442,0.001,17.315,1135171.4,11.35,240.0,False
4451,20.0,12.0,20.0,0,100000,2.98,36,68,2,10,12,14,0.01,0.036,2360.16,0.24,240.0,False
4452,20.0,12.0,2.0,0,100000,2.98,7155,4608,142,6,705,6444,0.006,7.155,469081.8,28.14,240.0,False
4453,20.0,12.0,3.0,0,100000,2.98,3782,2462,88,18,599,3165,0.018,3.782,247947.92,44.63,240.0,False
4454,20.0,12.0,4.0,0,100000,2.98,2178,1454,54,30,438,1710,0.03,2.178,142789.68,42.84,240.0,False
4455,20.0,12.0,5.0,0,100000,2.98,1400,905,27,33,361,1006,0.033,1.4,91784.0,30.29,240.0,False
4456,20.0,12.0,6.0,0,100000,2.98,1027,685,13,54,292,681,0.054,1.027,67330.12,36.36,240.0,False
4457,20.0,12.0,7.0,0,100000,2.98,753,514,16,50,213,490,0.05,0.753,49366.68,24.68,240.0,False
4458,20.0,12.0,8.0,0,100000,2.98,564,404,15,57,186,321,0.057,0.564,36975.84,21.08,240.0,False
4459,20.0,12.0,9.0,0,100000,2.98,415,337,10,49,134,232,0.049,0.415,27207.4,13.33,240.0,False
4460,20.0,13.0,10.0,0,100000,2.98,336,251,2,42,139,155,0.042,0.336,22028.16,9.25,260.0,False
4461,20.0,13.0,11.0,0,100000,2.98,254,219,4,37,109,108,0.037,0.254,16652.24,6.16,260.0,False
4462,20.0,13.0,12.0,0,100000,2.98,189,188,4,31,67,91,0.031,0.189,12390.84,3.84,260.0,False
4463,20.0,13.0,13.0,0,100000,2.98,146,175,5,29,52,65,0.029,0.146,9571.76,2.78,260.0,False
4464,20.0,13.0,14.0,0,100000,2.98,121,135,3,22,41,58,0.022,0.121,7932.76,1.75,260.0,False
4465,20.0,13.0,15.0,0,100000,2.98,105,109,3,18,40,47,0.018,0.105,6883.8,1.24,260.0,False
4466,20.0,13.0,16.0,0,100000,2.98,83,122,3,14,35,34,0.014,0.083,5441.48,0.76,260.0,False
4467,20.0,13.0,17.0,0,100000,2.98,72,90,1,16,30,26,0.016,0.072,4720.32,0.76,260.0,False
4468,20.0,13.0,18.0,0,100000,2.98,56,79,4,16,24,16,0.016,0.056,3671.36,0.59,260.0,False
4469,20.0,13.0,19.0,0,100000,2.98,38,63,2,10,15,13,0.01,0.038,2491.28,0.25,260.0,False
4470,20.0,13.0,1.0,0,100000,2.98,17531,10801,313,1,891,16639,0.001,17.531,1149332.36,11.49,260.0,False
4471,20.0,13.0,20.0,0,100000,2.98,35,54,0,14,10,11,0.014,0.035,2294.6,0.32,260.0,False
4472,20.0,13.0,2.0,0,100000,2.98,7394,4468,151,8,707,6679,0.008,7.394,484750.64,38.78,260.0,False
4473,20.0,13.0,3.0,0,100000,2.98,3844,2342,69,20,626,3198,0.02,3.844,252012.64,50.4,260.0,False
4474,20.0,13.0,4.0,0,100000,2.98,2250,1467,45,39,397,1814,0.039,2.25,147510.0,57.53,260.0,False
4475,20.0,13.0,5.0,0,100000,2.98,1557,984,27,35,370,1152,0.035,1.557,102076.92,35.73,260.0,False
4476,20.0,13.0,6.0,0,100000,2.98,1025,700,18,58,267,700,0.058,1.025,67199.0,38.98,260.0,False
4477,20.0,13.0,7.0,0,100000,2.98,722,511,8,43,219,460,0.043,0.722,47334.32,20.35,260.0,False
4478,20.0,13.0,8.0,0,100000,2.98,547,390,15,58,177,312,0.058,0.547,35861.32,20.8,260.0,False
4479,20.0,13.0,9.0,0,100000,2.98,425,338,10,49,140,236,0.049,0.425,27863.0,13.65,260.0,False
4480,20.0,14.0,10.0,0,100000,2.98,336,272,6,48,107,181,0.048,0.336,22028.16,10.57,280.0,False
4481,20.0,14.0,11.0,0,100000,2.98,258,224,4,47,102,109,0.047,0.258,16914.48,7.95,280.0,False
4482,20.0,14.0,12.0,0,100000,2.98,204,242,10,38,73,93,0.038,0.204,13374.24,5.08,280.0,False
4483,20.0,14.0,13.0,0,100000,2.98,165,153,4,40,60,65,0.04,0.165,10817.4,4.33,280.0,False
4484,20.0,14.0,14.0,0,100000,2.98,143,172,2,22,57,64,0.022,0.143,9375.08,2.06,280.0,False
4485,20.0,14.0,15.0,0,100000,2.98,124,135,3,32,44,48,0.032,0.124,8129.44,2.6,280.0,False
4486,20.0,14.0,16.0,0,100000,2.98,82,103,1,19,32,31,0.019,0.082,5375.92,1.02,280.0,False
4487,20.0,14.0,17.0,0,100000,2.98,63,90,1,17,28,18,0.017,0.063,4130.28,0.7,280.0,False
4488,20.0,14.0,18.0,0,100000,2.98,56,91,4,17,15,24,0.017,0.056,3671.36,0.62,280.0,False
4489,20.0,14.0,19.0,0,100000,2.98,43,72,1,12,18,13,0.012,0.043,2819.08,0.34,280.0,False
4490,20.0,14.0,1.0,0,100000,2.98,17618,10681,301,0,934,16684,0.0,17.618,1155036.08,0.0,280.0,False
4491,20.0,14.0,20.0,0,100000,2.98,30,73,0,11,13,6,0.011,0.03,1966.8,0.22,280.0,False
4492,20.0,14.0,2.0,0,100000,2.98,7179,4465,150,4,736,6439,0.004,7.179,470655.24,18.83,280.0,False
4493,20.0,14.0,3.0,0,100000,2.98,3838,2376,60,19,612,3207,0.019,3.838,251619.28,47.81,280.0,False
4494,20.0,14.0,4.0,0,100000,2.98,2298,1457,50,35,443,1820,0.035,2.298,150656.88,52.73,280.0,False
4495,20.0,14.0,5.0,0,100000,2.98,1433,963,12,52,348,1033,0.052,1.433,93947.48,48.85,280.0,False
4496,20.0,14.0,6.0,0,100000,2.98,1033,732,18,52,287,694,0.052,1.033,67723.48,35.22,280.0,False
4497,20.0,14.0,7.0,0,100000,2.98,725,508,17,43,218,464,0.043,0.725,47531.0,20.44,280.0,False
4498,20.0,14.0,8.0,0,100000,2.98,577,422,10,52,210,315,0.052,0.577,37828.12,19.67,280.0,False
4499,20.0,14.0,9.0,0,100000,2.98,426,318,10,37,166,223,0.037,0.426,27928.56,10.33,280.0,False
4500,20.0,15.0,10.0,0,100000,2.98,326,262,7,41,120,165,0.041,0.326,21372.56,8.76,300.0,False
4501,20.0,15.0,11.0,0,100000,2.98,259,205,4,42,96,121,0.042,0.259,16980.04,7.13,300.0,False
4502,20.0,15.0,12.0,0,100000,2.98,229,193,5,39,91,99,0.039,0.229,15013.24,5.86,300.0,False
4503,20.0,15.0,13.0,0,100000,2.98,184,200,2,37,76,71,0.037,0.184,12063.04,4.46,300.0,False
4504,20.0,15.0,14.0,0,100000,2.98,126,144,3,30,51,45,0.03,0.126,8260.56,2.48,300.0,False
4505,20.0,15.0,15.0,0,100000,2.98,109,121,5,22,51,36,0.022,0.109,7146.04,1.57,300.0,False
4506,20.0,15.0,16.0,0,100000,2.98,97,111,2,24,36,37,0.024,0.097,6359.32,1.53,300.0,False
4507,20.0,15.0,17.0,0,100000,2.98,74,91,2,11,29,34,0.011,0.074,4851.44,0.53,300.0,False
4508,20.0,15.0,18.0,0,100000,2.98,52,96,1,13,20,19,0.013,0.052,3409.12,0.44,300.0,False
4509,20.0,15.0,19.0,0,100000,2.98,54,73,6,14,24,16,0.014,0.054,3540.24,0.5,300.0,False
4510,20.0,15.0,1.0,0,100000,2.98,17492,10638,311,0,884,16608,0.0,17.492,1146775.52,0.0,300.0,False
4511,20.0,15.0,20.0,0,100000,2.98,42,77,1,9,20,13,0.009,0.042,2753.52,0.25,300.0,False
4512,20.0,15.0,2.0,0,100000,2.98,7272,4469,146,7,706,6559,0.007,7.272,476752.32,33.37,300.0,False
4513,20.0,15.0,3.0,0,100000,2.98,3827,2404,61,17,564,3246,0.017,3.827,250898.12,42.65,300.0,False
4514,20.0,15.0,4.0,0,100000,2.98,2361,1485,47,31,500,1830,0.031,2.361,154787.16,47.98,300.0,False
4515,20.0,15.0,5.0,0,100000,2.98,1428,951,21,42,368,1018,0.042,1.428,93619.68,39.32,300.0,False
4516,20.0,15.0,6.0,0,100000,2.98,1013,679,20,49,278,686,0.049,1.013,66412.28,32.54,300.0,False
4517,20.0,15.0,7.0,0,100000,2.98,736,530,17,50,235,451,0.05,0.736,48252.16,24.13,300.0,False
4518,20.0,15.0,8.0,0,100000,2.98,601,434,22,51,203,347,0.051,0.601,39401.56,20.09,300.0,False
4519,20.0,15.0,9.0,0,100000,2.98,435,308,5,50,161,224,0.05,0.435,28518.6,14.26,300.0,False
4520,20.0,16.0,10.0,0,100000,2.98,346,297,7,49,134,163,0.049,0.346,22683.76,11.12,320.0,False
4521,20.0,16.0,11.0,0,100000,2.98,269,226,5,36,105,128,0.036,0.269,17635.64,6.35,320.0,False
4522,20.0,16.0,12.0,0,100000,2.98,215,183,6,37,90,88,0.037,0.215,14095.4,5.22,320.0,False
4523,20.0,16.0,13.0,0,100000,2.98,173,182,3,37,51,85,0.037,0.173,11341.88,4.2,320.0,False
4524,20.0,16.0,14.0,0,100000,2.98,139,130,3,26,67,46,0.026,0.139,9112.84,2.37,320.0,False
4525,20.0,16.0,15.0,0,100000,2.98,110,104,1,19,50,41,0.019,0.11,7211.6,1.37,320.0,False
4526,20.0,16.0,16.0,0,100000,2.98,98,101,2,22,41,35,0.022,0.098,6424.88,1.41,320.0,False
4527,20.0,16.0,17.0,0,100000,2.98,79,113,7,22,29,28,0.022,0.079,5179.24,1.14,320.0,False
4528,20.0,16.0,18.0,0,100000,2.98,61,89,3,16,23,22,0.016,0.061,3999.16,0.64,320.0,False
4529,20.0,16.0,19.0,0,100000,2.98,49,84,1,10,23,16,0.01,0.049,3212.44,0.32,320.0,False
4530,20.0,16.0,1.0,0,100000,2.98,17614,10667,309,0,906,16708,0.0,17.614,1154773.84,0.0,320.0,False
4531,20.0,16.0,20.0,0,100000,2.98,44,73,1,8,20,16,0.008,0.044,2884.64,0.23,320.0,False
4532,20.0,16.0,2.0,0,100000,2.98,7265,4579,137,8,753,6504,0.008,7.265,476293.4,38.1,320.0,False
4533,20.0,16.0,3.0,0,100000,2.98,3761,2287,62,20,567,3174,0.02,3.761,246571.16,49.31,320.0,False
4534,20.0,16.0,4.0,0,100000,2.98,2297,1472,53,27,430,1840,0.027,2.297,150591.32,40.66,320.0,False
4535,20.0,16.0,5.0,0,100000,2.98,1482,943,26,47,363,1072,0.047,1.482,97159.92,45.67,320.0,False
4536,20.0,16.0,6.0,0,100000,2.98,1027,688,22,59,284,684,0.059,1.027,67330.12,39.72,320.0,False
4537,20.0,16.0,7.0,0,100000,2.98,795,540,14,50,239,506,0.05,0.795,52120.2,26.06,320.0,False
4538,20.0,16.0,8.0,0,100000,2.98,582,420,14,51,215,316,0.051,0.582,38155.92,19.46,320.0,False
4539,20.0,16.0,9.0,0,100000,2.98,427,335,14,49,141,237,0.049,0.427,27994.12,13.72,320.0,False
4540,20.0,17.0,10.0,0,100000,2.98,346,260,12,51,121,174,0.051,0.346,22683.76,11.57,340.0,False
4541,20.0,17.0,11.0,0,100000,2.98,299,262,2,40,127,132,0.04,0.299,19602.44,7.84,340.0,False
4542,20.0,17.0,12.0,0,100000,2.98,221,200,8,37,88,96,0.037,0.221,14488.76,5.36,340.0,False
4543,20.0,17.0,13.0,0,100000,2.98,178,180,6,33,66,79,0.033,0.178,11669.68,3.85,340.0,False
4544,20.0,17.0,14.0,0,100000,2.98,139,146,3,25,60,54,0.025,0.139,9112.84,2.28,340.0,False
4545,20.0,17.0,15.0,0,100000,2.98,116,135,2,23,46,47,0.023,0.116,7604.96,1.75,340.0,False
4546,20.0,17.0,16.0,0,100000,2.98,88,123,5,19,35,34,0.019,0.088,5769.28,1.1,340.0,False
4547,20.0,17.0,17.0,0,100000,2.98,84,110,1,15,35,34,0.015,0.084,5507.04,0.83,340.0,False
4548,20.0,17.0,18.0,0,100000,2.98,70,102,1,14,38,18,0.014,0.07,4589.2,0.64,340.0,False
4549,20.0,17.0,19.0,0,100000,2.98,51,82,0,19,19,13,0.019,0.051,3343.56,0.64,340.0,False
4550,20.0,17.0,1.0,0,100000,2.98,17534,10749,313,0,888,16646,0.0,17.534,1149529.04,0.0,340.0,False
4551,20.0,17.0,20.0,0,100000,2.98,28,72,3,8,12,8,0.008,0.028,1835.68,0.15,340.0,False
4552,20.0,17.0,2.0,0,100000,2.98,7328,4630,149,12,710,6606,0.012,7.328,480423.68,57.65,340.0,False
4553,20.0,17.0,3.0,0,100000,2.98,3778,2258,66,16,587,3175,0.016,3.778,247685.68,39.63,340.0,False
4554,20.0,17.0,4.0,0,100000,2.98,2288,1461,52,29,441,1818,0.029,2.288,150001.28,43.5,340.0,False
4555,20.0,17.0,5.0,0,100000,2.98,1470,991,32,43,356,1071,0.043,1.47,96373.2,41.44,340.0,False
4556,20.0,17.0,6.0,0,100000,2.98,1030,684,19,57,288,685,0.057,1.03,67526.8,38.49,340.0,False
4557,20.0,17.0,7.0,0,100000,2.98,773,528,15,59,230,484,0.059,0.773,50677.88,29.9,340.0,False
4558,20.0,17.0,8.0,0,100000,2.98,528,419,17,59,167,302,0.059,0.528,34615.68,20.42,340.0,False
4559,20.0,17.0,9.0,0,100000,2.98,448,318,9,53,170,225,0.053,0.448,29370.88,15.57,340.0,False
4560,20.0,18.0,10.0,0,100000,2.98,348,294,7,56,133,159,0.056,0.348,22814.88,12.78,360.0,False
4561,20.0,18.0,11.0,0,100000,2.98,243,233,9,44,83,116,0.044,0.243,15931.08,7.01,360.0,False
4562,20.0,18.0,12.0,0,100000,2.98,225,199,4,37,103,85,0.037,0.225,14751.0,5.46,360.0,False
4563,20.0,18.0,13.0,0,100000,2.98,166,168,4,38,76,52,0.038,0.166,10882.96,4.14,360.0,False
4564,20.0,18.0,14.0,0,100000,2.98,153,127,1,32,52,69,0.032,0.153,10030.68,3.21,360.0,False
4565,20.0,18.0,15.0,0,100000,2.98,95,121,1,24,35,36,0.024,0.095,6228.2,1.49,360.0,False
4566,20.0,18.0,16.0,0,100000,2.98,90,129,3,24,41,25,0.024,0.09,5900.4,1.42,360.0,False
4567,20.0,18.0,17.0,0,100000,2.98,90,91,1,21,34,35,0.021,0.09,5900.4,1.24,360.0,False
4568,20.0,18.0,18.0,0,100000,2.98,79,114,0,24,33,22,0.024,0.079,5179.24,1.24,360.0,False
4569,20.0,18.0,19.0,0,100000,2.98,51,100,2,13,22,16,0.013,0.051,3343.56,0.43,360.0,False
4570,20.0,18.0,1.0,0,100000,2.98,17452,10647,330,0,859,16593,0.0,17.452,1144153.12,0.0,360.0,False
4571,20.0,18.0,20.0,0,100000,2.98,41,74,1,10,18,13,0.01,0.041,2687.96,0.27,360.0,False
4572,20.0,18.0,2.0,0,100000,2.98,7271,4619,126,8,731,6532,0.008,7.271,476686.76,38.13,360.0,False
4573,20.0,18.0,3.0,0,100000,2.98,3778,2361,77,19,576,3183,0.019,3.778,247685.68,47.06,360.0,False
4574,20.0,18.0,4.0,0,100000,2.98,2318,1407,34,31,451,1836,0.031,2.318,151968.08,47.11,360.0,False
4575,20.0,18.0,5.0,0,100000,2.98,1447,961,19,42,363,1042,0.042,1.447,94865.32,39.84,360.0,False
4576,20.0,18.0,6.0,0,100000,2.98,1022,675,18,54,263,705,0.054,1.022,67002.32,36.18,360.0,False
4577,20.0,18.0,7.0,0,100000,2.98,727,508,17,43,213,471,0.043,0.727,47662.12,20.49,360.0,False
4578,20.0,18.0,8.0,0,100000,2.98,548,390,12,53,179,316,0.053,0.548,35926.88,19.04,360.0,False
4579,20.0,18.0,9.0,0,100000,2.98,452,348,9,63,156,233,0.063,0.452,29633.12,18.67,360.0,False
4580,20.0,19.0,10.0,0,100000,2.98,339,284,6,57,111,171,0.057,0.339,22224.84,12.67,380.0,False
4581,20.0,19.0,11.0,0,100000,2.98,271,208,4,47,98,126,0.047,0.271,17766.76,8.35,380.0,False
4582,20.0,19.0,12.0,0,100000,2.98,206,217,2,31,87,88,0.031,0.206,13505.36,4.19,380.0,False
4583,20.0,19.0,13.0,0,100000,2.98,180,196,5,41,73,66,0.041,0.18,11800.8,4.84,380.0,False
4584,20.0,19.0,14.0,0,100000,2.98,165,133,6,31,82,52,0.031,0.165,10817.4,3.35,380.0,False
4585,20.0,19.0,15.0,0,100000,2.98,126,157,0,30,52,44,0.03,0.126,8260.56,2.48,380.0,False
4586,20.0,19.0,16.0,0,100000,2.98,94,122,5,27,41,26,0.027,0.094,6162.64,1.66,380.0,False
4587,20.0,19.0,17.0,0,100000,2.98,76,108,1,19,30,27,0.019,0.076,4982.56,0.95,380.0,False
4588,20.0,19.0,18.0,0,100000,2.98,67,104,6,22,28,17,0.022,0.067,4392.52,0.97,380.0,False
4589,20.0,19.0,19.0,0,100000,2.98,55,76,2,19,26,10,0.019,0.055,3605.8,0.69,380.0,False
4590,20.0,19.0,1.0,0,100000,2.98,17552,10749,303,0,876,16676,0.0,17.552,1150709.12,0.0,380.0,False
4591,20.0,19.0,20.0,0,100000,2.98,38,91,2,15,16,7,0.015,0.038,2491.28,0.37,380.0,False
4592,20.0,19.0,2.0,0,100000,2.98,7207,4524,136,8,745,6454,0.008,7.207,472490.92,37.8,380.0,False
4593,20.0,19.0,3.0,0,100000,2.98,3758,2439,77,19,545,3194,0.019,3.758,246374.48,46.81,380.0,False
4594,20.0,19.0,4.0,0,100000,2.98,2238,1491,45,26,404,1808,0.026,2.238,146723.28,38.15,380.0,False
4595,20.0,19.0,5.0,0,100000,2.98,1466,910,35,44,367,1055,0.044,1.466,96110.96,42.29,380.0,False
4596,20.0,19.0,6.0,0,100000,2.98,1065,726,17,52,287,726,0.052,1.065,69821.4,36.31,380.0,False
4597,20.0,19.0,7.0,0,100000,2.98,770,512,15,54,245,471,0.054,0.77,50481.2,27.26,380.0,False
4598,20.0,19.0,8.0,0,100000,2.98,582,433,12,76,187,319,0.076,0.582,38155.92,29.0,380.0,False
4599,20.0,19.0,9.0,0,100000,2.98,396,352,16,41,161,194,0.041,0.396,25961.76,10.64,380.0,False
4600,20.0,1.0,10.0,0,100000,2.98,131,203,5,0,1,130,0.0,0.131,8588.36,0.0,20.0,False
4601,20.0,1.0,11.0,0,100000,2.98,82,169,2,0,1,81,0.0,0.082,5375.92,0.0,20.0,False
4602,20.0,1.0,12.0,0,100000,2.98,61,156,0,0,1,60,0.0,0.061,3999.16,0.0,20.0,False
4603,20.0,1.0,13.0,0,100000,2.98,51,121,2,0,3,48,0.0,0.051,3343.56,0.0,20.0,False
4604,20.0,1.0,14.0,0,100000,2.98,43,87,0,0,2,41,0.0,0.043,2819.08,0.0,20.0,False
4605,20.0,1.0,15.0,0,100000,2.98,38,76,0,0,1,37,0.0,0.038,2491.28,0.0,20.0,False
4606,20.0,1.0,16.0,0,100000,2.98,23,60,0,0,1,22,0.0,0.023,1507.88,0.0,20.0,False
4607,20.0,1.0,17.0,0,100000,2.98,19,45,2,0,1,18,0.0,0.019,1245.64,0.0,20.0,False
4608,20.0,1.0,18.0,0,100000,2.98,19,52,2,0,1,18,0.0,0.019,1245.64,0.0,20.0,False
4609,20.0,1.0,19.0,0,100000,2.98,6,39,2,0,0,6,0.0,0.006,393.36,0.0,20.0,False
4610,20.0,1.0,1.0,0,100000,2.98,16913,10571,265,0,586,16327,0.0,16.913,1108816.28,0.0,20.0,False
4611,20.0,1.0,20.0,0,100000,2.98,6,36,1,0,1,5,0.0,0.006,393.36,0.0,20.0,False
4612,20.0,1.0,2.0,0,100000,2.98,6687,4447,119,0,361,6326,0.0,6.687,438399.72,0.0,20.0,False
4613,20.0,1.0,3.0,0,100000,2.98,3245,2304,59,0,168,3077,0.0,3.245,212742.2,0.0,20.0,False
4614,20.0,1.0,4.0,0,100000,2.98,1724,1396,38,0,88,1636,0.0,1.724,113025.44,0.0,20.0,False
4615,20.0,1.0,5.0,0,100000,2.98,1020,810,21,1,56,963,0.001,1.02,66871.2,0.67,20.0,False
4616,20.0,1.0,6.0,0,100000,2.98,690,621,11,0,36,654,0.0,0.69,45236.4,0.0,20.0,False
4617,20.0,1.0,7.0,0,100000,2.98,398,444,7,0,22,376,0.0,0.398,26092.88,0.0,20.0,False
4618,20.0,1.0,8.0,0,100000,2.98,277,347,10,0,11,266,0.0,0.277,18160.12,0.0,20.0,False
4619,20.0,1.0,9.0,0,100000,2.98,205,260,4,0,6,199,0.0,0.205,13439.8,0.0,20.0,False
4620,20.0,20.0,10.0,0,100000,2.98,331,309,9,54,126,151,0.054,0.331,21700.36,11.72,400.0,True
4621,20.0,20.0,11.0,0,100000,2.98,280,223,8,45,108,127,0.045,0.28,18356.8,8.26,400.0,True
4622,20.0,20.0,12.0,0,100000,2.98,214,207,2,33,95,86,0.033,0.214,14029.84,4.63,400.0,True
4623,20.0,20.0,13.0,0,100000,2.98,185,178,4,38,69,78,0.038,0.185,12128.6,4.61,400.0,True
4624,20.0,20.0,14.0,0,100000,2.98,160,142,1,38,64,58,0.038,0.16,10489.6,3.99,400.0,True
4625,20.0,20.0,15.0,0,100000,2.98,105,148,1,23,44,38,0.023,0.105,6883.8,1.58,400.0,True
4626,20.0,20.0,16.0,0,100000,2.98,89,121,1,23,37,29,0.023,0.089,5834.84,1.34,400.0,True
4627,20.0,20.0,17.0,0,100000,2.98,77,112,1,23,31,23,0.023,0.077,5048.12,1.16,400.0,True
4628,20.0,20.0,18.0,0,100000,2.98,71,89,3,20,29,22,0.02,0.071,4654.76,0.93,400.0,True
4629,20.0,20.0,19.0,0,100000,2.98,46,73,1,12,16,18,0.012,0.046,3015.76,0.36,400.0,True
4630,20.0,20.0,1.0,0,100000,2.98,17496,10617,316,0,884,16612,0.0,17.496,1147037.76,0.0,400.0,True
4631,20.0,20.0,20.0,0,100000,2.98,46,87,3,12,13,21,0.012,0.046,3015.76,0.36,400.0,True
4632,20.0,20.0,2.0,0,100000,2.98,7377,4430,148,7,721,6649,0.007,7.377,483636.12,33.85,400.0,True
4633,20.0,20.0,3.0,0,100000,2.98,3791,2278,74,14,549,3228,0.014,3.791,248537.96,34.8,400.0,True
4634,20.0,20.0,4.0,0,100000,2.98,2277,1503,49,30,436,1811,0.03,2.277,149280.12,44.78,400.0,True
4635,20.0,20.0,5.0,0,100000,2.98,1485,999,30,32,387,1066,0.032,1.485,97356.6,31.15,400.0,True
4636,20.0,20.0,6.0,0,100000,2.98,1094,748,25,49,325,720,0.049,1.094,71722.64,35.14,400.0,True
4637,20.0,20.0,7.0,0,100000,2.98,745,547,20,41,237,467,0.041,0.745,48842.2,20.03,400.0,True
4638,20.0,20.0,8.0,0,100000,2.98,583,405,12,59,221,303,0.059,0.583,38221.48,22.55,400.0,True
4639,20.0,20.0,9.0,0,100000,2.98,433,319,12,61,161,211,0.061,0.433,28387.48,17.32,400.0,True
4640,20.0,2.0,10.0,0,100000,2.98,116,198,6,0,15,101,0.0,0.116,7604.96,0.0,40.0,False
4641,20.0,2.0,11.0,0,100000,2.98,90,164,6,0,10,80,0.0,0.09,5900.4,0.0,40.0,False
4642,20.0,2.0,12.0,0,100000,2.98,70,144,3,0,5,65,0.0,0.07,4589.2,0.0,40.0,False
4643,20.0,2.0,13.0,0,100000,2.98,42,118,9,0,2,40,0.0,0.042,2753.52,0.0,40.0,False
4644,20.0,2.0,14.0,0,100000,2.98,34,101,4,0,1,33,0.0,0.034,2229.04,0.0,40.0,False
4645,20.0,2.0,15.0,0,100000,2.98,24,81,1,0,3,21,0.0,0.024,1573.44,0.0,40.0,False
4646,20.0,2.0,16.0,0,100000,2.98,21,70,2,0,2,19,0.0,0.021,1376.76,0.0,40.0,False
4647,20.0,2.0,17.0,0,100000,2.98,13,74,1,0,0,13,0.0,0.013,852.28,0.0,40.0,False
4648,20.0,2.0,18.0,0,100000,2.98,7,55,3,0,0,7,0.0,0.007,458.92,0.0,40.0,False
4649,20.0,2.0,19.0,0,100000,2.98,7,43,2,0,1,6,0.0,0.007,458.92,0.0,40.0,False
4650,20.0,2.0,1.0,0,100000,2.98,17163,10550,292,0,819,16344,0.0,17.163,1125206.28,0.0,40.0,False
4651,20.0,2.0,20.0,0,100000,2.98,7,46,1,0,2,5,0.0,0.007,458.92,0.0,40.0,False
4652,20.0,2.0,2.0,0,100000,2.98,7040,4441,139,1,521,6518,0.001,7.04,461542.4,4.62,40.0,False
4653,20.0,2.0,3.0,0,100000,2.98,3443,2278,63,4,307,3132,0.004,3.443,225723.08,9.03,40.0,False
4654,20.0,2.0,4.0,0,100000,2.98,1820,1356,41,2,209,1609,0.002,1.82,119319.2,2.39,40.0,False
4655,20.0,2.0,5.0,0,100000,2.98,1055,894,18,3,109,943,0.003,1.055,69165.8,2.07,40.0,False
4656,20.0,2.0,6.0,0,100000,2.98,657,613,19,1,68,588,0.001,0.657,43072.92,0.43,40.0,False
4657,20.0,2.0,7.0,0,100000,2.98,427,481,15,2,42,383,0.002,0.427,27994.12,0.56,40.0,False
4658,20.0,2.0,8.0,0,100000,2.98,250,345,9,0,32,218,0.0,0.25,16390.0,0.0,40.0,False
4659,20.0,2.0,9.0,0,100000,2.98,198,287,9,3,25,170,0.003,0.198,12980.88,0.39,40.0,False
4660,20.0,3.0,10.0,0,100000,2.98,155,232,10,2,27,126,0.002,0.155,10161.8,0.2,60.0,False
4661,20.0,3.0,11.0,0,100000,2.98,83,198,4,0,15,68,0.0,0.083,5441.48,0.0,60.0,False
4662,20.0,3.0,12.0,0,100000,2.98,75,138,2,2,9,64,0.002,0.075,4917.0,0.1,60.0,False
4663,20.0,3.0,13.0,0,100000,2.98,64,121,3,1,8,55,0.001,0.064,4195.84,0.04,60.0,False
4664,20.0,3.0,14.0,0,100000,2.98,46,116,3,2,7,37,0.002,0.046,3015.76,0.06,60.0,False
4665,20.0,3.0,15.0,0,100000,2.98,25,103,2,0,5,20,0.0,0.025,1639.0,0.0,60.0,False
4666,20.0,3.0,16.0,0,100000,2.98,18,75,1,0,3,15,0.0,0.018,1180.08,0.0,60.0,False
4667,20.0,3.0,17.0,0,100000,2.98,17,71,2,0,3,14,0.0,0.017,1114.52,0.0,60.0,False
4668,20.0,3.0,18.0,0,100000,2.98,13,75,0,0,5,8,0.0,0.013,852.28,0.0,60.0,False
4669,20.0,3.0,19.0,0,100000,2.98,9,64,1,0,3,6,0.0,0.009,590.04,0.0,60.0,False
4670,20.0,3.0,1.0,0,100000,2.98,17278,10678,314,1,851,16426,0.001,17.278,1132745.68,11.33,60.0,False
4671,20.0,3.0,20.0,0,100000,2.98,3,46,3,0,1,2,0.0,0.003,196.68,0.0,60.0,False
4672,20.0,3.0,2.0,0,100000,2.98,7228,4583,138,1,619,6608,0.001,7.228,473867.68,4.74,60.0,False
4673,20.0,3.0,3.0,0,100000,2.98,3635,2335,70,6,422,3207,0.006,3.635,238310.6,14.3,60.0,False
4674,20.0,3.0,4.0,0,100000,2.98,2129,1408,44,10,323,1796,0.01,2.129,139577.24,13.96,60.0,False
4675,20.0,3.0,5.0,0,100000,2.98,1196,913,29,9,190,997,0.009,1.196,78409.76,7.06,60.0,False
4676,20.0,3.0,6.0,0,100000,2.98,733,613,12,9,127,597,0.009,0.733,48055.48,4.32,60.0,False
4677,20.0,3.0,7.0,0,100000,2.98,521,516,18,6,81,434,0.006,0.521,34156.76,2.05,60.0,False
4678,20.0,3.0,8.0,0,100000,2.98,339,357,13,6,62,271,0.006,0.339,22224.84,1.33,60.0,False
4679,20.0,3.0,9.0,0,100000,2.98,248,307,9,4,35,209,0.004,0.248,16258.88,0.65,60.0,False
4680,20.0,4.0,10.0,0,100000,2.98,215,238,4,3,51,161,0.003,0.215,14095.4,0.42,80.0,False
4681,20.0,4.0,11.0,0,100000,2.98,137,190,2,6,32,99,0.006,0.137,8981.72,0.54,80.0,False
4682,20.0,4.0,12.0,0,100000,2.98,116,171,3,5,27,84,0.005,0.116,7604.96,0.38,80.0,False
4683,20.0,4.0,13.0,0,100000,2.98,83,138,2,3,20,60,0.003,0.083,5441.48,0.16,80.0,False
4684,20.0,4.0,14.0,0,100000,2.98,45,111,2,3,12,30,0.003,0.045,2950.2,0.09,80.0,False
4685,20.0,4.0,15.0,0,100000,2.98,36,104,1,1,8,27,0.001,0.036,2360.16,0.02,80.0,False
4686,20.0,4.0,16.0,0,100000,2.98,29,80,2,0,5,24,0.0,0.029,1901.24,0.0,80.0,False
4687,20.0,4.0,17.0,0,100000,2.98,26,73,2,1,3,22,0.001,0.026,1704.56,0.02,80.0,False
4688,20.0,4.0,18.0,0,100000,2.98,26,59,0,0,4,22,0.0,0.026,1704.56,0.0,80.0,False
4689,20.0,4.0,19.0,0,100000,2.98,11,57,3,0,1,10,0.0,0.011,721.16,0.0,80.0,False
4690,20.0,4.0,1.0,0,100000,2.98,17472,10655,282,0,926,16546,0.0,17.472,1145464.32,0.0,80.0,False
4691,20.0,4.0,20.0,0,100000,2.98,7,48,1,0,0,7,0.0,0.007,458.92,0.0,80.0,False
4692,20.0,4.0,2.0,0,100000,2.98,7303,4526,129,4,725,6574,0.004,7.303,478784.68,19.15,80.0,False
4693,20.0,4.0,3.0,0,100000,2.98,3646,2326,83,11,460,3175,0.011,3.646,239031.76,26.29,80.0,False
4694,20.0,4.0,4.0,0,100000,2.98,2145,1433,39,15,358,1772,0.015,2.145,140626.2,21.09,80.0,False
4695,20.0,4.0,5.0,0,100000,2.98,1332,927,34,13,254,1065,0.013,1.332,87325.92,11.35,80.0,False
4696,20.0,4.0,6.0,0,100000,2.98,807,642,18,14,176,617,0.014,0.807,52906.92,7.41,80.0,False
4697,20.0,4.0,7.0,0,100000,2.98,545,495,20,7,131,407,0.007,0.545,35730.2,2.5,80.0,False
4698,20.0,4.0,8.0,0,100000,2.98,400,368,12,13,85,302,0.013,0.4,26224.0,3.41,80.0,False
4699,20.0,4.0,9.0,0,100000,2.98,282,315,3,8,66,208,0.008,0.282,18487.92,1.48,80.0,False
4700,20.0,5.0,10.0,0,100000,2.98,225,220,3,20,65,140,0.02,0.225,14751.0,2.95,100.0,False
4701,20.0,5.0,11.0,0,100000,2.98,172,222,6,11,46,115,0.011,0.172,11276.32,1.24,100.0,False
4702,20.0,5.0,12.0,0,100000,2.98,138,170,3,8,46,84,0.008,0.138,9047.28,0.72,100.0,False
4703,20.0,5.0,13.0,0,100000,2.98,84,149,4,2,34,48,0.002,0.084,5507.04,0.11,100.0,False
4704,20.0,5.0,14.0,0,100000,2.98,71,106,6,13,8,50,0.013,0.071,4654.76,0.61,100.0,False
4705,20.0,5.0,15.0,0,100000,2.98,64,103,3,6,12,46,0.006,0.064,4195.84,0.25,100.0,False
4706,20.0,5.0,16.0,0,100000,2.98,44,75,1,5,14,25,0.005,0.044,2884.64,0.14,100.0,False
4707,20.0,5.0,17.0,0,100000,2.98,31,72,1,4,4,23,0.004,0.031,2032.36,0.08,100.0,False
4708,20.0,5.0,18.0,0,100000,2.98,29,57,1,2,8,19,0.002,0.029,1901.24,0.04,100.0,False
4709,20.0,5.0,19.0,0,100000,2.98,15,44,0,0,4,11,0.0,0.015,983.4,0.0,100.0,False
4710,20.0,5.0,1.0,0,100000,2.98,17315,10603,348,0,891,16424,0.0,17.315,1135171.4,0.0,100.0,False
4711,20.0,5.0,20.0,0,100000,2.98,14,58,1,1,4,9,0.001,0.014,917.84,0.01,100.0,False
4712,20.0,5.0,2.0,0,100000,2.98,7295,4577,132,4,711,6580,0.004,7.295,478260.2,19.13,100.0,False
4713,20.0,5.0,3.0,0,100000,2.98,3540,2351,66,12,536,2992,0.012,3.54,232082.4,27.85,100.0,False
4714,20.0,5.0,4.0,0,100000,2.98,2216,1387,50,19,404,1793,0.019,2.216,145280.96,27.6,100.0,False
4715,20.0,5.0,5.0,0,100000,2.98,1351,959,37,15,269,1067,0.015,1.351,88571.56,13.29,100.0,False
4716,20.0,5.0,6.0,0,100000,2.98,888,648,12,18,227,643,0.018,0.888,58217.28,10.48,100.0,False
4717,20.0,5.0,7.0,0,100000,2.98,663,474,15,19,140,504,0.019,0.663,43466.28,8.26,100.0,False
4718,20.0,5.0,8.0,0,100000,2.98,450,413,18,15,105,330,0.015,0.45,29502.0,4.43,100.0,False
4719,20.0,5.0,9.0,0,100000,2.98,309,297,10,15,67,227,0.015,0.309,20258.04,3.04,100.0,False
4720,20.0,6.0,10.0,0,100000,2.98,243,244,6,8,69,166,0.008,0.243,15931.08,1.27,120.0,False
4721,20.0,6.0,11.0,0,100000,2.98,193,223,3,11,53,129,0.011,0.193,12653.08,1.39,120.0,False
4722,20.0,6.0,12.0,0,100000,2.98,129,177,1,9,37,83,0.009,0.129,8457.24,0.76,120.0,False
4723,20.0,6.0,13.0,0,100000,2.98,110,142,3,6,24,80,0.006,0.11,7211.6,0.43,120.0,False
4724,20.0,6.0,14.0,0,100000,2.98,68,126,3,6,25,37,0.006,0.068,4458.08,0.27,120.0,False
4725,20.0,6.0,15.0,0,100000,2.98,54,101,3,3,17,34,0.003,0.054,3540.24,0.11,120.0,False
4726,20.0,6.0,16.0,0,100000,2.98,33,97,3,1,7,25,0.001,0.033,2163.48,0.02,120.0,False
4727,20.0,6.0,17.0,0,100000,2.98,43,87,3,4,20,19,0.004,0.043,2819.08,0.11,120.0,False
4728,20.0,6.0,18.0,0,100000,2.98,31,74,1,1,12,18,0.001,0.031,2032.36,0.02,120.0,False
4729,20.0,6.0,19.0,0,100000,2.98,23,55,5,3,3,17,0.003,0.023,1507.88,0.05,120.0,False
4730,20.0,6.0,1.0,0,100000,2.98,17290,10702,313,1,887,16402,0.001,17.29,1133532.4,11.34,120.0,False
4731,20.0,6.0,20.0,0,100000,2.98,19,40,1,2,5,12,0.002,0.019,1245.64,0.02,120.0,False
4732,20.0,6.0,2.0,0,100000,2.98,7201,4512,155,5,653,6543,0.005,7.201,472097.56,23.6,120.0,False
4733,20.0,6.0,3.0,0,100000,2.98,3747,2405,81,8,496,3243,0.008,3.747,245653.32,19.65,120.0,False
4734,20.0,6.0,4.0,0,100000,2.98,2227,1439,46,18,426,1783,0.018,2.227,146002.12,26.28,120.0,False
4735,20.0,6.0,5.0,0,100000,2.98,1445,949,34,23,324,1098,0.023,1.445,94734.2,21.79,120.0,False
4736,20.0,6.0,6.0,0,100000,2.98,923,700,14,27,227,669,0.027,0.923,60511.88,16.34,120.0,False
4737,20.0,6.0,7.0,0,100000,2.98,625,460,9,23,166,436,0.023,0.625,40975.0,9.42,120.0,False
4738,20.0,6.0,8.0,0,100000,2.98,434,362,12,24,114,296,0.024,0.434,28453.04,6.83,120.0,False
4739,20.0,6.0,9.0,0,100000,2.98,333,328,9,22,92,219,0.022,0.333,21831.48,4.8,120.0,False
4740,20.0,7.0,10.0,0,100000,2.98,300,257,11,23,110,167,0.023,0.3,19668.0,4.52,140.0,False
4741,20.0,7.0,11.0,0,100000,2.98,210,203,12,18,59,133,0.018,0.21,13767.6,2.48,140.0,False
4742,20.0,7.0,12.0,0,100000,2.98,149,165,1,18,43,88,0.018,0.149,9768.44,1.76,140.0,False
4743,20.0,7.0,13.0,0,100000,2.98,106,147,2,10,28,68,0.01,0.106,6949.36,0.69,140.0,False
4744,20.0,7.0,14.0,0,100000,2.98,100,138,5,8,30,62,0.008,0.1,6556.0,0.52,140.0,False
4745,20.0,7.0,15.0,0,100000,2.98,75,115,5,10,28,37,0.01,0.075,4917.0,0.49,140.0,False
4746,20.0,7.0,16.0,0,100000,2.98,55,98,1,8,14,33,0.008,0.055,3605.8,0.29,140.0,False
4747,20.0,7.0,17.0,0,100000,2.98,38,81,1,3,11,24,0.003,0.038,2491.28,0.07,140.0,False
4748,20.0,7.0,18.0,0,100000,2.98,25,71,3,2,6,17,0.002,0.025,1639.0,0.03,140.0,False
4749,20.0,7.0,19.0,0,100000,2.98,30,74,1,4,10,16,0.004,0.03,1966.8,0.08,140.0,False
4750,20.0,7.0,1.0,0,100000,2.98,17427,10791,293,2,895,16530,0.002,17.427,1142514.12,22.85,140.0,False
4751,20.0,7.0,20.0,0,100000,2.98,19,51,2,2,3,14,0.002,0.019,1245.64,0.02,140.0,False
4752,20.0,7.0,2.0,0,100000,2.98,7123,4515,156,9,689,6425,0.009,7.123,466983.88,42.03,140.0,False
4753,20.0,7.0,3.0,0,100000,2.98,3661,2349,73,15,516,3130,0.015,3.661,240015.16,36.0,140.0,False
4754,20.0,7.0,4.0,0,100000,2.98,2224,1388,47,18,434,1772,0.018,2.224,145805.44,26.24,140.0,False
4755,20.0,7.0,5.0,0,100000,2.98,1432,963,28,31,337,1064,0.031,1.432,93881.92,29.1,140.0,False
4756,20.0,7.0,6.0,0,100000,2.98,995,689,13,28,264,703,0.028,0.995,65232.2,18.27,140.0,False
4757,20.0,7.0,7.0,0,100000,2.98,670,521,11,29,211,430,0.029,0.67,43925.2,12.74,140.0,False
4758,20.0,7.0,8.0,0,100000,2.98,468,385,15,24,157,287,0.024,0.468,30682.08,7.36,140.0,False
4759,20.0,7.0,9.0,0,100000,2.98,362,284,11,31,125,206,0.031,0.362,23732.72,7.36,140.0,False
4760,20.0,8.0,10.0,0,100000,2.98,284,265,7,26,94,164,0.026,0.284,18619.04,4.84,160.0,False
4761,20.0,8.0,11.0,0,100000,2.98,218,199,8,20,82,116,0.02,0.218,14292.08,2.86,160.0,False
4762,20.0,8.0,12.0,0,100000,2.98,155,165,6,13,50,92,0.013,0.155,10161.8,1.32,160.0,False
4763,20.0,8.0,13.0,0,100000,2.98,145,155,2,24,55,66,0.024,0.145,9506.2,2.28,160.0,False
4764,20.0,8.0,14.0,0,100000,2.98,102,127,3,16,31,55,0.016,0.102,6687.12,1.07,160.0,False
4765,20.0,8.0,15.0,0,100000,2.98,75,117,2,6,19,50,0.006,0.075,4917.0,0.3,160.0,False
4766,20.0,8.0,16.0,0,100000,2.98,51,93,1,5,19,27,0.005,0.051,3343.56,0.17,160.0,False
4767,20.0,8.0,17.0,0,100000,2.98,47,93,4,6,20,21,0.006,0.047,3081.32,0.18,160.0,False
4768,20.0,8.0,18.0,0,100000,2.98,28,91,1,3,8,17,0.003,0.028,1835.68,0.06,160.0,False
4769,20.0,8.0,19.0,0,100000,2.98,27,81,4,4,9,14,0.004,0.027,1770.12,0.07,160.0,False
4770,20.0,8.0,1.0,0,100000,2.98,17244,10645,334,1,908,16335,0.001,17.244,1130516.64,11.31,160.0,False
4771,20.0,8.0,20.0,0,100000,2.98,21,68,1,2,8,11,0.002,0.021,1376.76,0.03,160.0,False
4772,20.0,8.0,2.0,0,100000,2.98,7399,4510,164,12,733,6654,0.012,7.399,485078.44,58.21,160.0,False
4773,20.0,8.0,3.0,0,100000,2.98,3710,2491,79,19,534,3157,0.019,3.71,243227.6,46.21,160.0,False
4774,20.0,8.0,4.0,0,100000,2.98,2121,1454,38,25,400,1696,0.025,2.121,139052.76,34.76,160.0,False
4775,20.0,8.0,5.0,0,100000,2.98,1395,936,30,36,311,1048,0.036,1.395,91456.2,32.92,160.0,False
4776,20.0,8.0,6.0,0,100000,2.98,1001,626,24,39,278,684,0.039,1.001,65625.56,25.59,160.0,False
4777,20.0,8.0,7.0,0,100000,2.98,701,500,17,36,192,473,0.036,0.701,45957.56,16.54,160.0,False
4778,20.0,8.0,8.0,0,100000,2.98,542,422,14,36,167,339,0.036,0.542,35533.52,12.79,160.0,False
4779,20.0,8.0,9.0,0,100000,2.98,373,327,6,28,107,238,0.028,0.373,24453.88,6.85,160.0,False
4780,20.0,9.0,10.0,0,100000,2.98,270,238,11,41,78,151,0.041,0.27,17701.2,7.26,180.0,False
4781,20.0,9.0,11.0,0,100000,2.98,249,194,5,29,84,136,0.029,0.249,16324.44,4.73,180.0,False
4782,20.0,9.0,12.0,0,100000,2.98,173,176,8,20,62,91,0.02,0.173,11341.88,2.27,180.0,False
4783,20.0,9.0,13.0,0,100000,2.98,124,166,1,17,51,56,0.017,0.124,8129.44,1.38,180.0,False
4784,20.0,9.0,14.0,0,100000,2.98,100,116,3,11,49,40,0.011,0.1,6556.0,0.72,180.0,False
4785,20.0,9.0,15.0,0,100000,2.98,87,115,3,15,29,43,0.015,0.087,5703.72,0.86,180.0,False
4786,20.0,9.0,16.0,0,100000,2.98,68,118,0,9,26,33,0.009,0.068,4458.08,0.4,180.0,False
4787,20.0,9.0,17.0,0,100000,2.98,38,101,3,8,15,15,0.008,0.038,2491.28,0.2,180.0,False
4788,20.0,9.0,18.0,0,100000,2.98,30,86,4,3,11,16,0.003,0.03,1966.8,0.06,180.0,False
4789,20.0,9.0,19.0,0,100000,2.98,33,64,0,7,13,13,0.007,0.033,2163.48,0.15,180.0,False
4790,20.0,9.0,1.0,0,100000,2.98,17485,10784,283,0,900,16585,0.0,17.485,1146316.6,0.0,180.0,False
4791,20.0,9.0,20.0,0,100000,2.98,32,70,4,4,10,18,0.004,0.032,2097.92,0.08,180.0,False
4792,20.0,9.0,2.0,0,100000,2.98,7163,4506,161,6,721,6436,0.006,7.163,469606.28,28.18,180.0,False
4793,20.0,9.0,3.0,0,100000,2.98,3615,2407,67,17,548,3050,0.017,3.615,236999.4,40.29,180.0,False
4794,20.0,9.0,4.0,0,100000,2.98,2300,1428,41,24,473,1803,0.024,2.3,150788.0,36.19,180.0,False
4795,20.0,9.0,5.0,0,100000,2.98,1465,935,28,27,373,1065,0.027,1.465,96045.4,25.93,180.0,False
4796,20.0,9.0,6.0,0,100000,2.98,1032,642,23,46,300,686,0.046,1.032,67657.92,31.12,180.0,False
4797,20.0,9.0,7.0,0,100000,2.98,699,540,14,47,170,482,0.047,0.699,45826.44,21.54,180.0,False
4798,20.0,9.0,8.0,0,100000,2.98,530,392,14,45,182,303,0.045,0.53,34746.8,15.64,180.0,False
4799,20.0,9.0,9.0,0,100000,2.98,397,315,7,21,150,226,0.021,0.397,26027.32,5.47,180.0,False
4800,2.0,10.0,10.0,0,100000,2.98,122,236,7,0,11,111,0.0,0.122,7998.32,0.0,20.0,False
4801,2.0,10.0,11.0,0,100000,2.98,84,179,2,0,4,80,0.0,0.084,5507.04,0.0,20.0,False
4802,2.0,10.0,12.0,0,100000,2.98,65,157,3,1,5,59,0.001,0.065,4261.4,0.04,20.0,False
4803,2.0,10.0,13.0,0,100000,2.98,41,119,3,0,2,39,0.0,0.041,2687.96,0.0,20.0,False
4804,2.0,10.0,14.0,0,100000,2.98,42,93,5,0,3,39,0.0,0.042,2753.52,0.0,20.0,False
4805,2.0,10.0,15.0,0,100000,2.98,28,83,3,0,0,28,0.0,0.028,1835.68,0.0,20.0,False
4806,2.0,10.0,16.0,0,100000,2.98,14,91,2,0,0,14,0.0,0.014,917.84,0.0,20.0,False
4807,2.0,10.0,17.0,0,100000,2.98,12,45,1,0,0,12,0.0,0.012,786.72,0.0,20.0,False
4808,2.0,10.0,18.0,0,100000,2.98,8,63,2,0,2,6,0.0,0.008,524.48,0.0,20.0,False
4809,2.0,10.0,19.0,0,100000,2.98,10,43,0,0,1,9,0.0,0.01,655.6,0.0,20.0,False
4810,2.0,10.0,1.0,0,100000,2.98,17095,10687,321,0,835,16260,0.0,17.095,1120748.2,0.0,20.0,False
4811,2.0,10.0,20.0,0,100000,2.98,10,35,1,0,2,8,0.0,0.01,655.6,0.0,20.0,False
4812,2.0,10.0,2.0,0,100000,2.98,6967,4510,156,2,525,6440,0.002,6.967,456756.52,9.14,20.0,False
4813,2.0,10.0,3.0,0,100000,2.98,3355,2283,69,0,317,3038,0.0,3.355,219953.8,0.0,20.0,False
4814,2.0,10.0,4.0,0,100000,2.98,1870,1467,46,2,207,1661,0.002,1.87,122597.2,2.45,20.0,False
4815,2.0,10.0,5.0,0,100000,2.98,1067,881,27,1,96,970,0.001,1.067,69952.52,0.7,20.0,False
4816,2.0,10.0,6.0,0,100000,2.98,657,641,19,1,62,594,0.001,0.657,43072.92,0.43,20.0,False
4817,2.0,10.0,7.0,0,100000,2.98,403,433,15,1,46,356,0.001,0.403,26420.68,0.26,20.0,False
4818,2.0,10.0,8.0,0,100000,2.98,274,327,11,1,24,249,0.001,0.274,17963.44,0.18,20.0,False
4819,2.0,10.0,9.0,0,100000,2.98,173,304,10,0,18,155,0.0,0.173,11341.88,0.0,20.0,False
4820,2.0,11.0,10.0,0,100000,2.98,121,213,6,0,13,108,0.0,0.121,7932.76,0.0,22.0,False
4821,2.0,11.0,11.0,0,100000,2.98,90,184,3,0,9,81,0.0,0.09,5900.4,0.0,22.0,False
4822,2.0,11.0,12.0,0,100000,2.98,68,152,2,0,5,63,0.0,0.068,4458.08,0.0,22.0,False
4823,2.0,11.0,13.0,0,100000,2.98,42,119,3,0,2,40,0.0,0.042,2753.52,0.0,22.0,False
4824,2.0,11.0,14.0,0,100000,2.98,38,104,4,0,1,37,0.0,0.038,2491.28,0.0,22.0,False
4825,2.0,11.0,15.0,0,100000,2.98,33,94,5,0,0,33,0.0,0.033,2163.48,0.0,22.0,False
4826,2.0,11.0,16.0,0,100000,2.98,14,84,1,0,1,13,0.0,0.014,917.84,0.0,22.0,False
4827,2.0,11.0,17.0,0,100000,2.98,14,59,3,0,0,14,0.0,0.014,917.84,0.0,22.0,False
4828,2.0,11.0,18.0,0,100000,2.98,11,53,1,0,2,9,0.0,0.011,721.16,0.0,22.0,False
4829,2.0,11.0,19.0,0,100000,2.98,7,47,1,0,0,7,0.0,0.007,458.92,0.0,22.0,False
4830,2.0,11.0,1.0,0,100000,2.98,17326,10667,312,0,820,16506,0.0,17.326,1135892.56,0.0,22.0,False
4831,2.0,11.0,20.0,0,100000,2.98,5,48,2,0,1,4,0.0,0.005,327.8,0.0,22.0,False
4832,2.0,11.0,2.0,0,100000,2.98,6872,4472,138,2,531,6339,0.002,6.872,450528.32,9.01,22.0,False
4833,2.0,11.0,3.0,0,100000,2.98,3404,2412,75,1,347,3056,0.001,3.404,223166.24,2.23,22.0,False
4834,2.0,11.0,4.0,0,100000,2.98,1796,1312,49,0,204,1592,0.0,1.796,117745.76,0.0,22.0,False
4835,2.0,11.0,5.0,0,100000,2.98,1056,955,24,1,114,941,0.001,1.056,69231.36,0.69,22.0,False
4836,2.0,11.0,6.0,0,100000,2.98,682,679,21,1,69,612,0.001,0.682,44711.92,0.45,22.0,False
4837,2.0,11.0,7.0,0,100000,2.98,414,483,14,0,35,379,0.0,0.414,27141.84,0.0,22.0,False
4838,2.0,11.0,8.0,0,100000,2.98,281,392,17,1,33,247,0.001,0.281,18422.36,0.18,22.0,False
4839,2.0,11.0,9.0,0,100000,2.98,156,252,4,1,9,146,0.001,0.156,10227.36,0.1,22.0,False
4840,2.0,12.0,10.0,0,100000,2.98,116,232,5,1,13,102,0.001,0.116,7604.96,0.08,24.0,False
4841,2.0,12.0,11.0,0,100000,2.98,88,184,6,0,8,80,0.0,0.088,5769.28,0.0,24.0,False
4842,2.0,12.0,12.0,0,100000,2.98,57,129,5,0,6,51,0.0,0.057,3736.92,0.0,24.0,False
4843,2.0,12.0,13.0,0,100000,2.98,39,124,1,0,3,36,0.0,0.039,2556.84,0.0,24.0,False
4844,2.0,12.0,14.0,0,100000,2.98,29,90,2,0,1,28,0.0,0.029,1901.24,0.0,24.0,False
4845,2.0,12.0,15.0,0,100000,2.98,23,101,4,0,2,21,0.0,0.023,1507.88,0.0,24.0,False
4846,2.0,12.0,16.0,0,100000,2.98,14,72,2,0,0,14,0.0,0.014,917.84,0.0,24.0,False
4847,2.0,12.0,17.0,0,100000,2.98,7,72,0,0,0,7,0.0,0.007,458.92,0.0,24.0,False
4848,2.0,12.0,18.0,0,100000,2.98,7,66,5,0,1,6,0.0,0.007,458.92,0.0,24.0,False
4849,2.0,12.0,19.0,0,100000,2.98,8,61,2,0,0,8,0.0,0.008,524.48,0.0,24.0,False
4850,2.0,12.0,1.0,0,100000,2.98,17127,10623,324,0,787,16340,0.0,17.127,1122846.12,0.0,24.0,False
4851,2.0,12.0,20.0,0,100000,2.98,2,55,2,0,0,2,0.0,0.002,131.12,0.0,24.0,False
4852,2.0,12.0,2.0,0,100000,2.98,6997,4459,143,2,547,6448,0.002,6.997,458723.32,9.17,24.0,False
4853,2.0,12.0,3.0,0,100000,2.98,3431,2328,71,0,332,3099,0.0,3.431,224936.36,0.0,24.0,False
4854,2.0,12.0,4.0,0,100000,2.98,1807,1383,47,1,193,1613,0.001,1.807,118466.92,1.18,24.0,False
4855,2.0,12.0,5.0,0,100000,2.98,1082,891,20,1,104,977,0.001,1.082,70935.92,0.71,24.0,False
4856,2.0,12.0,6.0,0,100000,2.98,639,629,14,1,74,564,0.001,0.639,41892.84,0.42,24.0,False
4857,2.0,12.0,7.0,0,100000,2.98,417,494,21,1,43,373,0.001,0.417,27338.52,0.27,24.0,False
4858,2.0,12.0,8.0,0,100000,2.98,251,366,12,1,21,229,0.001,0.251,16455.56,0.16,24.0,False
4859,2.0,12.0,9.0,0,100000,2.98,199,277,11,1,15,183,0.001,0.199,13046.44,0.13,24.0,False
4860,2.0,13.0,10.0,0,100000,2.98,129,206,6,1,10,118,0.001,0.129,8457.24,0.08,26.0,False
4861,2.0,13.0,11.0,0,100000,2.98,77,172,3,0,4,73,0.0,0.077,5048.12,0.0,26.0,False
4862,2.0,13.0,12.0,0,100000,2.98,53,148,5,0,1,52,0.0,0.053,3474.68,0.0,26.0,False
4863,2.0,13.0,13.0,0,100000,2.98,43,135,7,0,4,39,0.0,0.043,2819.08,0.0,26.0,False
4864,2.0,13.0,14.0,0,100000,2.98,25,96,3,0,1,24,0.0,0.025,1639.0,0.0,26.0,False
4865,2.0,13.0,15.0,0,100000,2.98,20,99,3,0,3,17,0.0,0.02,1311.2,0.0,26.0,False
4866,2.0,13.0,16.0,0,100000,2.98,18,81,3,0,3,15,0.0,0.018,1180.08,0.0,26.0,False
4867,2.0,13.0,17.0,0,100000,2.98,13,62,2,0,2,11,0.0,0.013,852.28,0.0,26.0,False
4868,2.0,13.0,18.0,0,100000,2.98,7,61,2,0,1,6,0.0,0.007,458.92,0.0,26.0,False
4869,2.0,13.0,19.0,0,100000,2.98,8,45,0,0,1,7,0.0,0.008,524.48,0.0,26.0,False
4870,2.0,13.0,1.0,0,100000,2.98,17269,10611,309,0,812,16457,0.0,17.269,1132155.64,0.0,26.0,False
4871,2.0,13.0,20.0,0,100000,2.98,5,44,2,0,1,4,0.0,0.005,327.8,0.0,26.0,False
4872,2.0,13.0,2.0,0,100000,2.98,7010,4394,145,1,535,6474,0.001,7.01,459575.6,4.6,26.0,False
4873,2.0,13.0,3.0,0,100000,2.98,3351,2329,62,2,314,3035,0.002,3.351,219691.56,4.39,26.0,False
4874,2.0,13.0,4.0,0,100000,2.98,1799,1334,40,1,198,1600,0.001,1.799,117942.44,1.18,26.0,False
4875,2.0,13.0,5.0,0,100000,2.98,1034,894,27,0,136,898,0.0,1.034,67789.04,0.0,26.0,False
4876,2.0,13.0,6.0,0,100000,2.98,605,635,21,2,71,532,0.002,0.605,39663.8,0.79,26.0,False
4877,2.0,13.0,7.0,0,100000,2.98,417,477,15,1,38,378,0.001,0.417,27338.52,0.27,26.0,False
4878,2.0,13.0,8.0,0,100000,2.98,249,344,10,0,22,227,0.0,0.249,16324.44,0.0,26.0,False
4879,2.0,13.0,9.0,0,100000,2.98,189,270,3,0,22,167,0.0,0.189,12390.84,0.0,26.0,False
4880,2.0,14.0,10.0,0,100000,2.98,120,217,0,0,9,111,0.0,0.12,7867.2,0.0,28.0,False
4881,2.0,14.0,11.0,0,100000,2.98,86,169,6,0,9,77,0.0,0.086,5638.16,0.0,28.0,False
4882,2.0,14.0,12.0,0,100000,2.98,60,144,2,0,6,54,0.0,0.06,3933.6,0.0,28.0,False
4883,2.0,14.0,13.0,0,100000,2.98,56,130,0,0,3,53,0.0,0.056,3671.36,0.0,28.0,False
4884,2.0,14.0,14.0,0,100000,2.98,37,92,4,0,0,37,0.0,0.037,2425.72,0.0,28.0,False
4885,2.0,14.0,15.0,0,100000,2.98,26,105,2,0,2,24,0.0,0.026,1704.56,0.0,28.0,False
4886,2.0,14.0,16.0,0,100000,2.98,16,85,0,0,2,14,0.0,0.016,1048.96,0.0,28.0,False
4887,2.0,14.0,17.0,0,100000,2.98,13,58,2,1,3,9,0.001,0.013,852.28,0.01,28.0,False
4888,2.0,14.0,18.0,0,100000,2.98,8,56,1,0,0,8,0.0,0.008,524.48,0.0,28.0,False
4889,2.0,14.0,19.0,0,100000,2.98,3,47,3,0,0,3,0.0,0.003,196.68,0.0,28.0,False
4890,2.0,14.0,1.0,0,100000,2.98,17057,10656,279,0,810,16247,0.0,17.057,1118256.92,0.0,28.0,False
4891,2.0,14.0,20.0,0,100000,2.98,3,40,1,0,1,2,0.0,0.003,196.68,0.0,28.0,False
4892,2.0,14.0,2.0,0,100000,2.98,6945,4482,135,2,509,6434,0.002,6.945,455314.2,9.11,28.0,False
4893,2.0,14.0,3.0,0,100000,2.98,3423,2375,61,3,335,3085,0.003,3.423,224411.88,6.73,28.0,False
4894,2.0,14.0,4.0,0,100000,2.98,1780,1400,42,0,204,1576,0.0,1.78,116696.8,0.0,28.0,False
4895,2.0,14.0,5.0,0,100000,2.98,1046,959,17,1,110,935,0.001,1.046,68575.76,0.69,28.0,False
4896,2.0,14.0,6.0,0,100000,2.98,661,679,17,1,76,584,0.001,0.661,43335.16,0.43,28.0,False
4897,2.0,14.0,7.0,0,100000,2.98,408,461,6,0,34,374,0.0,0.408,26748.48,0.0,28.0,False
4898,2.0,14.0,8.0,0,100000,2.98,280,362,9,0,30,250,0.0,0.28,18356.8,0.0,28.0,False
4899,2.0,14.0,9.0,0,100000,2.98,209,247,6,0,17,192,0.0,0.209,13702.04,0.0,28.0,False
4900,2.0,15.0,10.0,0,100000,2.98,141,249,6,0,11,130,0.0,0.141,9243.96,0.0,30.0,False
4901,2.0,15.0,11.0,0,100000,2.98,104,190,5,0,3,101,0.0,0.104,6818.24,0.0,30.0,False
4902,2.0,15.0,12.0,0,100000,2.98,78,155,3,0,6,72,0.0,0.078,5113.68,0.0,30.0,False
4903,2.0,15.0,13.0,0,100000,2.98,44,128,2,0,3,41,0.0,0.044,2884.64,0.0,30.0,False
4904,2.0,15.0,14.0,0,100000,2.98,26,129,4,0,2,24,0.0,0.026,1704.56,0.0,30.0,False
4905,2.0,15.0,15.0,0,100000,2.98,16,98,4,0,1,15,0.0,0.016,1048.96,0.0,30.0,False
4906,2.0,15.0,16.0,0,100000,2.98,19,69,2,0,1,18,0.0,0.019,1245.64,0.0,30.0,False
4907,2.0,15.0,17.0,0,100000,2.98,11,73,1,0,2,9,0.0,0.011,721.16,0.0,30.0,False
4908,2.0,15.0,18.0,0,100000,2.98,5,53,3,0,0,5,0.0,0.005,327.8,0.0,30.0,False
4909,2.0,15.0,19.0,0,100000,2.98,6,59,2,0,0,6,0.0,0.006,393.36,0.0,30.0,False
4910,2.0,15.0,1.0,0,100000,2.98,17164,10744,325,0,819,16345,0.0,17.164,1125271.84,0.0,30.0,False
4911,2.0,15.0,20.0,0,100000,2.98,4,39,3,0,2,2,0.0,0.004,262.24,0.0,30.0,False
4912,2.0,15.0,2.0,0,100000,2.98,6974,4491,157,1,527,6446,0.001,6.974,457215.44,4.57,30.0,False
4913,2.0,15.0,3.0,0,100000,2.98,3428,2412,66,5,319,3104,0.005,3.428,224739.68,11.24,30.0,False
4914,2.0,15.0,4.0,0,100000,2.98,1788,1472,48,0,200,1588,0.0,1.788,117221.28,0.0,30.0,False
4915,2.0,15.0,5.0,0,100000,2.98,1027,918,26,1,110,916,0.001,1.027,67330.12,0.67,30.0,False
4916,2.0,15.0,6.0,0,100000,2.98,650,654,12,2,74,574,0.002,0.65,42614.0,0.85,30.0,False
4917,2.0,15.0,7.0,0,100000,2.98,389,496,9,0,36,353,0.0,0.389,25502.84,0.0,30.0,False
4918,2.0,15.0,8.0,0,100000,2.98,284,342,4,0,33,251,0.0,0.284,18619.04,0.0,30.0,False
4919,2.0,15.0,9.0,0,100000,2.98,213,302,9,0,16,197,0.0,0.213,13964.28,0.0,30.0,False
4920,2.0,16.0,10.0,0,100000,2.98,133,221,3,0,13,120,0.0,0.133,8719.48,0.0,32.0,False
4921,2.0,16.0,11.0,0,100000,2.98,89,180,6,0,11,78,0.0,0.089,5834.84,0.0,32.0,False
4922,2.0,16.0,12.0,0,100000,2.98,50,146,3,0,7,43,0.0,0.05,3278.0,0.0,32.0,False
4923,2.0,16.0,13.0,0,100000,2.98,41,111,4,0,3,38,0.0,0.041,2687.96,0.0,32.0,False
4924,2.0,16.0,14.0,0,100000,2.98,28,96,1,0,0,28,0.0,0.028,1835.68,0.0,32.0,False
4925,2.0,16.0,15.0,0,100000,2.98,19,83,0,0,0,19,0.0,0.019,1245.64,0.0,32.0,False
4926,2.0,16.0,16.0,0,100000,2.98,17,66,0,0,0,17,0.0,0.017,1114.52,0.0,32.0,False
4927,2.0,16.0,17.0,0,100000,2.98,9,66,3,0,3,6,0.0,0.009,590.04,0.0,32.0,False
4928,2.0,16.0,18.0,0,100000,2.98,10,60,3,0,0,10,0.0,0.01,655.6,0.0,32.0,False
4929,2.0,16.0,19.0,0,100000,2.98,3,48,4,0,0,3,0.0,0.003,196.68,0.0,32.0,False
4930,2.0,16.0,1.0,0,100000,2.98,17326,10564,303,0,847,16479,0.0,17.326,1135892.56,0.0,32.0,False
4931,2.0,16.0,20.0,0,100000,2.98,3,42,3,0,2,1,0.0,0.003,196.68,0.0,32.0,False
4932,2.0,16.0,2.0,0,100000,2.98,6964,4538,164,2,570,6392,0.002,6.964,456559.84,9.13,32.0,False
4933,2.0,16.0,3.0,0,100000,2.98,3295,2324,69,2,310,2983,0.002,3.295,216020.2,4.32,32.0,False
4934,2.0,16.0,4.0,0,100000,2.98,1822,1399,45,1,172,1649,0.001,1.822,119450.32,1.19,32.0,False
4935,2.0,16.0,5.0,0,100000,2.98,1021,926,26,1,117,903,0.001,1.021,66936.76,0.67,32.0,False
4936,2.0,16.0,6.0,0,100000,2.98,613,687,16,0,56,557,0.0,0.613,40188.28,0.0,32.0,False
4937,2.0,16.0,7.0,0,100000,2.98,413,509,12,3,37,373,0.003,0.413,27076.28,0.81,32.0,False
4938,2.0,16.0,8.0,0,100000,2.98,273,343,9,0,36,237,0.0,0.273,17897.88,0.0,32.0,False
4939,2.0,16.0,9.0,0,100000,2.98,200,281,5,0,18,182,0.0,0.2,13112.0,0.0,32.0,False
4940,2.0,17.0,10.0,0,100000,2.98,120,230,3,1,14,105,0.001,0.12,7867.2,0.08,34.0,False
4941,2.0,17.0,11.0,0,100000,2.98,79,152,5,0,6,73,0.0,0.079,5179.24,0.0,34.0,False
4942,2.0,17.0,12.0,0,100000,2.98,72,145,2,0,9,63,0.0,0.072,4720.32,0.0,34.0,False
4943,2.0,17.0,13.0,0,100000,2.98,45,113,1,0,3,42,0.0,0.045,2950.2,0.0,34.0,False
4944,2.0,17.0,14.0,0,100000,2.98,36,108,0,0,4,32,0.0,0.036,2360.16,0.0,34.0,False
4945,2.0,17.0,15.0,0,100000,2.98,18,79,3,0,1,17,0.0,0.018,1180.08,0.0,34.0,False
4946,2.0,17.0,16.0,0,100000,2.98,16,61,3,0,0,16,0.0,0.016,1048.96,0.0,34.0,False
4947,2.0,17.0,17.0,0,100000,2.98,12,52,6,0,3,9,0.0,0.012,786.72,0.0,34.0,False
4948,2.0,17.0,18.0,0,100000,2.98,8,59,2,0,0,8,0.0,0.008,524.48,0.0,34.0,False
4949,2.0,17.0,19.0,0,100000,2.98,5,65,1,0,1,4,0.0,0.005,327.8,0.0,34.0,False
4950,2.0,17.0,1.0,0,100000,2.98,17117,10874,301,0,866,16251,0.0,17.117,1122190.52,0.0,34.0,False
4951,2.0,17.0,20.0,0,100000,2.98,1,38,0,0,0,1,0.0,0.001,65.56,0.0,34.0,False
4952,2.0,17.0,2.0,0,100000,2.98,6956,4556,143,2,519,6435,0.002,6.956,456035.36,9.12,34.0,False
4953,2.0,17.0,3.0,0,100000,2.98,3372,2357,72,0,310,3062,0.0,3.372,221068.32,0.0,34.0,False
4954,2.0,17.0,4.0,0,100000,2.98,1887,1471,52,1,207,1679,0.001,1.887,123711.72,1.24,34.0,False
4955,2.0,17.0,5.0,0,100000,2.98,1071,952,20,1,128,942,0.001,1.071,70214.76,0.7,34.0,False
4956,2.0,17.0,6.0,0,100000,2.98,694,660,23,4,79,611,0.004,0.694,45498.64,1.82,34.0,False
4957,2.0,17.0,7.0,0,100000,2.98,405,466,15,1,37,367,0.001,0.405,26551.8,0.27,34.0,False
4958,2.0,17.0,8.0,0,100000,2.98,293,339,9,2,31,260,0.002,0.293,19209.08,0.38,34.0,False
4959,2.0,17.0,9.0,0,100000,2.98,176,299,6,1,12,163,0.001,0.176,11538.56,0.12,34.0,False
4960,2.0,18.0,10.0,0,100000,2.98,130,233,5,0,7,123,0.0,0.13,8522.8,0.0,36.0,False
4961,2.0,18.0,11.0,0,100000,2.98,101,191,4,1,9,91,0.001,0.101,6621.56,0.07,36.0,False
4962,2.0,18.0,12.0,0,100000,2.98,64,140,4,0,7,57,0.0,0.064,4195.84,0.0,36.0,False
4963,2.0,18.0,13.0,0,100000,2.98,40,115,5,0,3,37,0.0,0.04,2622.4,0.0,36.0,False
4964,2.0,18.0,14.0,0,100000,2.98,47,103,1,0,2,45,0.0,0.047,3081.32,0.0,36.0,False
4965,2.0,18.0,15.0,0,100000,2.98,35,78,2,0,1,34,0.0,0.035,2294.6,0.0,36.0,False
4966,2.0,18.0,16.0,0,100000,2.98,8,62,1,0,0,8,0.0,0.008,524.48,0.0,36.0,False
4967,2.0,18.0,17.0,0,100000,2.98,10,57,0,1,2,7,0.001,0.01,655.6,0.01,36.0,False
4968,2.0,18.0,18.0,0,100000,2.98,8,58,1,0,2,6,0.0,0.008,524.48,0.0,36.0,False
4969,2.0,18.0,19.0,0,100000,2.98,10,52,2,0,3,7,0.0,0.01,655.6,0.0,36.0,False
4970,2.0,18.0,1.0,0,100000,2.98,17117,10661,302,0,813,16304,0.0,17.117,1122190.52,0.0,36.0,False
4971,2.0,18.0,20.0,0,100000,2.98,4,40,1,0,1,3,0.0,0.004,262.24,0.0,36.0,False
4972,2.0,18.0,2.0,0,100000,2.98,7094,4544,140,0,529,6565,0.0,7.094,465082.64,0.0,36.0,False
4973,2.0,18.0,3.0,0,100000,2.98,3370,2306,59,0,328,3042,0.0,3.37,220937.2,0.0,36.0,False
4974,2.0,18.0,4.0,0,100000,2.98,1804,1413,30,1,176,1627,0.001,1.804,118270.24,1.18,36.0,False
4975,2.0,18.0,5.0,0,100000,2.98,1028,913,23,3,119,906,0.003,1.028,67395.68,2.02,36.0,False
4976,2.0,18.0,6.0,0,100000,2.98,672,635,20,4,76,592,0.004,0.672,44056.32,1.76,36.0,False
4977,2.0,18.0,7.0,0,100000,2.98,412,445,14,1,42,369,0.001,0.412,27010.72,0.27,36.0,False
4978,2.0,18.0,8.0,0,100000,2.98,275,358,13,1,33,241,0.001,0.275,18029.0,0.18,36.0,False
4979,2.0,18.0,9.0,0,100000,2.98,190,264,6,0,21,169,0.0,0.19,12456.4,0.0,36.0,False
4980,2.0,19.0,10.0,0,100000,2.98,121,233,6,0,12,109,0.0,0.121,7932.76,0.0,38.0,False
4981,2.0,19.0,11.0,0,100000,2.98,87,185,3,0,6,81,0.0,0.087,5703.72,0.0,38.0,False
4982,2.0,19.0,12.0,0,100000,2.98,71,149,5,0,4,67,0.0,0.071,4654.76,0.0,38.0,False
4983,2.0,19.0,13.0,0,100000,2.98,49,130,4,0,4,45,0.0,0.049,3212.44,0.0,38.0,False
4984,2.0,19.0,14.0,0,100000,2.98,37,90,3,0,5,32,0.0,0.037,2425.72,0.0,38.0,False
4985,2.0,19.0,15.0,0,100000,2.98,28,104,2,0,1,27,0.0,0.028,1835.68,0.0,38.0,False
4986,2.0,19.0,16.0,0,100000,2.98,19,64,1,0,2,17,0.0,0.019,1245.64,0.0,38.0,False
4987,2.0,19.0,17.0,0,100000,2.98,10,56,1,0,2,8,0.0,0.01,655.6,0.0,38.0,False
4988,2.0,19.0,18.0,0,100000,2.98,8,57,1,0,3,5,0.0,0.008,524.48,0.0,38.0,False
4989,2.0,19.0,19.0,0,100000,2.98,5,57,3,0,1,4,0.0,0.005,327.8,0.0,38.0,False
4990,2.0,19.0,1.0,0,100000,2.98,17194,10618,325,0,820,16374,0.0,17.194,1127238.64,0.0,38.0,False
4991,2.0,19.0,20.0,0,100000,2.98,4,44,5,0,0,4,0.0,0.004,262.24,0.0,38.0,False
4992,2.0,19.0,2.0,0,100000,2.98,6959,4520,142,0,497,6462,0.0,6.959,456232.04,0.0,38.0,False
4993,2.0,19.0,3.0,0,100000,2.98,3332,2283,80,1,301,3030,0.001,3.332,218445.92,2.18,38.0,False
4994,2.0,19.0,4.0,0,100000,2.98,1835,1329,56,3,187,1645,0.003,1.835,120302.6,3.61,38.0,False
4995,2.0,19.0,5.0,0,100000,2.98,1117,873,24,4,149,964,0.004,1.117,73230.52,2.93,38.0,False
4996,2.0,19.0,6.0,0,100000,2.98,687,668,19,1,82,604,0.001,0.687,45039.72,0.45,38.0,False
4997,2.0,19.0,7.0,0,100000,2.98,408,486,17,2,36,370,0.002,0.408,26748.48,0.53,38.0,False
4998,2.0,19.0,8.0,0,100000,2.98,265,361,15,0,30,235,0.0,0.265,17373.4,0.0,38.0,False
4999,2.0,19.0,9.0,0,100000,2.98,172,275,8,2,15,155,0.002,0.172,11276.32,0.23,38.0,False
5000,2.0,1.0,10.0,0,100000,2.98,118,199,6,0,2,116,0.0,0.118,7736.08,0.0,2.0,False
5001,2.0,1.0,11.0,0,100000,2.98,76,178,5,0,1,75,0.0,0.076,4982.56,0.0,2.0,False
5002,2.0,1.0,12.0,0,100000,2.98,49,132,5,0,0,49,0.0,0.049,3212.44,0.0,2.0,False
5003,2.0,1.0,13.0,0,100000,2.98,40,120,4,0,1,39,0.0,0.04,2622.4,0.0,2.0,False
5004,2.0,1.0,14.0,0,100000,2.98,39,91,0,0,0,39,0.0,0.039,2556.84,0.0,2.0,False
5005,2.0,1.0,15.0,0,100000,2.98,23,89,3,0,0,23,0.0,0.023,1507.88,0.0,2.0,False
5006,2.0,1.0,16.0,0,100000,2.98,25,76,0,0,0,25,0.0,0.025,1639.0,0.0,2.0,False
5007,2.0,1.0,17.0,0,100000,2.98,16,67,3,0,0,16,0.0,0.016,1048.96,0.0,2.0,False
5008,2.0,1.0,18.0,0,100000,2.98,10,52,2,0,0,10,0.0,0.01,655.6,0.0,2.0,False
5009,2.0,1.0,19.0,0,100000,2.98,9,60,1,0,0,9,0.0,0.009,590.04,0.0,2.0,False
5010,2.0,1.0,1.0,0,100000,2.98,16949,10462,274,0,595,16354,0.0,16.949,1111176.44,0.0,2.0,False
5011,2.0,1.0,20.0,0,100000,2.98,7,47,0,0,0,7,0.0,0.007,458.92,0.0,2.0,False
5012,2.0,1.0,2.0,0,100000,2.98,6479,4473,113,0,283,6196,0.0,6.479,424763.24,0.0,2.0,False
5013,2.0,1.0,3.0,0,100000,2.98,3203,2288,52,0,130,3073,0.0,3.203,209988.68,0.0,2.0,False
5014,2.0,1.0,4.0,0,100000,2.98,1575,1304,36,0,67,1508,0.0,1.575,103257.0,0.0,2.0,False
5015,2.0,1.0,5.0,0,100000,2.98,852,877,19,0,25,827,0.0,0.852,55857.12,0.0,2.0,False
5016,2.0,1.0,6.0,0,100000,2.98,588,610,9,0,7,581,0.0,0.588,38549.28,0.0,2.0,False
5017,2.0,1.0,7.0,0,100000,2.98,392,461,11,1,8,383,0.001,0.392,25699.52,0.26,2.0,False
5018,2.0,1.0,8.0,0,100000,2.98,232,315,6,0,2,230,0.0,0.232,15209.92,0.0,2.0,False
5019,2.0,1.0,9.0,0,100000,2.98,159,264,2,0,1,158,0.0,0.159,10424.04,0.0,2.0,False
5020,2.0,20.0,10.0,0,100000,2.98,112,235,7,0,11,101,0.0,0.112,7342.72,0.0,40.0,False
5021,2.0,20.0,11.0,0,100000,2.98,68,191,2,0,7,61,0.0,0.068,4458.08,0.0,40.0,False
5022,2.0,20.0,12.0,0,100000,2.98,58,165,5,1,10,47,0.001,0.058,3802.48,0.04,40.0,False
5023,2.0,20.0,13.0,0,100000,2.98,33,116,1,0,3,30,0.0,0.033,2163.48,0.0,40.0,False
5024,2.0,20.0,14.0,0,100000,2.98,35,119,2,0,2,33,0.0,0.035,2294.6,0.0,40.0,False
5025,2.0,20.0,15.0,0,100000,2.98,22,94,4,0,0,22,0.0,0.022,1442.32,0.0,40.0,False
5026,2.0,20.0,16.0,0,100000,2.98,16,64,2,0,2,14,0.0,0.016,1048.96,0.0,40.0,False
5027,2.0,20.0,17.0,0,100000,2.98,11,68,0,0,1,10,0.0,0.011,721.16,0.0,40.0,False
5028,2.0,20.0,18.0,0,100000,2.98,5,59,4,0,2,3,0.0,0.005,327.8,0.0,40.0,False
5029,2.0,20.0,19.0,0,100000,2.98,6,45,0,0,0,6,0.0,0.006,393.36,0.0,40.0,False
5030,2.0,20.0,1.0,0,100000,2.98,17340,10513,305,0,758,16582,0.0,17.34,1136810.4,0.0,40.0,False
5031,2.0,20.0,20.0,0,100000,2.98,6,41,3,0,1,5,0.0,0.006,393.36,0.0,40.0,False
5032,2.0,20.0,2.0,0,100000,2.98,7008,4463,137,1,529,6478,0.001,7.008,459444.48,4.59,40.0,False
5033,2.0,20.0,3.0,0,100000,2.98,3320,2277,57,1,319,3000,0.001,3.32,217659.2,2.18,40.0,False
5034,2.0,20.0,4.0,0,100000,2.98,1850,1439,39,0,187,1663,0.0,1.85,121286.0,0.0,40.0,False
5035,2.0,20.0,5.0,0,100000,2.98,1056,903,25,1,88,967,0.001,1.056,69231.36,0.69,40.0,False
5036,2.0,20.0,6.0,0,100000,2.98,665,702,17,0,72,593,0.0,0.665,43597.4,0.0,40.0,False
5037,2.0,20.0,7.0,0,100000,2.98,422,487,8,1,42,379,0.001,0.422,27666.32,0.28,40.0,False
5038,2.0,20.0,8.0,0,100000,2.98,265,387,7,0,36,229,0.0,0.265,17373.4,0.0,40.0,False
5039,2.0,20.0,9.0,0,100000,2.98,165,292,16,1,19,145,0.001,0.165,10817.4,0.11,40.0,False
5040,2.0,2.0,10.0,0,100000,2.98,96,203,9,0,4,92,0.0,0.096,6293.76,0.0,4.0,True
5041,2.0,2.0,11.0,0,100000,2.98,61,169,2,1,0,60,0.001,0.061,3999.16,0.04,4.0,True
5042,2.0,2.0,12.0,0,100000,2.98,35,142,4,0,2,33,0.0,0.035,2294.6,0.0,4.0,True
5043,2.0,2.0,13.0,0,100000,2.98,39,122,1,0,0,39,0.0,0.039,2556.84,0.0,4.0,True
5044,2.0,2.0,14.0,0,100000,2.98,25,106,1,0,1,24,0.0,0.025,1639.0,0.0,4.0,True
5045,2.0,2.0,15.0,0,100000,2.98,16,72,1,0,0,16,0.0,0.016,1048.96,0.0,4.0,True
5046,2.0,2.0,16.0,0,100000,2.98,10,61,2,0,0,10,0.0,0.01,655.6,0.0,4.0,True
5047,2.0,2.0,17.0,0,100000,2.98,8,54,0,0,0,8,0.0,0.008,524.48,0.0,4.0,True
5048,2.0,2.0,18.0,0,100000,2.98,3,45,2,0,0,3,0.0,0.003,196.68,0.0,4.0,True
5049,2.0,2.0,19.0,0,100000,2.98,5,45,6,0,0,5,0.0,0.005,327.8,0.0,4.0,True
5050,2.0,2.0,1.0,0,100000,2.98,17096,10717,310,0,752,16344,0.0,17.096,1120813.76,0.0,4.0,True
5051,2.0,2.0,20.0,0,100000,2.98,6,39,0,0,0,6,0.0,0.006,393.36,0.0,4.0,True
5052,2.0,2.0,2.0,0,100000,2.98,6774,4442,150,0,407,6367,0.0,6.774,444103.44,0.0,4.0,True
5053,2.0,2.0,3.0,0,100000,2.98,3124,2301,70,1,212,2911,0.001,3.124,204809.44,2.05,4.0,True
5054,2.0,2.0,4.0,0,100000,2.98,1595,1373,38,1,110,1484,0.001,1.595,104568.2,1.05,4.0,True
5055,2.0,2.0,5.0,0,100000,2.98,897,876,27,0,64,833,0.0,0.897,58807.32,0.0,4.0,True
5056,2.0,2.0,6.0,0,100000,2.98,547,594,17,1,26,520,0.001,0.547,35861.32,0.36,4.0,True
5057,2.0,2.0,7.0,0,100000,2.98,337,422,9,0,19,318,0.0,0.337,22093.72,0.0,4.0,True
5058,2.0,2.0,8.0,0,100000,2.98,214,356,8,1,4,209,0.001,0.214,14029.84,0.14,4.0,True
5059,2.0,2.0,9.0,0,100000,2.98,143,266,11,1,1,141,0.001,0.143,9375.08,0.09,4.0,True
5060,2.0,3.0,10.0,0,100000,2.98,118,192,5,0,3,115,0.0,0.118,7736.08,0.0,6.0,False
5061,2.0,3.0,11.0,0,100000,2.98,63,172,2,0,2,61,0.0,0.063,4130.28,0.0,6.0,False
5062,2.0,3.0,12.0,0,100000,2.98,61,141,2,0,2,59,0.0,0.061,3999.16,0.0,6.0,False
5063,2.0,3.0,13.0,0,100000,2.98,39,122,2,0,1,38,0.0,0.039,2556.84,0.0,6.0,False
5064,2.0,3.0,14.0,0,100000,2.98,29,85,4,0,1,28,0.0,0.029,1901.24,0.0,6.0,False
5065,2.0,3.0,15.0,0,100000,2.98,14,69,3,0,1,13,0.0,0.014,917.84,0.0,6.0,False
5066,2.0,3.0,16.0,0,100000,2.98,15,66,1,0,0,15,0.0,0.015,983.4,0.0,6.0,False
5067,2.0,3.0,17.0,0,100000,2.98,10,56,3,0,0,10,0.0,0.01,655.6,0.0,6.0,False
5068,2.0,3.0,18.0,0,100000,2.98,11,55,1,0,0,11,0.0,0.011,721.16,0.0,6.0,False
5069,2.0,3.0,19.0,0,100000,2.98,5,45,1,0,0,5,0.0,0.005,327.8,0.0,6.0,False
5070,2.0,3.0,1.0,0,100000,2.98,17157,10460,319,0,802,16355,0.0,17.157,1124812.92,0.0,6.0,False
5071,2.0,3.0,20.0,0,100000,2.98,6,35,0,0,0,6,0.0,0.006,393.36,0.0,6.0,False
5072,2.0,3.0,2.0,0,100000,2.98,6931,4509,142,1,502,6428,0.001,6.931,454396.36,4.54,6.0,False
5073,2.0,3.0,3.0,0,100000,2.98,3297,2252,69,0,282,3015,0.0,3.297,216151.32,0.0,6.0,False
5074,2.0,3.0,4.0,0,100000,2.98,1696,1346,35,2,163,1531,0.002,1.696,111189.76,2.22,6.0,False
5075,2.0,3.0,5.0,0,100000,2.98,997,844,28,0,86,911,0.0,0.997,65363.32,0.0,6.0,False
5076,2.0,3.0,6.0,0,100000,2.98,600,607,17,0,55,545,0.0,0.6,39336.0,0.0,6.0,False
5077,2.0,3.0,7.0,0,100000,2.98,359,464,7,0,31,328,0.0,0.359,23536.04,0.0,6.0,False
5078,2.0,3.0,8.0,0,100000,2.98,233,367,14,0,8,225,0.0,0.233,15275.48,0.0,6.0,False
5079,2.0,3.0,9.0,0,100000,2.98,169,265,9,0,10,159,0.0,0.169,11079.64,0.0,6.0,False
5080,2.0,4.0,10.0,0,100000,2.98,112,192,6,1,5,106,0.001,0.112,7342.72,0.07,8.0,False
5081,2.0,4.0,11.0,0,100000,2.98,81,154,5,0,3,78,0.0,0.081,5310.36,0.0,8.0,False
5082,2.0,4.0,12.0,0,100000,2.98,57,156,4,0,3,54,0.0,0.057,3736.92,0.0,8.0,False
5083,2.0,4.0,13.0,0,100000,2.98,43,124,4,0,4,39,0.0,0.043,2819.08,0.0,8.0,False
5084,2.0,4.0,14.0,0,100000,2.98,32,100,3,0,2,30,0.0,0.032,2097.92,0.0,8.0,False
5085,2.0,4.0,15.0,0,100000,2.98,14,82,4,0,0,14,0.0,0.014,917.84,0.0,8.0,False
5086,2.0,4.0,16.0,0,100000,2.98,11,70,1,0,2,9,0.0,0.011,721.16,0.0,8.0,False
5087,2.0,4.0,17.0,0,100000,2.98,9,52,3,0,1,8,0.0,0.009,590.04,0.0,8.0,False
5088,2.0,4.0,18.0,0,100000,2.98,6,51,1,0,0,6,0.0,0.006,393.36,0.0,8.0,False
5089,2.0,4.0,19.0,0,100000,2.98,6,31,1,0,0,6,0.0,0.006,393.36,0.0,8.0,False
5090,2.0,4.0,1.0,0,100000,2.98,17120,10699,313,0,796,16324,0.0,17.12,1122387.2,0.0,8.0,False
5091,2.0,4.0,20.0,0,100000,2.98,6,43,3,0,1,5,0.0,0.006,393.36,0.0,8.0,False
5092,2.0,4.0,2.0,0,100000,2.98,7023,4503,138,0,497,6526,0.0,7.023,460427.88,0.0,8.0,False
5093,2.0,4.0,3.0,0,100000,2.98,3232,2350,75,1,262,2969,0.001,3.232,211889.92,2.12,8.0,False
5094,2.0,4.0,4.0,0,100000,2.98,1817,1391,31,0,192,1625,0.0,1.817,119122.52,0.0,8.0,False
5095,2.0,4.0,5.0,0,100000,2.98,984,934,17,4,82,898,0.004,0.984,64511.04,2.58,8.0,False
5096,2.0,4.0,6.0,0,100000,2.98,631,629,18,0,65,566,0.0,0.631,41368.36,0.0,8.0,False
5097,2.0,4.0,7.0,0,100000,2.98,371,471,15,0,40,331,0.0,0.371,24322.76,0.0,8.0,False
5098,2.0,4.0,8.0,0,100000,2.98,232,360,16,0,15,217,0.0,0.232,15209.92,0.0,8.0,False
5099,2.0,4.0,9.0,0,100000,2.98,177,247,4,0,14,163,0.0,0.177,11604.12,0.0,8.0,False
5100,2.0,5.0,10.0,0,100000,2.98,111,197,5,0,5,106,0.0,0.111,7277.16,0.0,10.0,False
5101,2.0,5.0,11.0,0,100000,2.98,91,175,1,0,6,85,0.0,0.091,5965.96,0.0,10.0,False
5102,2.0,5.0,12.0,0,100000,2.98,63,148,3,0,4,59,0.0,0.063,4130.28,0.0,10.0,False
5103,2.0,5.0,13.0,0,100000,2.98,40,107,6,0,0,40,0.0,0.04,2622.4,0.0,10.0,False
5104,2.0,5.0,14.0,0,100000,2.98,28,127,3,0,1,27,0.0,0.028,1835.68,0.0,10.0,False
5105,2.0,5.0,15.0,0,100000,2.98,16,83,1,0,1,15,0.0,0.016,1048.96,0.0,10.0,False
5106,2.0,5.0,16.0,0,100000,2.98,17,74,1,1,0,16,0.001,0.017,1114.52,0.01,10.0,False
5107,2.0,5.0,17.0,0,100000,2.98,13,59,1,0,1,12,0.0,0.013,852.28,0.0,10.0,False
5108,2.0,5.0,18.0,0,100000,2.98,8,67,0,0,0,8,0.0,0.008,524.48,0.0,10.0,False
5109,2.0,5.0,19.0,0,100000,2.98,7,47,1,0,0,7,0.0,0.007,458.92,0.0,10.0,False
5110,2.0,5.0,1.0,0,100000,2.98,17237,10842,277,0,801,16436,0.0,17.237,1130057.72,0.0,10.0,False
5111,2.0,5.0,20.0,0,100000,2.98,4,38,1,0,0,4,0.0,0.004,262.24,0.0,10.0,False
5112,2.0,5.0,2.0,0,100000,2.98,6953,4512,129,0,538,6415,0.0,6.953,455838.68,0.0,10.0,False
5113,2.0,5.0,3.0,0,100000,2.98,3368,2266,74,1,306,3061,0.001,3.368,220806.08,2.21,10.0,False
5114,2.0,5.0,4.0,0,100000,2.98,1762,1424,43,1,206,1555,0.001,1.762,115516.72,1.16,10.0,False
5115,2.0,5.0,5.0,0,100000,2.98,996,928,22,1,106,889,0.001,0.996,65297.76,0.65,10.0,False
5116,2.0,5.0,6.0,0,100000,2.98,610,651,22,0,56,554,0.0,0.61,39991.6,0.0,10.0,False
5117,2.0,5.0,7.0,0,100000,2.98,410,454,13,0,36,374,0.0,0.41,26879.6,0.0,10.0,False
5118,2.0,5.0,8.0,0,100000,2.98,269,394,12,1,25,243,0.001,0.269,17635.64,0.18,10.0,False
5119,2.0,5.0,9.0,0,100000,2.98,177,269,1,1,16,160,0.001,0.177,11604.12,0.12,10.0,False
5120,2.0,6.0,10.0,0,100000,2.98,117,227,10,1,10,106,0.001,0.117,7670.52,0.08,12.0,False
5121,2.0,6.0,11.0,0,100000,2.98,59,180,0,0,4,55,0.0,0.059,3868.04,0.0,12.0,False
5122,2.0,6.0,12.0,0,100000,2.98,60,174,6,0,5,55,0.0,0.06,3933.6,0.0,12.0,False
5123,2.0,6.0,13.0,0,100000,2.98,38,124,4,0,3,35,0.0,0.038,2491.28,0.0,12.0,False
5124,2.0,6.0,14.0,0,100000,2.98,32,89,3,0,3,29,0.0,0.032,2097.92,0.0,12.0,False
5125,2.0,6.0,15.0,0,100000,2.98,17,96,3,0,1,16,0.0,0.017,1114.52,0.0,12.0,False
5126,2.0,6.0,16.0,0,100000,2.98,18,65,1,0,1,17,0.0,0.018,1180.08,0.0,12.0,False
5127,2.0,6.0,17.0,0,100000,2.98,6,76,3,0,0,6,0.0,0.006,393.36,0.0,12.0,False
5128,2.0,6.0,18.0,0,100000,2.98,8,65,2,0,0,8,0.0,0.008,524.48,0.0,12.0,False
5129,2.0,6.0,19.0,0,100000,2.98,10,57,4,0,1,9,0.0,0.01,655.6,0.0,12.0,False
5130,2.0,6.0,1.0,0,100000,2.98,17212,10701,302,1,808,16403,0.001,17.212,1128418.72,11.28,12.0,False
5131,2.0,6.0,20.0,0,100000,2.98,5,47,2,0,0,5,0.0,0.005,327.8,0.0,12.0,False
5132,2.0,6.0,2.0,0,100000,2.98,7080,4527,133,2,526,6552,0.002,7.08,464164.8,9.28,12.0,False
5133,2.0,6.0,3.0,0,100000,2.98,3377,2287,84,2,291,3084,0.002,3.377,221396.12,4.43,12.0,False
5134,2.0,6.0,4.0,0,100000,2.98,1864,1427,32,3,180,1681,0.003,1.864,122203.84,3.67,12.0,False
5135,2.0,6.0,5.0,0,100000,2.98,1091,925,18,2,111,978,0.002,1.091,71525.96,1.43,12.0,False
5136,2.0,6.0,6.0,0,100000,2.98,660,599,19,1,62,597,0.001,0.66,43269.6,0.43,12.0,False
5137,2.0,6.0,7.0,0,100000,2.98,376,444,6,1,38,337,0.001,0.376,24650.56,0.25,12.0,False
5138,2.0,6.0,8.0,0,100000,2.98,269,343,14,1,28,240,0.001,0.269,17635.64,0.18,12.0,False
5139,2.0,6.0,9.0,0,100000,2.98,150,259,7,0,16,134,0.0,0.15,9834.0,0.0,12.0,False
5140,2.0,7.0,10.0,0,100000,2.98,121,213,5,0,13,108,0.0,0.121,7932.76,0.0,14.0,False
5141,2.0,7.0,11.0,0,100000,2.98,69,164,6,0,4,65,0.0,0.069,4523.64,0.0,14.0,False
5142,2.0,7.0,12.0,0,100000,2.98,57,149,0,0,2,55,0.0,0.057,3736.92,0.0,14.0,False
5143,2.0,7.0,13.0,0,100000,2.98,45,116,2,0,5,40,0.0,0.045,2950.2,0.0,14.0,False
5144,2.0,7.0,14.0,0,100000,2.98,29,102,4,0,1,28,0.0,0.029,1901.24,0.0,14.0,False
5145,2.0,7.0,15.0,0,100000,2.98,15,78,1,0,0,15,0.0,0.015,983.4,0.0,14.0,False
5146,2.0,7.0,16.0,0,100000,2.98,15,84,3,0,3,12,0.0,0.015,983.4,0.0,14.0,False
5147,2.0,7.0,17.0,0,100000,2.98,10,60,3,0,0,10,0.0,0.01,655.6,0.0,14.0,False
5148,2.0,7.0,18.0,0,100000,2.98,5,63,1,0,0,5,0.0,0.005,327.8,0.0,14.0,False
5149,2.0,7.0,19.0,0,100000,2.98,7,51,2,0,0,7,0.0,0.007,458.92,0.0,14.0,False
5150,2.0,7.0,1.0,0,100000,2.98,17118,10401,296,1,821,16296,0.001,17.118,1122256.08,11.22,14.0,False
5151,2.0,7.0,20.0,0,100000,2.98,2,37,2,0,0,2,0.0,0.002,131.12,0.0,14.0,False
5152,2.0,7.0,2.0,0,100000,2.98,6936,4417,162,3,539,6394,0.003,6.936,454724.16,13.64,14.0,False
5153,2.0,7.0,3.0,0,100000,2.98,3339,2318,64,0,328,3011,0.0,3.339,218904.84,0.0,14.0,False
5154,2.0,7.0,4.0,0,100000,2.98,1866,1369,38,2,175,1689,0.002,1.866,122334.96,2.45,14.0,False
5155,2.0,7.0,5.0,0,100000,2.98,1031,920,27,1,118,912,0.001,1.031,67592.36,0.68,14.0,False
5156,2.0,7.0,6.0,0,100000,2.98,646,629,19,0,77,569,0.0,0.646,42351.76,0.0,14.0,False
5157,2.0,7.0,7.0,0,100000,2.98,410,480,11,1,44,365,0.001,0.41,26879.6,0.27,14.0,False
5158,2.0,7.0,8.0,0,100000,2.98,268,310,7,1,28,239,0.001,0.268,17570.08,0.18,14.0,False
5159,2.0,7.0,9.0,0,100000,2.98,162,239,10,1,18,143,0.001,0.162,10620.72,0.11,14.0,False
5160,2.0,8.0,10.0,0,100000,2.98,118,222,9,1,14,103,0.001,0.118,7736.08,0.08,16.0,False
5161,2.0,8.0,11.0,0,100000,2.98,85,183,2,0,7,78,0.0,0.085,5572.6,0.0,16.0,False
5162,2.0,8.0,12.0,0,100000,2.98,51,159,5,0,3,48,0.0,0.051,3343.56,0.0,16.0,False
5163,2.0,8.0,13.0,0,100000,2.98,43,120,1,1,4,38,0.001,0.043,2819.08,0.03,16.0,False
5164,2.0,8.0,14.0,0,100000,2.98,44,105,6,0,4,40,0.0,0.044,2884.64,0.0,16.0,False
5165,2.0,8.0,15.0,0,100000,2.98,20,89,4,0,0,20,0.0,0.02,1311.2,0.0,16.0,False
5166,2.0,8.0,16.0,0,100000,2.98,18,85,2,0,2,16,0.0,0.018,1180.08,0.0,16.0,False
5167,2.0,8.0,17.0,0,100000,2.98,10,81,3,0,2,8,0.0,0.01,655.6,0.0,16.0,False
5168,2.0,8.0,18.0,0,100000,2.98,8,53,5,0,0,8,0.0,0.008,524.48,0.0,16.0,False
5169,2.0,8.0,19.0,0,100000,2.98,6,53,2,0,0,6,0.0,0.006,393.36,0.0,16.0,False
5170,2.0,8.0,1.0,0,100000,2.98,17071,10661,296,0,742,16329,0.0,17.071,1119174.76,0.0,16.0,False
5171,2.0,8.0,20.0,0,100000,2.98,7,59,2,0,0,7,0.0,0.007,458.92,0.0,16.0,False
5172,2.0,8.0,2.0,0,100000,2.98,7055,4579,138,2,595,6458,0.002,7.055,462525.8,9.25,16.0,False
5173,2.0,8.0,3.0,0,100000,2.98,3258,2336,60,3,294,2961,0.003,3.258,213594.48,6.41,16.0,False
5174,2.0,8.0,4.0,0,100000,2.98,1831,1387,37,0,202,1629,0.0,1.831,120040.36,0.0,16.0,False
5175,2.0,8.0,5.0,0,100000,2.98,1072,889,39,0,116,956,0.0,1.072,70280.32,0.0,16.0,False
5176,2.0,8.0,6.0,0,100000,2.98,661,631,14,2,77,582,0.002,0.661,43335.16,0.87,16.0,False
5177,2.0,8.0,7.0,0,100000,2.98,401,443,9,0,49,352,0.0,0.401,26289.56,0.0,16.0,False
5178,2.0,8.0,8.0,0,100000,2.98,266,358,5,1,28,237,0.001,0.266,17438.96,0.17,16.0,False
5179,2.0,8.0,9.0,0,100000,2.98,183,278,9,0,16,167,0.0,0.183,11997.48,0.0,16.0,False
5180,2.0,9.0,10.0,0,100000,2.98,113,219,8,0,15,98,0.0,0.113,7408.28,0.0,18.0,False
5181,2.0,9.0,11.0,0,100000,2.98,95,186,2,1,8,86,0.001,0.095,6228.2,0.06,18.0,False
5182,2.0,9.0,12.0,0,100000,2.98,66,163,6,0,7,59,0.0,0.066,4326.96,0.0,18.0,False
5183,2.0,9.0,13.0,0,100000,2.98,42,109,3,0,3,39,0.0,0.042,2753.52,0.0,18.0,False
5184,2.0,9.0,14.0,0,100000,2.98,32,97,2,0,1,31,0.0,0.032,2097.92,0.0,18.0,False
5185,2.0,9.0,15.0,0,100000,2.98,34,92,2,0,3,31,0.0,0.034,2229.04,0.0,18.0,False
5186,2.0,9.0,16.0,0,100000,2.98,16,96,1,0,3,13,0.0,0.016,1048.96,0.0,18.0,False
5187,2.0,9.0,17.0,0,100000,2.98,13,60,0,0,2,11,0.0,0.013,852.28,0.0,18.0,False
5188,2.0,9.0,18.0,0,100000,2.98,11,62,1,0,0,11,0.0,0.011,721.16,0.0,18.0,False
5189,2.0,9.0,19.0,0,100000,2.98,13,47,1,1,0,12,0.001,0.013,852.28,0.01,18.0,False
5190,2.0,9.0,1.0,0,100000,2.98,17160,10689,327,0,830,16330,0.0,17.16,1125009.6,0.0,18.0,False
5191,2.0,9.0,20.0,0,100000,2.98,4,45,2,0,1,3,0.0,0.004,262.24,0.0,18.0,False
5192,2.0,9.0,2.0,0,100000,2.98,7091,4460,144,1,532,6558,0.001,7.091,464885.96,4.65,18.0,False
5193,2.0,9.0,3.0,0,100000,2.98,3363,2329,82,3,311,3049,0.003,3.363,220478.28,6.61,18.0,False
5194,2.0,9.0,4.0,0,100000,2.98,1796,1384,28,2,208,1586,0.002,1.796,117745.76,2.35,18.0,False
5195,2.0,9.0,5.0,0,100000,2.98,1037,921,21,1,123,913,0.001,1.037,67985.72,0.68,18.0,False
5196,2.0,9.0,6.0,0,100000,2.98,635,631,12,0,84,551,0.0,0.635,41630.6,0.0,18.0,False
5197,2.0,9.0,7.0,0,100000,2.98,422,450,10,0,43,379,0.0,0.422,27666.32,0.0,18.0,False
5198,2.0,9.0,8.0,0,100000,2.98,302,330,8,2,32,268,0.002,0.302,19799.12,0.4,18.0,False
5199,2.0,9.0,9.0,0,100000,2.98,177,290,7,0,17,160,0.0,0.177,11604.12,0.0,18.0,False
5200,3.0,10.0,10.0,0,100000,2.98,153,213,5,4,14,135,0.004,0.153,10030.68,0.4,30.0,False
5201,3.0,10.0,11.0,0,100000,2.98,112,202,2,1,25,86,0.001,0.112,7342.72,0.07,30.0,False
5202,3.0,10.0,12.0,0,100000,2.98,83,167,4,1,8,74,0.001,0.083,5441.48,0.05,30.0,False
5203,3.0,10.0,13.0,0,100000,2.98,56,120,5,1,4,51,0.001,0.056,3671.36,0.04,30.0,False
5204,3.0,10.0,14.0,0,100000,2.98,31,106,7,0,5,26,0.0,0.031,2032.36,0.0,30.0,False
5205,3.0,10.0,15.0,0,100000,2.98,31,87,1,0,6,25,0.0,0.031,2032.36,0.0,30.0,False
5206,3.0,10.0,16.0,0,100000,2.98,20,69,4,0,0,20,0.0,0.02,1311.2,0.0,30.0,False
5207,3.0,10.0,17.0,0,100000,2.98,11,71,4,0,1,10,0.0,0.011,721.16,0.0,30.0,False
5208,3.0,10.0,18.0,0,100000,2.98,12,61,0,0,1,11,0.0,0.012,786.72,0.0,30.0,False
5209,3.0,10.0,19.0,0,100000,2.98,9,61,0,0,1,8,0.0,0.009,590.04,0.0,30.0,False
5210,3.0,10.0,1.0,0,100000,2.98,17535,10259,310,1,854,16680,0.001,17.535,1149594.6,11.5,30.0,False
5211,3.0,10.0,20.0,0,100000,2.98,4,42,1,0,0,4,0.0,0.004,262.24,0.0,30.0,False
5212,3.0,10.0,2.0,0,100000,2.98,7206,4512,160,0,636,6570,0.0,7.206,472425.36,0.0,30.0,False
5213,3.0,10.0,3.0,0,100000,2.98,3585,2314,66,4,467,3114,0.004,3.585,235032.6,9.4,30.0,False
5214,3.0,10.0,4.0,0,100000,2.98,1887,1426,31,5,283,1599,0.005,1.887,123711.72,6.19,30.0,False
5215,3.0,10.0,5.0,0,100000,2.98,1243,939,37,5,198,1040,0.005,1.243,81491.08,4.07,30.0,False
5216,3.0,10.0,6.0,0,100000,2.98,769,645,18,5,127,637,0.005,0.769,50415.64,2.52,30.0,False
5217,3.0,10.0,7.0,0,100000,2.98,499,510,20,3,79,417,0.003,0.499,32714.44,0.98,30.0,False
5218,3.0,10.0,8.0,0,100000,2.98,303,360,16,4,54,245,0.004,0.303,19864.68,0.79,30.0,False
5219,3.0,10.0,9.0,0,100000,2.98,234,293,10,1,42,191,0.001,0.234,15341.04,0.15,30.0,False
5220,3.0,11.0,10.0,0,100000,2.98,150,227,6,0,30,120,0.0,0.15,9834.0,0.0,33.0,False
5221,3.0,11.0,11.0,0,100000,2.98,112,193,8,4,17,91,0.004,0.112,7342.72,0.29,33.0,False
5222,3.0,11.0,12.0,0,100000,2.98,68,172,6,0,12,56,0.0,0.068,4458.08,0.0,33.0,False
5223,3.0,11.0,13.0,0,100000,2.98,68,134,5,0,10,58,0.0,0.068,4458.08,0.0,33.0,False
5224,3.0,11.0,14.0,0,100000,2.98,48,101,6,1,7,40,0.001,0.048,3146.88,0.03,33.0,False
5225,3.0,11.0,15.0,0,100000,2.98,23,91,3,0,1,22,0.0,0.023,1507.88,0.0,33.0,False
5226,3.0,11.0,16.0,0,100000,2.98,22,82,1,0,2,20,0.0,0.022,1442.32,0.0,33.0,False
5227,3.0,11.0,17.0,0,100000,2.98,28,82,2,0,2,26,0.0,0.028,1835.68,0.0,33.0,False
5228,3.0,11.0,18.0,0,100000,2.98,15,64,0,0,1,14,0.0,0.015,983.4,0.0,33.0,False
5229,3.0,11.0,19.0,0,100000,2.98,10,46,2,0,1,9,0.0,0.01,655.6,0.0,33.0,False
5230,3.0,11.0,1.0,0,100000,2.98,17226,10568,325,0,867,16359,0.0,17.226,1129336.56,0.0,33.0,False
5231,3.0,11.0,20.0,0,100000,2.98,7,47,1,0,0,7,0.0,0.007,458.92,0.0,33.0,False
5232,3.0,11.0,2.0,0,100000,2.98,7155,4495,139,5,655,6495,0.005,7.155,469081.8,23.45,33.0,False
5233,3.0,11.0,3.0,0,100000,2.98,3545,2377,72,1,419,3125,0.001,3.545,232410.2,2.32,33.0,False
5234,3.0,11.0,4.0,0,100000,2.98,2021,1344,46,8,302,1711,0.008,2.021,132496.76,10.6,33.0,False
5235,3.0,11.0,5.0,0,100000,2.98,1182,1004,34,4,181,997,0.004,1.182,77491.92,3.1,33.0,False
5236,3.0,11.0,6.0,0,100000,2.98,778,634,14,5,121,652,0.005,0.778,51005.68,2.55,33.0,False
5237,3.0,11.0,7.0,0,100000,2.98,518,545,20,5,80,433,0.005,0.518,33960.08,1.7,33.0,False
5238,3.0,11.0,8.0,0,100000,2.98,324,394,7,2,50,272,0.002,0.324,21241.44,0.42,33.0,False
5239,3.0,11.0,9.0,0,100000,2.98,224,276,5,2,40,182,0.002,0.224,14685.44,0.29,33.0,False
5240,3.0,12.0,10.0,0,100000,2.98,173,223,7,1,29,143,0.001,0.173,11341.88,0.11,36.0,False
5241,3.0,12.0,11.0,0,100000,2.98,119,177,8,1,16,102,0.001,0.119,7801.64,0.08,36.0,False
5242,3.0,12.0,12.0,0,100000,2.98,98,158,4,1,9,88,0.001,0.098,6424.88,0.06,36.0,False
5243,3.0,12.0,13.0,0,100000,2.98,59,132,2,0,12,47,0.0,0.059,3868.04,0.0,36.0,False
5244,3.0,12.0,14.0,0,100000,2.98,41,120,3,1,6,34,0.001,0.041,2687.96,0.03,36.0,False
5245,3.0,12.0,15.0,0,100000,2.98,38,88,2,0,10,28,0.0,0.038,2491.28,0.0,36.0,False
5246,3.0,12.0,16.0,0,100000,2.98,24,83,1,0,3,21,0.0,0.024,1573.44,0.0,36.0,False
5247,3.0,12.0,17.0,0,100000,2.98,19,63,1,0,5,14,0.0,0.019,1245.64,0.0,36.0,False
5248,3.0,12.0,18.0,0,100000,2.98,17,60,1,0,1,16,0.0,0.017,1114.52,0.0,36.0,False
5249,3.0,12.0,19.0,0,100000,2.98,9,49,0,0,2,7,0.0,0.009,590.04,0.0,36.0,False
5250,3.0,12.0,1.0,0,100000,2.98,17293,10478,292,0,934,16359,0.0,17.293,1133729.08,0.0,36.0,False
5251,3.0,12.0,20.0,0,100000,2.98,11,52,2,0,3,8,0.0,0.011,721.16,0.0,36.0,False
5252,3.0,12.0,2.0,0,100000,2.98,7261,4675,150,2,616,6643,0.002,7.261,476031.16,9.52,36.0,False
5253,3.0,12.0,3.0,0,100000,2.98,3541,2310,65,5,400,3136,0.005,3.541,232147.96,11.61,36.0,False
5254,3.0,12.0,4.0,0,100000,2.98,2068,1408,40,6,301,1761,0.006,2.068,135578.08,8.13,36.0,False
5255,3.0,12.0,5.0,0,100000,2.98,1188,856,28,7,201,980,0.007,1.188,77885.28,5.45,36.0,False
5256,3.0,12.0,6.0,0,100000,2.98,764,689,19,6,122,636,0.006,0.764,50087.84,3.01,36.0,False
5257,3.0,12.0,7.0,0,100000,2.98,511,479,14,2,90,419,0.002,0.511,33501.16,0.67,36.0,False
5258,3.0,12.0,8.0,0,100000,2.98,342,354,9,6,62,274,0.006,0.342,22421.52,1.35,36.0,False
5259,3.0,12.0,9.0,0,100000,2.98,238,294,4,1,39,198,0.001,0.238,15603.28,0.16,36.0,False
5260,3.0,13.0,10.0,0,100000,2.98,154,224,13,3,27,124,0.003,0.154,10096.24,0.3,39.0,False
5261,3.0,13.0,11.0,0,100000,2.98,120,189,7,3,23,94,0.003,0.12,7867.2,0.24,39.0,False
5262,3.0,13.0,12.0,0,100000,2.98,68,148,1,2,9,57,0.002,0.068,4458.08,0.09,39.0,False
5263,3.0,13.0,13.0,0,100000,2.98,63,130,2,1,13,49,0.001,0.063,4130.28,0.04,39.0,False
5264,3.0,13.0,14.0,0,100000,2.98,51,110,4,0,7,44,0.0,0.051,3343.56,0.0,39.0,False
5265,3.0,13.0,15.0,0,100000,2.98,35,86,1,0,3,32,0.0,0.035,2294.6,0.0,39.0,False
5266,3.0,13.0,16.0,0,100000,2.98,22,98,2,0,3,19,0.0,0.022,1442.32,0.0,39.0,False
5267,3.0,13.0,17.0,0,100000,2.98,21,68,1,0,1,20,0.0,0.021,1376.76,0.0,39.0,False
5268,3.0,13.0,18.0,0,100000,2.98,16,65,0,0,1,15,0.0,0.016,1048.96,0.0,39.0,False
5269,3.0,13.0,19.0,0,100000,2.98,11,46,1,0,2,9,0.0,0.011,721.16,0.0,39.0,False
5270,3.0,13.0,1.0,0,100000,2.98,17312,10626,298,0,888,16424,0.0,17.312,1134974.72,0.0,39.0,False
5271,3.0,13.0,20.0,0,100000,2.98,7,34,4,0,0,7,0.0,0.007,458.92,0.0,39.0,False
5272,3.0,13.0,2.0,0,100000,2.98,7479,4590,152,1,659,6819,0.001,7.479,490323.24,4.9,39.0,False
5273,3.0,13.0,3.0,0,100000,2.98,3678,2376,84,8,437,3233,0.008,3.678,241129.68,19.29,39.0,False
5274,3.0,13.0,4.0,0,100000,2.98,2031,1428,42,8,298,1725,0.008,2.031,133152.36,10.65,39.0,False
5275,3.0,13.0,5.0,0,100000,2.98,1176,976,30,2,173,1001,0.002,1.176,77098.56,1.54,39.0,False
5276,3.0,13.0,6.0,0,100000,2.98,759,671,20,7,140,612,0.007,0.759,49760.04,3.48,39.0,False
5277,3.0,13.0,7.0,0,100000,2.98,489,461,20,2,89,398,0.002,0.489,32058.84,0.64,39.0,False
5278,3.0,13.0,8.0,0,100000,2.98,350,387,11,5,57,288,0.005,0.35,22946.0,1.15,39.0,False
5279,3.0,13.0,9.0,0,100000,2.98,248,273,5,1,40,207,0.001,0.248,16258.88,0.16,39.0,False
5280,3.0,14.0,10.0,0,100000,2.98,178,255,9,1,31,146,0.001,0.178,11669.68,0.12,42.0,False
5281,3.0,14.0,11.0,0,100000,2.98,103,188,4,0,19,84,0.0,0.103,6752.68,0.0,42.0,False
5282,3.0,14.0,12.0,0,100000,2.98,75,164,0,0,11,64,0.0,0.075,4917.0,0.0,42.0,False
5283,3.0,14.0,13.0,0,100000,2.98,71,138,1,1,8,62,0.001,0.071,4654.76,0.05,42.0,False
5284,3.0,14.0,14.0,0,100000,2.98,43,94,2,0,6,37,0.0,0.043,2819.08,0.0,42.0,False
5285,3.0,14.0,15.0,0,100000,2.98,31,74,3,0,5,26,0.0,0.031,2032.36,0.0,42.0,False
5286,3.0,14.0,16.0,0,100000,2.98,27,83,1,0,2,25,0.0,0.027,1770.12,0.0,42.0,False
5287,3.0,14.0,17.0,0,100000,2.98,15,74,6,0,1,14,0.0,0.015,983.4,0.0,42.0,False
5288,3.0,14.0,18.0,0,100000,2.98,9,59,3,0,2,7,0.0,0.009,590.04,0.0,42.0,False
5289,3.0,14.0,19.0,0,100000,2.98,8,42,0,0,3,5,0.0,0.008,524.48,0.0,42.0,False
5290,3.0,14.0,1.0,0,100000,2.98,17266,10624,303,0,884,16382,0.0,17.266,1131958.96,0.0,42.0,False
5291,3.0,14.0,20.0,0,100000,2.98,9,31,3,0,2,7,0.0,0.009,590.04,0.0,42.0,False
5292,3.0,14.0,2.0,0,100000,2.98,7243,4452,150,3,594,6646,0.003,7.243,474851.08,14.25,42.0,False
5293,3.0,14.0,3.0,0,100000,2.98,3608,2371,79,7,435,3166,0.007,3.608,236540.48,16.56,42.0,False
5294,3.0,14.0,4.0,0,100000,2.98,2022,1413,41,6,280,1736,0.006,2.022,132562.32,7.95,42.0,False
5295,3.0,14.0,5.0,0,100000,2.98,1210,965,35,7,207,996,0.007,1.21,79327.6,5.55,42.0,False
5296,3.0,14.0,6.0,0,100000,2.98,740,636,17,1,132,607,0.001,0.74,48514.4,0.49,42.0,False
5297,3.0,14.0,7.0,0,100000,2.98,450,506,17,4,79,367,0.004,0.45,29502.0,1.18,42.0,False
5298,3.0,14.0,8.0,0,100000,2.98,354,363,12,6,59,289,0.006,0.354,23208.24,1.39,42.0,False
5299,3.0,14.0,9.0,0,100000,2.98,278,293,7,3,47,228,0.003,0.278,18225.68,0.55,42.0,False
5300,3.0,15.0,10.0,0,100000,2.98,153,233,4,3,32,118,0.003,0.153,10030.68,0.3,45.0,False
5301,3.0,15.0,11.0,0,100000,2.98,111,215,6,0,17,94,0.0,0.111,7277.16,0.0,45.0,False
5302,3.0,15.0,12.0,0,100000,2.98,99,165,4,3,15,81,0.003,0.099,6490.44,0.19,45.0,False
5303,3.0,15.0,13.0,0,100000,2.98,67,137,3,1,13,53,0.001,0.067,4392.52,0.04,45.0,False
5304,3.0,15.0,14.0,0,100000,2.98,56,101,3,0,5,51,0.0,0.056,3671.36,0.0,45.0,False
5305,3.0,15.0,15.0,0,100000,2.98,38,80,0,0,5,33,0.0,0.038,2491.28,0.0,45.0,False
5306,3.0,15.0,16.0,0,100000,2.98,32,79,1,0,4,28,0.0,0.032,2097.92,0.0,45.0,False
5307,3.0,15.0,17.0,0,100000,2.98,25,67,1,1,4,20,0.001,0.025,1639.0,0.02,45.0,False
5308,3.0,15.0,18.0,0,100000,2.98,17,61,1,0,2,15,0.0,0.017,1114.52,0.0,45.0,False
5309,3.0,15.0,19.0,0,100000,2.98,20,63,1,0,4,16,0.0,0.02,1311.2,0.0,45.0,False
5310,3.0,15.0,1.0,0,100000,2.98,17612,10689,333,0,857,16755,0.0,17.612,1154642.72,0.0,45.0,False
5311,3.0,15.0,20.0,0,100000,2.98,5,41,2,0,1,4,0.0,0.005,327.8,0.0,45.0,False
5312,3.0,15.0,2.0,0,100000,2.98,7311,4540,174,1,634,6676,0.001,7.311,479309.16,4.79,45.0,False
5313,3.0,15.0,3.0,0,100000,2.98,3602,2328,74,4,480,3118,0.004,3.602,236147.12,9.45,45.0,False
5314,3.0,15.0,4.0,0,100000,2.98,1972,1375,34,9,299,1664,0.009,1.972,129284.32,11.64,45.0,False
5315,3.0,15.0,5.0,0,100000,2.98,1150,928,21,4,202,944,0.004,1.15,75394.0,3.02,45.0,False
5316,3.0,15.0,6.0,0,100000,2.98,761,658,17,6,136,619,0.006,0.761,49891.16,2.99,45.0,False
5317,3.0,15.0,7.0,0,100000,2.98,526,496,8,3,87,436,0.003,0.526,34484.56,1.03,45.0,False
5318,3.0,15.0,8.0,0,100000,2.98,356,353,11,2,67,287,0.002,0.356,23339.36,0.47,45.0,False
5319,3.0,15.0,9.0,0,100000,2.98,228,288,16,3,43,182,0.003,0.228,14947.68,0.45,45.0,False
5320,3.0,16.0,10.0,0,100000,2.98,168,200,8,3,27,138,0.003,0.168,11014.08,0.33,48.0,False
5321,3.0,16.0,11.0,0,100000,2.98,89,167,7,0,14,75,0.0,0.089,5834.84,0.0,48.0,False
5322,3.0,16.0,12.0,0,100000,2.98,78,145,2,1,7,70,0.001,0.078,5113.68,0.05,48.0,False
5323,3.0,16.0,13.0,0,100000,2.98,54,109,1,0,4,50,0.0,0.054,3540.24,0.0,48.0,False
5324,3.0,16.0,14.0,0,100000,2.98,46,114,0,0,5,41,0.0,0.046,3015.76,0.0,48.0,False
5325,3.0,16.0,15.0,0,100000,2.98,34,96,2,1,6,27,0.001,0.034,2229.04,0.02,48.0,False
5326,3.0,16.0,16.0,0,100000,2.98,27,80,0,0,3,24,0.0,0.027,1770.12,0.0,48.0,False
5327,3.0,16.0,17.0,0,100000,2.98,21,78,1,0,1,20,0.0,0.021,1376.76,0.0,48.0,False
5328,3.0,16.0,18.0,0,100000,2.98,20,53,1,1,1,18,0.001,0.02,1311.2,0.01,48.0,False
5329,3.0,16.0,19.0,0,100000,2.98,17,52,0,1,3,13,0.001,0.017,1114.52,0.01,48.0,False
5330,3.0,16.0,1.0,0,100000,2.98,17373,10704,306,1,866,16506,0.001,17.373,1138973.88,11.39,48.0,False
5331,3.0,16.0,20.0,0,100000,2.98,6,48,1,0,1,5,0.0,0.006,393.36,0.0,48.0,False
5332,3.0,16.0,2.0,0,100000,2.98,7186,4416,144,3,619,6564,0.003,7.186,471114.16,14.13,48.0,False
5333,3.0,16.0,3.0,0,100000,2.98,3632,2392,60,3,448,3181,0.003,3.632,238113.92,7.14,48.0,False
5334,3.0,16.0,4.0,0,100000,2.98,2075,1390,42,4,278,1793,0.004,2.075,136037.0,5.44,48.0,False
5335,3.0,16.0,5.0,0,100000,2.98,1229,948,36,9,208,1012,0.009,1.229,80573.24,7.25,48.0,False
5336,3.0,16.0,6.0,0,100000,2.98,753,626,18,5,141,607,0.005,0.753,49366.68,2.47,48.0,False
5337,3.0,16.0,7.0,0,100000,2.98,481,500,14,4,83,394,0.004,0.481,31534.36,1.26,48.0,False
5338,3.0,16.0,8.0,0,100000,2.98,323,372,11,4,59,260,0.004,0.323,21175.88,0.85,48.0,False
5339,3.0,16.0,9.0,0,100000,2.98,229,293,9,2,35,192,0.002,0.229,15013.24,0.3,48.0,False
5340,3.0,17.0,10.0,0,100000,2.98,162,239,9,1,21,140,0.001,0.162,10620.72,0.11,51.0,False
5341,3.0,17.0,11.0,0,100000,2.98,107,191,5,2,15,90,0.002,0.107,7014.92,0.14,51.0,False
5342,3.0,17.0,12.0,0,100000,2.98,85,163,2,0,13,72,0.0,0.085,5572.6,0.0,51.0,False
5343,3.0,17.0,13.0,0,100000,2.98,65,161,7,0,9,56,0.0,0.065,4261.4,0.0,51.0,False
5344,3.0,17.0,14.0,0,100000,2.98,39,118,4,0,5,34,0.0,0.039,2556.84,0.0,51.0,False
5345,3.0,17.0,15.0,0,100000,2.98,33,78,3,1,6,26,0.001,0.033,2163.48,0.02,51.0,False
5346,3.0,17.0,16.0,0,100000,2.98,20,80,3,1,0,19,0.001,0.02,1311.2,0.01,51.0,False
5347,3.0,17.0,17.0,0,100000,2.98,17,62,3,0,1,16,0.0,0.017,1114.52,0.0,51.0,False
5348,3.0,17.0,18.0,0,100000,2.98,24,56,1,0,0,24,0.0,0.024,1573.44,0.0,51.0,False
5349,3.0,17.0,19.0,0,100000,2.98,9,49,2,0,1,8,0.0,0.009,590.04,0.0,51.0,False
5350,3.0,17.0,1.0,0,100000,2.98,17509,10672,289,0,889,16620,0.0,17.509,1147890.04,0.0,51.0,False
5351,3.0,17.0,20.0,0,100000,2.98,6,48,1,0,0,6,0.0,0.006,393.36,0.0,51.0,False
5352,3.0,17.0,2.0,0,100000,2.98,7287,4615,158,3,650,6634,0.003,7.287,477735.72,14.33,51.0,False
5353,3.0,17.0,3.0,0,100000,2.98,3561,2382,82,11,455,3095,0.011,3.561,233459.16,25.68,51.0,False
5354,3.0,17.0,4.0,0,100000,2.98,2091,1390,30,7,290,1794,0.007,2.091,137085.96,9.6,51.0,False
5355,3.0,17.0,5.0,0,100000,2.98,1215,934,28,5,205,1005,0.005,1.215,79655.4,3.98,51.0,False
5356,3.0,17.0,6.0,0,100000,2.98,738,684,15,5,118,615,0.005,0.738,48383.28,2.42,51.0,False
5357,3.0,17.0,7.0,0,100000,2.98,509,523,13,5,88,416,0.005,0.509,33370.04,1.67,51.0,False
5358,3.0,17.0,8.0,0,100000,2.98,354,355,8,3,70,281,0.003,0.354,23208.24,0.7,51.0,False
5359,3.0,17.0,9.0,0,100000,2.98,256,287,8,3,34,219,0.003,0.256,16783.36,0.5,51.0,False
5360,3.0,18.0,10.0,0,100000,2.98,138,242,7,4,27,107,0.004,0.138,9047.28,0.36,54.0,False
5361,3.0,18.0,11.0,0,100000,2.98,118,194,4,3,21,94,0.003,0.118,7736.08,0.23,54.0,False
5362,3.0,18.0,12.0,0,100000,2.98,93,160,3,3,16,74,0.003,0.093,6097.08,0.18,54.0,False
5363,3.0,18.0,13.0,0,100000,2.98,59,144,4,3,4,52,0.003,0.059,3868.04,0.12,54.0,False
5364,3.0,18.0,14.0,0,100000,2.98,36,116,6,1,2,33,0.001,0.036,2360.16,0.02,54.0,False
5365,3.0,18.0,15.0,0,100000,2.98,26,98,3,0,4,22,0.0,0.026,1704.56,0.0,54.0,False
5366,3.0,18.0,16.0,0,100000,2.98,21,88,2,0,4,17,0.0,0.021,1376.76,0.0,54.0,False
5367,3.0,18.0,17.0,0,100000,2.98,14,80,2,0,1,13,0.0,0.014,917.84,0.0,54.0,False
5368,3.0,18.0,18.0,0,100000,2.98,13,67,2,0,0,13,0.0,0.013,852.28,0.0,54.0,False
5369,3.0,18.0,19.0,0,100000,2.98,15,58,2,0,0,15,0.0,0.015,983.4,0.0,54.0,False
5370,3.0,18.0,1.0,0,100000,2.98,17321,10590,308,0,845,16476,0.0,17.321,1135564.76,0.0,54.0,False
5371,3.0,18.0,20.0,0,100000,2.98,9,61,1,0,1,8,0.0,0.009,590.04,0.0,54.0,False
5372,3.0,18.0,2.0,0,100000,2.98,7080,4595,141,3,637,6440,0.003,7.08,464164.8,13.92,54.0,False
5373,3.0,18.0,3.0,0,100000,2.98,3568,2304,58,2,409,3157,0.002,3.568,233918.08,4.68,54.0,False
5374,3.0,18.0,4.0,0,100000,2.98,1975,1429,38,6,297,1672,0.006,1.975,129481.0,7.77,54.0,False
5375,3.0,18.0,5.0,0,100000,2.98,1177,943,26,4,215,958,0.004,1.177,77164.12,3.09,54.0,False
5376,3.0,18.0,6.0,0,100000,2.98,760,658,20,5,108,647,0.005,0.76,49825.6,2.49,54.0,False
5377,3.0,18.0,7.0,0,100000,2.98,507,486,15,6,77,424,0.006,0.507,33238.92,1.99,54.0,False
5378,3.0,18.0,8.0,0,100000,2.98,353,375,9,5,62,286,0.005,0.353,23142.68,1.16,54.0,False
5379,3.0,18.0,9.0,0,100000,2.98,239,290,9,4,42,193,0.004,0.239,15668.84,0.63,54.0,False
5380,3.0,19.0,10.0,0,100000,2.98,159,228,2,1,27,131,0.001,0.159,10424.04,0.1,57.0,False
5381,3.0,19.0,11.0,0,100000,2.98,114,190,6,0,19,95,0.0,0.114,7473.84,0.0,57.0,False
5382,3.0,19.0,12.0,0,100000,2.98,82,154,2,2,17,63,0.002,0.082,5375.92,0.11,57.0,False
5383,3.0,19.0,13.0,0,100000,2.98,67,121,6,2,8,57,0.002,0.067,4392.52,0.09,57.0,False
5384,3.0,19.0,14.0,0,100000,2.98,56,128,0,1,8,47,0.001,0.056,3671.36,0.04,57.0,False
5385,3.0,19.0,15.0,0,100000,2.98,37,76,0,0,5,32,0.0,0.037,2425.72,0.0,57.0,False
5386,3.0,19.0,16.0,0,100000,2.98,18,76,4,1,3,14,0.001,0.018,1180.08,0.01,57.0,False
5387,3.0,19.0,17.0,0,100000,2.98,15,69,2,0,3,12,0.0,0.015,983.4,0.0,57.0,False
5388,3.0,19.0,18.0,0,100000,2.98,16,63,1,0,0,16,0.0,0.016,1048.96,0.0,57.0,False
5389,3.0,19.0,19.0,0,100000,2.98,7,50,0,0,2,5,0.0,0.007,458.92,0.0,57.0,False
5390,3.0,19.0,1.0,0,100000,2.98,17229,10699,322,1,858,16370,0.001,17.229,1129533.24,11.3,57.0,False
5391,3.0,19.0,20.0,0,100000,2.98,9,37,0,0,1,8,0.0,0.009,590.04,0.0,57.0,False
5392,3.0,19.0,2.0,0,100000,2.98,7245,4486,151,4,616,6625,0.004,7.245,474982.2,19.0,57.0,False
5393,3.0,19.0,3.0,0,100000,2.98,3652,2426,66,9,451,3192,0.009,3.652,239425.12,21.55,57.0,False
5394,3.0,19.0,4.0,0,100000,2.98,1995,1410,50,4,332,1659,0.004,1.995,130792.2,5.23,57.0,False
5395,3.0,19.0,5.0,0,100000,2.98,1239,926,24,3,199,1037,0.003,1.239,81228.84,2.44,57.0,False
5396,3.0,19.0,6.0,0,100000,2.98,732,647,21,4,107,621,0.004,0.732,47989.92,1.92,57.0,False
5397,3.0,19.0,7.0,0,100000,2.98,539,447,15,3,85,451,0.003,0.539,35336.84,1.06,57.0,False
5398,3.0,19.0,8.0,0,100000,2.98,348,307,9,5,64,279,0.005,0.348,22814.88,1.14,57.0,False
5399,3.0,19.0,9.0,0,100000,2.98,242,293,15,2,44,196,0.002,0.242,15865.52,0.32,57.0,False
5400,3.0,1.0,10.0,0,100000,2.98,115,190,10,0,0,115,0.0,0.115,7539.4,0.0,3.0,False
5401,3.0,1.0,11.0,0,100000,2.98,93,167,3,0,2,91,0.0,0.093,6097.08,0.0,3.0,False
5402,3.0,1.0,12.0,0,100000,2.98,64,126,0,0,2,62,0.0,0.064,4195.84,0.0,3.0,False
5403,3.0,1.0,13.0,0,100000,2.98,37,113,4,0,1,36,0.0,0.037,2425.72,0.0,3.0,False
5404,3.0,1.0,14.0,0,100000,2.98,33,106,3,0,0,33,0.0,0.033,2163.48,0.0,3.0,False
5405,3.0,1.0,15.0,0,100000,2.98,26,89,1,0,0,26,0.0,0.026,1704.56,0.0,3.0,False
5406,3.0,1.0,16.0,0,100000,2.98,15,81,1,0,0,15,0.0,0.015,983.4,0.0,3.0,False
5407,3.0,1.0,17.0,0,100000,2.98,11,84,2,0,0,11,0.0,0.011,721.16,0.0,3.0,False
5408,3.0,1.0,18.0,0,100000,2.98,10,43,1,0,1,9,0.0,0.01,655.6,0.0,3.0,False
5409,3.0,1.0,19.0,0,100000,2.98,10,39,0,0,0,10,0.0,0.01,655.6,0.0,3.0,False
5410,3.0,1.0,1.0,0,100000,2.98,16816,10666,270,0,601,16215,0.0,16.816,1102456.96,0.0,3.0,False
5411,3.0,1.0,20.0,0,100000,2.98,6,46,2,0,0,6,0.0,0.006,393.36,0.0,3.0,False
5412,3.0,1.0,2.0,0,100000,2.98,6647,4491,117,0,311,6336,0.0,6.647,435777.32,0.0,3.0,False
5413,3.0,1.0,3.0,0,100000,2.98,3142,2406,62,0,137,3005,0.0,3.142,205989.52,0.0,3.0,False
5414,3.0,1.0,4.0,0,100000,2.98,1638,1352,44,0,84,1554,0.0,1.638,107387.28,0.0,3.0,False
5415,3.0,1.0,5.0,0,100000,2.98,972,842,19,0,45,927,0.0,0.972,63724.32,0.0,3.0,False
5416,3.0,1.0,6.0,0,100000,2.98,611,613,13,0,17,594,0.0,0.611,40057.16,0.0,3.0,False
5417,3.0,1.0,7.0,0,100000,2.98,365,410,7,0,9,356,0.0,0.365,23929.4,0.0,3.0,False
5418,3.0,1.0,8.0,0,100000,2.98,263,368,7,0,8,255,0.0,0.263,17242.28,0.0,3.0,False
5419,3.0,1.0,9.0,0,100000,2.98,162,261,6,0,2,160,0.0,0.162,10620.72,0.0,3.0,False
5420,3.0,20.0,10.0,0,100000,2.98,156,232,9,1,24,131,0.001,0.156,10227.36,0.1,60.0,False
5421,3.0,20.0,11.0,0,100000,2.98,128,165,2,1,27,100,0.001,0.128,8391.68,0.08,60.0,False
5422,3.0,20.0,12.0,0,100000,2.98,61,157,3,1,7,53,0.001,0.061,3999.16,0.04,60.0,False
5423,3.0,20.0,13.0,0,100000,2.98,58,133,3,1,9,48,0.001,0.058,3802.48,0.04,60.0,False
5424,3.0,20.0,14.0,0,100000,2.98,55,92,4,1,7,47,0.001,0.055,3605.8,0.04,60.0,False
5425,3.0,20.0,15.0,0,100000,2.98,33,86,6,0,8,25,0.0,0.033,2163.48,0.0,60.0,False
5426,3.0,20.0,16.0,0,100000,2.98,21,77,1,0,4,17,0.0,0.021,1376.76,0.0,60.0,False
5427,3.0,20.0,17.0,0,100000,2.98,19,67,1,0,4,15,0.0,0.019,1245.64,0.0,60.0,False
5428,3.0,20.0,18.0,0,100000,2.98,17,59,1,0,3,14,0.0,0.017,1114.52,0.0,60.0,False
5429,3.0,20.0,19.0,0,100000,2.98,11,44,2,0,1,10,0.0,0.011,721.16,0.0,60.0,False
5430,3.0,20.0,1.0,0,100000,2.98,17436,10652,285,0,887,16549,0.0,17.436,1143104.16,0.0,60.0,False
5431,3.0,20.0,20.0,0,100000,2.98,6,51,0,1,0,5,0.001,0.006,393.36,0.0,60.0,False
5432,3.0,20.0,2.0,0,100000,2.98,7036,4580,151,3,611,6422,0.003,7.036,461280.16,13.84,60.0,False
5433,3.0,20.0,3.0,0,100000,2.98,3638,2327,73,6,455,3177,0.006,3.638,238507.28,14.31,60.0,False
5434,3.0,20.0,4.0,0,100000,2.98,2053,1474,29,7,283,1763,0.007,2.053,134594.68,9.42,60.0,False
5435,3.0,20.0,5.0,0,100000,2.98,1185,913,29,3,181,1001,0.003,1.185,77688.6,2.33,60.0,False
5436,3.0,20.0,6.0,0,100000,2.98,760,617,20,4,118,638,0.004,0.76,49825.6,1.99,60.0,False
5437,3.0,20.0,7.0,0,100000,2.98,495,453,13,7,86,402,0.007,0.495,32452.2,2.27,60.0,False
5438,3.0,20.0,8.0,0,100000,2.98,327,363,11,6,66,255,0.006,0.327,21438.12,1.29,60.0,False
5439,3.0,20.0,9.0,0,100000,2.98,250,263,3,2,36,212,0.002,0.25,16390.0,0.33,60.0,False
5440,3.0,2.0,10.0,0,100000,2.98,90,222,6,0,6,84,0.0,0.09,5900.4,0.0,6.0,False
5441,3.0,2.0,11.0,0,100000,2.98,86,171,6,0,3,83,0.0,0.086,5638.16,0.0,6.0,False
5442,3.0,2.0,12.0,0,100000,2.98,43,136,2,0,2,41,0.0,0.043,2819.08,0.0,6.0,False
5443,3.0,2.0,13.0,0,100000,2.98,32,112,4,0,0,32,0.0,0.032,2097.92,0.0,6.0,False
5444,3.0,2.0,14.0,0,100000,2.98,16,104,1,0,0,16,0.0,0.016,1048.96,0.0,6.0,False
5445,3.0,2.0,15.0,0,100000,2.98,16,65,0,0,1,15,0.0,0.016,1048.96,0.0,6.0,False
5446,3.0,2.0,16.0,0,100000,2.98,10,63,1,0,0,10,0.0,0.01,655.6,0.0,6.0,False
5447,3.0,2.0,17.0,0,100000,2.98,11,56,0,0,0,11,0.0,0.011,721.16,0.0,6.0,False
5448,3.0,2.0,18.0,0,100000,2.98,6,55,0,0,0,6,0.0,0.006,393.36,0.0,6.0,False
5449,3.0,2.0,19.0,0,100000,2.98,5,39,0,0,0,5,0.0,0.005,327.8,0.0,6.0,False
5450,3.0,2.0,1.0,0,100000,2.98,17187,10741,361,0,824,16363,0.0,17.187,1126779.72,0.0,6.0,False
5451,3.0,2.0,20.0,0,100000,2.98,1,41,0,0,0,1,0.0,0.001,65.56,0.0,6.0,False
5452,3.0,2.0,2.0,0,100000,2.98,6944,4447,150,0,559,6385,0.0,6.944,455248.64,0.0,6.0,False
5453,3.0,2.0,3.0,0,100000,2.98,3250,2285,80,1,292,2957,0.001,3.25,213070.0,2.13,6.0,False
5454,3.0,2.0,4.0,0,100000,2.98,1715,1394,41,1,134,1580,0.001,1.715,112435.4,1.12,6.0,False
5455,3.0,2.0,5.0,0,100000,2.98,1024,914,14,1,77,946,0.001,1.024,67133.44,0.67,6.0,False
5456,3.0,2.0,6.0,0,100000,2.98,583,646,20,1,40,542,0.001,0.583,38221.48,0.38,6.0,False
5457,3.0,2.0,7.0,0,100000,2.98,414,440,7,0,26,388,0.0,0.414,27141.84,0.0,6.0,False
5458,3.0,2.0,8.0,0,100000,2.98,249,341,7,0,10,239,0.0,0.249,16324.44,0.0,6.0,False
5459,3.0,2.0,9.0,0,100000,2.98,155,284,3,0,7,148,0.0,0.155,10161.8,0.0,6.0,False
5460,3.0,3.0,10.0,0,100000,2.98,121,215,6,0,9,112,0.0,0.121,7932.76,0.0,9.0,True
5461,3.0,3.0,11.0,0,100000,2.98,97,169,5,0,10,87,0.0,0.097,6359.32,0.0,9.0,True
5462,3.0,3.0,12.0,0,100000,2.98,56,150,4,0,4,52,0.0,0.056,3671.36,0.0,9.0,True
5463,3.0,3.0,13.0,0,100000,2.98,52,117,4,0,0,52,0.0,0.052,3409.12,0.0,9.0,True
5464,3.0,3.0,14.0,0,100000,2.98,33,87,3,0,1,32,0.0,0.033,2163.48,0.0,9.0,True
5465,3.0,3.0,15.0,0,100000,2.98,22,84,1,0,0,22,0.0,0.022,1442.32,0.0,9.0,True
5466,3.0,3.0,16.0,0,100000,2.98,11,66,2,0,1,10,0.0,0.011,721.16,0.0,9.0,True
5467,3.0,3.0,17.0,0,100000,2.98,9,66,2,0,1,8,0.0,0.009,590.04,0.0,9.0,True
5468,3.0,3.0,18.0,0,100000,2.98,5,52,1,0,1,4,0.0,0.005,327.8,0.0,9.0,True
5469,3.0,3.0,19.0,0,100000,2.98,4,41,0,0,1,3,0.0,0.004,262.24,0.0,9.0,True
5470,3.0,3.0,1.0,0,100000,2.98,17380,10699,298,0,875,16505,0.0,17.38,1139432.8,0.0,9.0,True
5471,3.0,3.0,20.0,0,100000,2.98,3,42,0,0,0,3,0.0,0.003,196.68,0.0,9.0,True
5472,3.0,3.0,2.0,0,100000,2.98,7200,4383,139,0,602,6598,0.0,7.2,472032.0,0.0,9.0,True
5473,3.0,3.0,3.0,0,100000,2.98,3446,2341,66,2,387,3057,0.002,3.446,225919.76,4.52,9.0,True
5474,3.0,3.0,4.0,0,100000,2.98,1952,1392,37,2,251,1699,0.002,1.952,127973.12,2.56,9.0,True
5475,3.0,3.0,5.0,0,100000,2.98,1103,909,27,3,151,949,0.003,1.103,72312.68,2.17,9.0,True
5476,3.0,3.0,6.0,0,100000,2.98,670,653,23,2,75,593,0.002,0.67,43925.2,0.88,9.0,True
5477,3.0,3.0,7.0,0,100000,2.98,445,479,14,0,53,392,0.0,0.445,29174.2,0.0,9.0,True
5478,3.0,3.0,8.0,0,100000,2.98,293,361,7,0,24,269,0.0,0.293,19209.08,0.0,9.0,True
5479,3.0,3.0,9.0,0,100000,2.98,172,286,8,1,19,152,0.001,0.172,11276.32,0.11,9.0,True
5480,3.0,4.0,10.0,0,100000,2.98,130,256,13,0,16,114,0.0,0.13,8522.8,0.0,12.0,False
5481,3.0,4.0,11.0,0,100000,2.98,96,167,6,2,6,88,0.002,0.096,6293.76,0.13,12.0,False
5482,3.0,4.0,12.0,0,100000,2.98,69,134,2,0,6,63,0.0,0.069,4523.64,0.0,12.0,False
5483,3.0,4.0,13.0,0,100000,2.98,43,128,2,0,4,39,0.0,0.043,2819.08,0.0,12.0,False
5484,3.0,4.0,14.0,0,100000,2.98,27,96,2,0,1,26,0.0,0.027,1770.12,0.0,12.0,False
5485,3.0,4.0,15.0,0,100000,2.98,20,88,2,0,2,18,0.0,0.02,1311.2,0.0,12.0,False
5486,3.0,4.0,16.0,0,100000,2.98,12,72,0,0,2,10,0.0,0.012,786.72,0.0,12.0,False
5487,3.0,4.0,17.0,0,100000,2.98,12,55,2,0,0,12,0.0,0.012,786.72,0.0,12.0,False
5488,3.0,4.0,18.0,0,100000,2.98,6,62,4,0,0,6,0.0,0.006,393.36,0.0,12.0,False
5489,3.0,4.0,19.0,0,100000,2.98,7,43,2,0,2,5,0.0,0.007,458.92,0.0,12.0,False
5490,3.0,4.0,1.0,0,100000,2.98,17359,10710,276,0,894,16465,0.0,17.359,1138056.04,0.0,12.0,False
5491,3.0,4.0,20.0,0,100000,2.98,5,38,0,0,0,5,0.0,0.005,327.8,0.0,12.0,False
5492,3.0,4.0,2.0,0,100000,2.98,7149,4535,148,1,629,6519,0.001,7.149,468688.44,4.69,12.0,False
5493,3.0,4.0,3.0,0,100000,2.98,3479,2289,77,4,376,3099,0.004,3.479,228083.24,9.12,12.0,False
5494,3.0,4.0,4.0,0,100000,2.98,1965,1383,40,2,250,1713,0.002,1.965,128825.4,2.58,12.0,False
5495,3.0,4.0,5.0,0,100000,2.98,1154,919,21,1,155,998,0.001,1.154,75656.24,0.76,12.0,False
5496,3.0,4.0,6.0,0,100000,2.98,763,679,16,1,104,658,0.001,0.763,50022.28,0.5,12.0,False
5497,3.0,4.0,7.0,0,100000,2.98,463,455,17,1,62,400,0.001,0.463,30354.28,0.3,12.0,False
5498,3.0,4.0,8.0,0,100000,2.98,291,377,9,3,42,246,0.003,0.291,19077.96,0.57,12.0,False
5499,3.0,4.0,9.0,0,100000,2.98,219,277,11,2,35,182,0.002,0.219,14357.64,0.29,12.0,False
5500,3.0,5.0,10.0,0,100000,2.98,143,225,9,1,21,121,0.001,0.143,9375.08,0.09,15.0,False
5501,3.0,5.0,11.0,0,100000,2.98,96,195,2,1,12,83,0.001,0.096,6293.76,0.06,15.0,False
5502,3.0,5.0,12.0,0,100000,2.98,68,159,6,0,5,63,0.0,0.068,4458.08,0.0,15.0,False
5503,3.0,5.0,13.0,0,100000,2.98,44,107,5,0,3,41,0.0,0.044,2884.64,0.0,15.0,False
5504,3.0,5.0,14.0,0,100000,2.98,49,104,3,0,2,47,0.0,0.049,3212.44,0.0,15.0,False
5505,3.0,5.0,15.0,0,100000,2.98,36,80,4,0,2,34,0.0,0.036,2360.16,0.0,15.0,False
5506,3.0,5.0,16.0,0,100000,2.98,14,90,1,0,0,14,0.0,0.014,917.84,0.0,15.0,False
5507,3.0,5.0,17.0,0,100000,2.98,23,70,3,0,1,22,0.0,0.023,1507.88,0.0,15.0,False
5508,3.0,5.0,18.0,0,100000,2.98,12,68,5,0,1,11,0.0,0.012,786.72,0.0,15.0,False
5509,3.0,5.0,19.0,0,100000,2.98,4,47,1,0,1,3,0.0,0.004,262.24,0.0,15.0,False
5510,3.0,5.0,1.0,0,100000,2.98,17351,10656,314,0,853,16498,0.0,17.351,1137531.56,0.0,15.0,False
5511,3.0,5.0,20.0,0,100000,2.98,6,39,1,0,0,6,0.0,0.006,393.36,0.0,15.0,False
5512,3.0,5.0,2.0,0,100000,2.98,7160,4473,144,0,617,6543,0.0,7.16,469409.6,0.0,15.0,False
5513,3.0,5.0,3.0,0,100000,2.98,3479,2414,77,7,423,3049,0.007,3.479,228083.24,15.97,15.0,False
5514,3.0,5.0,4.0,0,100000,2.98,2021,1476,44,2,280,1739,0.002,2.021,132496.76,2.65,15.0,False
5515,3.0,5.0,5.0,0,100000,2.98,1183,942,28,2,200,981,0.002,1.183,77557.48,1.55,15.0,False
5516,3.0,5.0,6.0,0,100000,2.98,753,636,20,7,112,634,0.007,0.753,49366.68,3.46,15.0,False
5517,3.0,5.0,7.0,0,100000,2.98,483,496,15,7,76,400,0.007,0.483,31665.48,2.22,15.0,False
5518,3.0,5.0,8.0,0,100000,2.98,327,376,14,0,59,268,0.0,0.327,21438.12,0.0,15.0,False
5519,3.0,5.0,9.0,0,100000,2.98,222,284,8,1,25,196,0.001,0.222,14554.32,0.15,15.0,False
5520,3.0,6.0,10.0,0,100000,2.98,186,218,9,3,25,158,0.003,0.186,12194.16,0.37,18.0,False
5521,3.0,6.0,11.0,0,100000,2.98,79,172,4,1,10,68,0.001,0.079,5179.24,0.05,18.0,False
5522,3.0,6.0,12.0,0,100000,2.98,77,156,1,0,8,69,0.0,0.077,5048.12,0.0,18.0,False
5523,3.0,6.0,13.0,0,100000,2.98,48,125,5,0,10,38,0.0,0.048,3146.88,0.0,18.0,False
5524,3.0,6.0,14.0,0,100000,2.98,50,113,3,0,3,47,0.0,0.05,3278.0,0.0,18.0,False
5525,3.0,6.0,15.0,0,100000,2.98,27,99,2,0,2,25,0.0,0.027,1770.12,0.0,18.0,False
5526,3.0,6.0,16.0,0,100000,2.98,25,80,3,0,2,23,0.0,0.025,1639.0,0.0,18.0,False
5527,3.0,6.0,17.0,0,100000,2.98,17,57,2,0,0,17,0.0,0.017,1114.52,0.0,18.0,False
5528,3.0,6.0,18.0,0,100000,2.98,8,42,1,0,3,5,0.0,0.008,524.48,0.0,18.0,False
5529,3.0,6.0,19.0,0,100000,2.98,7,41,1,0,1,6,0.0,0.007,458.92,0.0,18.0,False
5530,3.0,6.0,1.0,0,100000,2.98,17568,10738,327,1,909,16658,0.001,17.568,1151758.08,11.52,18.0,False
5531,3.0,6.0,20.0,0,100000,2.98,9,44,1,1,2,6,0.001,0.009,590.04,0.01,18.0,False
5532,3.0,6.0,2.0,0,100000,2.98,7135,4515,143,2,610,6523,0.002,7.135,467770.6,9.36,18.0,False
5533,3.0,6.0,3.0,0,100000,2.98,3593,2295,75,7,437,3149,0.007,3.593,235557.08,16.49,18.0,False
5534,3.0,6.0,4.0,0,100000,2.98,1972,1469,40,2,277,1693,0.002,1.972,129284.32,2.59,18.0,False
5535,3.0,6.0,5.0,0,100000,2.98,1179,925,31,4,191,984,0.004,1.179,77295.24,3.09,18.0,False
5536,3.0,6.0,6.0,0,100000,2.98,716,655,14,1,111,604,0.001,0.716,46940.96,0.47,18.0,False
5537,3.0,6.0,7.0,0,100000,2.98,503,488,15,0,69,434,0.0,0.503,32976.68,0.0,18.0,False
5538,3.0,6.0,8.0,0,100000,2.98,321,374,6,0,46,275,0.0,0.321,21044.76,0.0,18.0,False
5539,3.0,6.0,9.0,0,100000,2.98,238,309,4,4,32,202,0.004,0.238,15603.28,0.62,18.0,False
5540,3.0,7.0,10.0,0,100000,2.98,171,230,15,1,23,147,0.001,0.171,11210.76,0.11,21.0,False
5541,3.0,7.0,11.0,0,100000,2.98,126,198,7,1,18,107,0.001,0.126,8260.56,0.08,21.0,False
5542,3.0,7.0,12.0,0,100000,2.98,85,149,7,2,12,71,0.002,0.085,5572.6,0.11,21.0,False
5543,3.0,7.0,13.0,0,100000,2.98,58,162,4,1,7,50,0.001,0.058,3802.48,0.04,21.0,False
5544,3.0,7.0,14.0,0,100000,2.98,44,104,1,0,7,37,0.0,0.044,2884.64,0.0,21.0,False
5545,3.0,7.0,15.0,0,100000,2.98,31,87,4,0,6,25,0.0,0.031,2032.36,0.0,21.0,False
5546,3.0,7.0,16.0,0,100000,2.98,17,71,2,0,3,14,0.0,0.017,1114.52,0.0,21.0,False
5547,3.0,7.0,17.0,0,100000,2.98,20,58,3,0,1,19,0.0,0.02,1311.2,0.0,21.0,False
5548,3.0,7.0,18.0,0,100000,2.98,15,65,1,0,3,12,0.0,0.015,983.4,0.0,21.0,False
5549,3.0,7.0,19.0,0,100000,2.98,6,45,1,0,1,5,0.0,0.006,393.36,0.0,21.0,False
5550,3.0,7.0,1.0,0,100000,2.98,17457,10603,303,0,942,16515,0.0,17.457,1144480.92,0.0,21.0,False
5551,3.0,7.0,20.0,0,100000,2.98,4,37,0,0,1,3,0.0,0.004,262.24,0.0,21.0,False
5552,3.0,7.0,2.0,0,100000,2.98,7279,4494,149,2,640,6637,0.002,7.279,477211.24,9.54,21.0,False
5553,3.0,7.0,3.0,0,100000,2.98,3572,2447,80,3,469,3100,0.003,3.572,234180.32,7.03,21.0,False
5554,3.0,7.0,4.0,0,100000,2.98,1965,1439,45,8,307,1650,0.008,1.965,128825.4,10.31,21.0,False
5555,3.0,7.0,5.0,0,100000,2.98,1224,882,27,3,200,1021,0.003,1.224,80245.44,2.41,21.0,False
5556,3.0,7.0,6.0,0,100000,2.98,740,641,23,4,114,622,0.004,0.74,48514.4,1.94,21.0,False
5557,3.0,7.0,7.0,0,100000,2.98,466,498,19,3,65,398,0.003,0.466,30550.96,0.92,21.0,False
5558,3.0,7.0,8.0,0,100000,2.98,322,388,6,4,57,261,0.004,0.322,21110.32,0.84,21.0,False
5559,3.0,7.0,9.0,0,100000,2.98,232,284,3,2,31,199,0.002,0.232,15209.92,0.3,21.0,False
5560,3.0,8.0,10.0,0,100000,2.98,139,233,9,1,30,108,0.001,0.139,9112.84,0.09,24.0,False
5561,3.0,8.0,11.0,0,100000,2.98,127,193,4,0,14,113,0.0,0.127,8326.12,0.0,24.0,False
5562,3.0,8.0,12.0,0,100000,2.98,91,140,6,0,15,76,0.0,0.091,5965.96,0.0,24.0,False
5563,3.0,8.0,13.0,0,100000,2.98,47,125,4,1,6,40,0.001,0.047,3081.32,0.03,24.0,False
5564,3.0,8.0,14.0,0,100000,2.98,28,124,8,0,4,24,0.0,0.028,1835.68,0.0,24.0,False
5565,3.0,8.0,15.0,0,100000,2.98,41,86,2,0,3,38,0.0,0.041,2687.96,0.0,24.0,False
5566,3.0,8.0,16.0,0,100000,2.98,34,79,3,0,4,30,0.0,0.034,2229.04,0.0,24.0,False
5567,3.0,8.0,17.0,0,100000,2.98,14,73,3,0,1,13,0.0,0.014,917.84,0.0,24.0,False
5568,3.0,8.0,18.0,0,100000,2.98,12,50,2,0,2,10,0.0,0.012,786.72,0.0,24.0,False
5569,3.0,8.0,19.0,0,100000,2.98,10,44,1,0,2,8,0.0,0.01,655.6,0.0,24.0,False
5570,3.0,8.0,1.0,0,100000,2.98,17681,10791,332,0,889,16792,0.0,17.681,1159166.36,0.0,24.0,False
5571,3.0,8.0,20.0,0,100000,2.98,9,37,1,1,0,8,0.001,0.009,590.04,0.01,24.0,False
5572,3.0,8.0,2.0,0,100000,2.98,7269,4533,149,3,660,6606,0.003,7.269,476555.64,14.3,24.0,False
5573,3.0,8.0,3.0,0,100000,2.98,3577,2279,88,4,448,3125,0.004,3.577,234508.12,9.38,24.0,False
5574,3.0,8.0,4.0,0,100000,2.98,2038,1509,57,5,305,1728,0.005,2.038,133611.28,6.68,24.0,False
5575,3.0,8.0,5.0,0,100000,2.98,1240,870,15,7,204,1029,0.007,1.24,81294.4,5.69,24.0,False
5576,3.0,8.0,6.0,0,100000,2.98,768,662,22,6,124,638,0.006,0.768,50350.08,3.02,24.0,False
5577,3.0,8.0,7.0,0,100000,2.98,473,478,10,2,85,386,0.002,0.473,31009.88,0.62,24.0,False
5578,3.0,8.0,8.0,0,100000,2.98,327,348,15,2,51,274,0.002,0.327,21438.12,0.43,24.0,False
5579,3.0,8.0,9.0,0,100000,2.98,256,293,7,0,47,209,0.0,0.256,16783.36,0.0,24.0,False
5580,3.0,9.0,10.0,0,100000,2.98,169,233,6,4,22,143,0.004,0.169,11079.64,0.44,27.0,False
5581,3.0,9.0,11.0,0,100000,2.98,116,173,6,2,24,90,0.002,0.116,7604.96,0.15,27.0,False
5582,3.0,9.0,12.0,0,100000,2.98,78,167,11,1,15,62,0.001,0.078,5113.68,0.05,27.0,False
5583,3.0,9.0,13.0,0,100000,2.98,71,117,4,0,6,65,0.0,0.071,4654.76,0.0,27.0,False
5584,3.0,9.0,14.0,0,100000,2.98,39,97,4,0,7,32,0.0,0.039,2556.84,0.0,27.0,False
5585,3.0,9.0,15.0,0,100000,2.98,33,77,5,0,3,30,0.0,0.033,2163.48,0.0,27.0,False
5586,3.0,9.0,16.0,0,100000,2.98,16,75,3,0,3,13,0.0,0.016,1048.96,0.0,27.0,False
5587,3.0,9.0,17.0,0,100000,2.98,20,50,2,0,0,20,0.0,0.02,1311.2,0.0,27.0,False
5588,3.0,9.0,18.0,0,100000,2.98,11,77,2,0,0,11,0.0,0.011,721.16,0.0,27.0,False
5589,3.0,9.0,19.0,0,100000,2.98,7,57,2,0,1,6,0.0,0.007,458.92,0.0,27.0,False
5590,3.0,9.0,1.0,0,100000,2.98,17374,10586,307,1,920,16453,0.001,17.374,1139039.44,11.39,27.0,False
5591,3.0,9.0,20.0,0,100000,2.98,7,53,3,0,3,4,0.0,0.007,458.92,0.0,27.0,False
5592,3.0,9.0,2.0,0,100000,2.98,6917,4513,149,2,593,6322,0.002,6.917,453478.52,9.07,27.0,False
5593,3.0,9.0,3.0,0,100000,2.98,3648,2323,65,6,455,3187,0.006,3.648,239162.88,14.35,27.0,False
5594,3.0,9.0,4.0,0,100000,2.98,2064,1414,54,6,278,1780,0.006,2.064,135315.84,8.12,27.0,False
5595,3.0,9.0,5.0,0,100000,2.98,1187,968,34,2,195,990,0.002,1.187,77819.72,1.56,27.0,False
5596,3.0,9.0,6.0,0,100000,2.98,785,670,18,3,131,651,0.003,0.785,51464.6,1.54,27.0,False
5597,3.0,9.0,7.0,0,100000,2.98,518,494,11,6,86,426,0.006,0.518,33960.08,2.04,27.0,False
5598,3.0,9.0,8.0,0,100000,2.98,344,359,10,4,62,278,0.004,0.344,22552.64,0.9,27.0,False
5599,3.0,9.0,9.0,0,100000,2.98,223,292,7,4,35,184,0.004,0.223,14619.88,0.58,27.0,False
5600,4.0,10.0,10.0,0,100000,2.98,171,245,11,3,38,130,0.003,0.171,11210.76,0.34,40.0,False
5601,4.0,10.0,11.0,0,100000,2.98,132,189,3,6,35,91,0.006,0.132,8653.92,0.52,40.0,False
5602,4.0,10.0,12.0,0,100000,2.98,82,163,6,1,18,63,0.001,0.082,5375.92,0.05,40.0,False
5603,4.0,10.0,13.0,0,100000,2.98,72,139,5,3,13,56,0.003,0.072,4720.32,0.14,40.0,False
5604,4.0,10.0,14.0,0,100000,2.98,53,102,5,1,6,46,0.001,0.053,3474.68,0.03,40.0,False
5605,4.0,10.0,15.0,0,100000,2.98,33,90,4,0,9,24,0.0,0.033,2163.48,0.0,40.0,False
5606,4.0,10.0,16.0,0,100000,2.98,26,93,0,0,1,25,0.0,0.026,1704.56,0.0,40.0,False
5607,4.0,10.0,17.0,0,100000,2.98,35,75,4,0,5,30,0.0,0.035,2294.6,0.0,40.0,False
5608,4.0,10.0,18.0,0,100000,2.98,18,71,1,1,2,15,0.001,0.018,1180.08,0.01,40.0,False
5609,4.0,10.0,19.0,0,100000,2.98,13,52,6,0,4,9,0.0,0.013,852.28,0.0,40.0,False
5610,4.0,10.0,1.0,0,100000,2.98,17347,10720,296,1,901,16445,0.001,17.347,1137269.32,11.37,40.0,False
5611,4.0,10.0,20.0,0,100000,2.98,10,57,0,0,2,8,0.0,0.01,655.6,0.0,40.0,False
5612,4.0,10.0,2.0,0,100000,2.98,7130,4607,138,5,708,6417,0.005,7.13,467442.8,23.37,40.0,False
5613,4.0,10.0,3.0,0,100000,2.98,3565,2271,83,12,495,3058,0.012,3.565,233721.4,28.05,40.0,False
5614,4.0,10.0,4.0,0,100000,2.98,2057,1474,49,7,339,1711,0.007,2.057,134856.92,9.44,40.0,False
5615,4.0,10.0,5.0,0,100000,2.98,1363,971,22,11,253,1099,0.011,1.363,89358.28,9.83,40.0,False
5616,4.0,10.0,6.0,0,100000,2.98,887,730,23,12,183,692,0.012,0.887,58151.72,6.98,40.0,False
5617,4.0,10.0,7.0,0,100000,2.98,552,519,18,11,118,423,0.011,0.552,36189.12,3.98,40.0,False
5618,4.0,10.0,8.0,0,100000,2.98,377,386,9,5,84,288,0.005,0.377,24716.12,1.24,40.0,False
5619,4.0,10.0,9.0,0,100000,2.98,265,308,11,7,61,197,0.007,0.265,17373.4,1.22,40.0,False
5620,4.0,11.0,10.0,0,100000,2.98,190,234,5,4,49,137,0.004,0.19,12456.4,0.5,44.0,False
5621,4.0,11.0,11.0,0,100000,2.98,107,167,7,2,21,84,0.002,0.107,7014.92,0.14,44.0,False
5622,4.0,11.0,12.0,0,100000,2.98,114,160,6,2,29,83,0.002,0.114,7473.84,0.15,44.0,False
5623,4.0,11.0,13.0,0,100000,2.98,61,137,5,2,7,52,0.002,0.061,3999.16,0.08,44.0,False
5624,4.0,11.0,14.0,0,100000,2.98,57,110,5,0,16,41,0.0,0.057,3736.92,0.0,44.0,False
5625,4.0,11.0,15.0,0,100000,2.98,42,103,3,0,8,34,0.0,0.042,2753.52,0.0,44.0,False
5626,4.0,11.0,16.0,0,100000,2.98,23,97,4,0,3,20,0.0,0.023,1507.88,0.0,44.0,False
5627,4.0,11.0,17.0,0,100000,2.98,20,59,0,0,1,19,0.0,0.02,1311.2,0.0,44.0,False
5628,4.0,11.0,18.0,0,100000,2.98,12,56,1,1,5,6,0.001,0.012,786.72,0.01,44.0,False
5629,4.0,11.0,19.0,0,100000,2.98,16,44,2,0,2,14,0.0,0.016,1048.96,0.0,44.0,False
5630,4.0,11.0,1.0,0,100000,2.98,17524,10688,326,0,863,16661,0.0,17.524,1148873.44,0.0,44.0,False
5631,4.0,11.0,20.0,0,100000,2.98,17,39,1,0,3,14,0.0,0.017,1114.52,0.0,44.0,False
5632,4.0,11.0,2.0,0,100000,2.98,7187,4615,142,4,721,6462,0.004,7.187,471179.72,18.85,44.0,False
5633,4.0,11.0,3.0,0,100000,2.98,3536,2364,65,8,482,3046,0.008,3.536,231820.16,18.55,44.0,False
5634,4.0,11.0,4.0,0,100000,2.98,2072,1409,50,9,367,1696,0.009,2.072,135840.32,12.23,44.0,False
5635,4.0,11.0,5.0,0,100000,2.98,1301,936,39,12,250,1039,0.012,1.301,85293.56,10.24,44.0,False
5636,4.0,11.0,6.0,0,100000,2.98,816,680,18,10,169,637,0.01,0.816,53496.96,5.35,44.0,False
5637,4.0,11.0,7.0,0,100000,2.98,589,457,10,12,114,463,0.012,0.589,38614.84,4.63,44.0,False
5638,4.0,11.0,8.0,0,100000,2.98,363,368,9,6,82,275,0.006,0.363,23798.28,1.43,44.0,False
5639,4.0,11.0,9.0,0,100000,2.98,278,286,12,7,67,204,0.007,0.278,18225.68,1.28,44.0,False
5640,4.0,12.0,10.0,0,100000,2.98,207,232,4,9,44,154,0.009,0.207,13570.92,1.22,48.0,False
5641,4.0,12.0,11.0,0,100000,2.98,130,187,5,5,26,99,0.005,0.13,8522.8,0.43,48.0,False
5642,4.0,12.0,12.0,0,100000,2.98,105,155,3,2,24,79,0.002,0.105,6883.8,0.14,48.0,False
5643,4.0,12.0,13.0,0,100000,2.98,75,137,4,2,14,59,0.002,0.075,4917.0,0.1,48.0,False
5644,4.0,12.0,14.0,0,100000,2.98,55,91,0,3,10,42,0.003,0.055,3605.8,0.11,48.0,False
5645,4.0,12.0,15.0,0,100000,2.98,33,92,1,1,9,23,0.001,0.033,2163.48,0.02,48.0,False
5646,4.0,12.0,16.0,0,100000,2.98,31,85,4,0,5,26,0.0,0.031,2032.36,0.0,48.0,False
5647,4.0,12.0,17.0,0,100000,2.98,30,79,3,0,3,27,0.0,0.03,1966.8,0.0,48.0,False
5648,4.0,12.0,18.0,0,100000,2.98,20,53,1,0,2,18,0.0,0.02,1311.2,0.0,48.0,False
5649,4.0,12.0,19.0,0,100000,2.98,9,62,2,0,1,8,0.0,0.009,590.04,0.0,48.0,False
5650,4.0,12.0,1.0,0,100000,2.98,17437,10677,312,0,877,16560,0.0,17.437,1143169.72,0.0,48.0,False
5651,4.0,12.0,20.0,0,100000,2.98,12,44,1,0,2,10,0.0,0.012,786.72,0.0,48.0,False
5652,4.0,12.0,2.0,0,100000,2.98,7213,4440,141,3,701,6509,0.003,7.213,472884.28,14.19,48.0,False
5653,4.0,12.0,3.0,0,100000,2.98,3703,2347,64,9,507,3187,0.009,3.703,242768.68,21.85,48.0,False
5654,4.0,12.0,4.0,0,100000,2.98,2042,1417,50,6,354,1682,0.006,2.042,133873.52,8.03,48.0,False
5655,4.0,12.0,5.0,0,100000,2.98,1357,952,28,13,235,1109,0.013,1.357,88964.92,11.57,48.0,False
5656,4.0,12.0,6.0,0,100000,2.98,829,649,20,14,173,642,0.014,0.829,54349.24,7.61,48.0,False
5657,4.0,12.0,7.0,0,100000,2.98,576,486,14,10,122,444,0.01,0.576,37762.56,3.78,48.0,False
5658,4.0,12.0,8.0,0,100000,2.98,412,371,14,9,84,319,0.009,0.412,27010.72,2.43,48.0,False
5659,4.0,12.0,9.0,0,100000,2.98,280,316,5,10,46,224,0.01,0.28,18356.8,1.84,48.0,False
5660,4.0,13.0,10.0,0,100000,2.98,197,230,10,9,43,145,0.009,0.197,12915.32,1.16,52.0,False
5661,4.0,13.0,11.0,0,100000,2.98,138,202,6,5,32,101,0.005,0.138,9047.28,0.45,52.0,False
5662,4.0,13.0,12.0,0,100000,2.98,89,180,1,2,23,64,0.002,0.089,5834.84,0.12,52.0,False
5663,4.0,13.0,13.0,0,100000,2.98,73,129,1,1,18,54,0.001,0.073,4785.88,0.05,52.0,False
5664,4.0,13.0,14.0,0,100000,2.98,36,117,1,0,8,28,0.0,0.036,2360.16,0.0,52.0,False
5665,4.0,13.0,15.0,0,100000,2.98,35,95,3,2,6,27,0.002,0.035,2294.6,0.05,52.0,False
5666,4.0,13.0,16.0,0,100000,2.98,29,78,4,1,8,20,0.001,0.029,1901.24,0.02,52.0,False
5667,4.0,13.0,17.0,0,100000,2.98,26,63,0,1,3,22,0.001,0.026,1704.56,0.02,52.0,False
5668,4.0,13.0,18.0,0,100000,2.98,10,55,1,1,1,8,0.001,0.01,655.6,0.01,52.0,False
5669,4.0,13.0,19.0,0,100000,2.98,9,52,2,0,1,8,0.0,0.009,590.04,0.0,52.0,False
5670,4.0,13.0,1.0,0,100000,2.98,17373,10674,353,1,894,16478,0.001,17.373,1138973.88,11.39,52.0,False
5671,4.0,13.0,20.0,0,100000,2.98,8,44,2,1,1,6,0.001,0.008,524.48,0.01,52.0,False
5672,4.0,13.0,2.0,0,100000,2.98,7231,4557,164,3,660,6568,0.003,7.231,474064.36,14.22,52.0,False
5673,4.0,13.0,3.0,0,100000,2.98,3600,2332,70,6,485,3109,0.006,3.6,236016.0,14.16,52.0,False
5674,4.0,13.0,4.0,0,100000,2.98,2057,1396,42,10,339,1708,0.01,2.057,134856.92,13.49,52.0,False
5675,4.0,13.0,5.0,0,100000,2.98,1275,964,24,10,279,986,0.01,1.275,83589.0,8.36,52.0,False
5676,4.0,13.0,6.0,0,100000,2.98,862,654,15,12,191,659,0.012,0.862,56512.72,6.78,52.0,False
5677,4.0,13.0,7.0,0,100000,2.98,598,476,12,20,114,464,0.02,0.598,39204.88,7.84,52.0,False
5678,4.0,13.0,8.0,0,100000,2.98,398,379,6,7,89,302,0.007,0.398,26092.88,1.83,52.0,False
5679,4.0,13.0,9.0,0,100000,2.98,246,282,12,8,58,180,0.008,0.246,16127.76,1.29,52.0,False
5680,4.0,14.0,10.0,0,100000,2.98,176,256,9,6,36,134,0.006,0.176,11538.56,0.69,56.0,False
5681,4.0,14.0,11.0,0,100000,2.98,127,182,2,7,25,95,0.007,0.127,8326.12,0.58,56.0,False
5682,4.0,14.0,12.0,0,100000,2.98,91,157,0,0,23,68,0.0,0.091,5965.96,0.0,56.0,False
5683,4.0,14.0,13.0,0,100000,2.98,61,147,4,2,9,50,0.002,0.061,3999.16,0.08,56.0,False
5684,4.0,14.0,14.0,0,100000,2.98,43,109,4,1,8,34,0.001,0.043,2819.08,0.03,56.0,False
5685,4.0,14.0,15.0,0,100000,2.98,46,85,5,1,6,39,0.001,0.046,3015.76,0.03,56.0,False
5686,4.0,14.0,16.0,0,100000,2.98,27,81,4,0,10,17,0.0,0.027,1770.12,0.0,56.0,False
5687,4.0,14.0,17.0,0,100000,2.98,14,75,0,1,2,11,0.001,0.014,917.84,0.01,56.0,False
5688,4.0,14.0,18.0,0,100000,2.98,14,56,3,1,2,11,0.001,0.014,917.84,0.01,56.0,False
5689,4.0,14.0,19.0,0,100000,2.98,17,52,3,0,5,12,0.0,0.017,1114.52,0.0,56.0,False
5690,4.0,14.0,1.0,0,100000,2.98,17491,10712,304,2,954,16535,0.002,17.491,1146709.96,22.93,56.0,False
5691,4.0,14.0,20.0,0,100000,2.98,3,49,0,0,1,2,0.0,0.003,196.68,0.0,56.0,False
5692,4.0,14.0,2.0,0,100000,2.98,7255,4531,153,5,637,6613,0.005,7.255,475637.8,23.78,56.0,False
5693,4.0,14.0,3.0,0,100000,2.98,3729,2323,81,14,475,3240,0.014,3.729,244473.24,34.23,56.0,False
5694,4.0,14.0,4.0,0,100000,2.98,2094,1431,46,8,334,1752,0.008,2.094,137282.64,10.98,56.0,False
5695,4.0,14.0,5.0,0,100000,2.98,1282,960,15,11,238,1033,0.011,1.282,84047.92,9.25,56.0,False
5696,4.0,14.0,6.0,0,100000,2.98,859,681,21,12,160,687,0.012,0.859,56316.04,6.76,56.0,False
5697,4.0,14.0,7.0,0,100000,2.98,600,444,10,11,134,455,0.011,0.6,39336.0,4.33,56.0,False
5698,4.0,14.0,8.0,0,100000,2.98,379,363,12,11,95,273,0.011,0.379,24847.24,2.73,56.0,False
5699,4.0,14.0,9.0,0,100000,2.98,259,285,5,8,61,190,0.008,0.259,16980.04,1.36,56.0,False
5700,4.0,15.0,10.0,0,100000,2.98,202,236,11,6,47,149,0.006,0.202,13243.12,0.79,60.0,False
5701,4.0,15.0,11.0,0,100000,2.98,147,184,2,1,37,109,0.001,0.147,9637.32,0.1,60.0,False
5702,4.0,15.0,12.0,0,100000,2.98,110,182,2,3,21,86,0.003,0.11,7211.6,0.22,60.0,False
5703,4.0,15.0,13.0,0,100000,2.98,78,132,6,2,19,57,0.002,0.078,5113.68,0.1,60.0,False
5704,4.0,15.0,14.0,0,100000,2.98,59,133,5,0,16,43,0.0,0.059,3868.04,0.0,60.0,False
5705,4.0,15.0,15.0,0,100000,2.98,45,105,6,0,11,34,0.0,0.045,2950.2,0.0,60.0,False
5706,4.0,15.0,16.0,0,100000,2.98,22,89,3,0,1,21,0.0,0.022,1442.32,0.0,60.0,False
5707,4.0,15.0,17.0,0,100000,2.98,34,59,1,0,5,29,0.0,0.034,2229.04,0.0,60.0,False
5708,4.0,15.0,18.0,0,100000,2.98,11,63,3,0,1,10,0.0,0.011,721.16,0.0,60.0,False
5709,4.0,15.0,19.0,0,100000,2.98,8,66,1,1,2,5,0.001,0.008,524.48,0.01,60.0,False
5710,4.0,15.0,1.0,0,100000,2.98,17323,10668,283,1,966,16356,0.001,17.323,1135695.88,11.36,60.0,False
5711,4.0,15.0,20.0,0,100000,2.98,8,43,0,0,1,7,0.0,0.008,524.48,0.0,60.0,False
5712,4.0,15.0,2.0,0,100000,2.98,7266,4501,142,5,657,6604,0.005,7.266,476358.96,23.82,60.0,False
5713,4.0,15.0,3.0,0,100000,2.98,3579,2387,67,10,515,3054,0.01,3.579,234639.24,23.46,60.0,False
5714,4.0,15.0,4.0,0,100000,2.98,2091,1481,36,14,339,1738,0.014,2.091,137085.96,19.19,60.0,False
5715,4.0,15.0,5.0,0,100000,2.98,1266,922,18,18,266,982,0.018,1.266,82998.96,14.94,60.0,False
5716,4.0,15.0,6.0,0,100000,2.98,819,657,22,6,170,643,0.006,0.819,53693.64,3.22,60.0,False
5717,4.0,15.0,7.0,0,100000,2.98,599,470,12,13,132,454,0.013,0.599,39270.44,5.11,60.0,False
5718,4.0,15.0,8.0,0,100000,2.98,425,393,7,14,97,314,0.014,0.425,27863.0,3.9,60.0,False
5719,4.0,15.0,9.0,0,100000,2.98,273,265,10,8,72,193,0.008,0.273,17897.88,1.43,60.0,False
5720,4.0,16.0,10.0,0,100000,2.98,198,239,3,3,43,152,0.003,0.198,12980.88,0.39,64.0,False
5721,4.0,16.0,11.0,0,100000,2.98,127,188,4,4,40,83,0.004,0.127,8326.12,0.33,64.0,False
5722,4.0,16.0,12.0,0,100000,2.98,100,166,6,7,22,71,0.007,0.1,6556.0,0.46,64.0,False
5723,4.0,16.0,13.0,0,100000,2.98,72,121,3,4,16,52,0.004,0.072,4720.32,0.19,64.0,False
5724,4.0,16.0,14.0,0,100000,2.98,43,102,1,5,7,31,0.005,0.043,2819.08,0.14,64.0,False
5725,4.0,16.0,15.0,0,100000,2.98,38,96,2,0,12,26,0.0,0.038,2491.28,0.0,64.0,False
5726,4.0,16.0,16.0,0,100000,2.98,17,93,3,1,0,16,0.001,0.017,1114.52,0.01,64.0,False
5727,4.0,16.0,17.0,0,100000,2.98,15,60,2,0,3,12,0.0,0.015,983.4,0.0,64.0,False
5728,4.0,16.0,18.0,0,100000,2.98,17,71,3,0,1,16,0.0,0.017,1114.52,0.0,64.0,False
5729,4.0,16.0,19.0,0,100000,2.98,14,51,1,2,3,9,0.002,0.014,917.84,0.02,64.0,False
5730,4.0,16.0,1.0,0,100000,2.98,17332,10733,338,0,919,16413,0.0,17.332,1136285.92,0.0,64.0,False
5731,4.0,16.0,20.0,0,100000,2.98,21,55,3,1,5,15,0.001,0.021,1376.76,0.01,64.0,False
5732,4.0,16.0,2.0,0,100000,2.98,7205,4572,149,6,651,6548,0.006,7.205,472359.8,28.34,64.0,False
5733,4.0,16.0,3.0,0,100000,2.98,3698,2354,68,6,469,3223,0.006,3.698,242440.88,14.55,64.0,False
5734,4.0,16.0,4.0,0,100000,2.98,2082,1382,35,19,331,1732,0.019,2.082,136495.92,25.93,64.0,False
5735,4.0,16.0,5.0,0,100000,2.98,1359,934,23,12,279,1068,0.012,1.359,89096.04,10.69,64.0,False
5736,4.0,16.0,6.0,0,100000,2.98,891,667,21,11,191,689,0.011,0.891,58413.96,6.43,64.0,False
5737,4.0,16.0,7.0,0,100000,2.98,565,445,10,8,121,436,0.008,0.565,37041.4,2.96,64.0,False
5738,4.0,16.0,8.0,0,100000,2.98,399,361,8,7,95,297,0.007,0.399,26158.44,1.83,64.0,False
5739,4.0,16.0,9.0,0,100000,2.98,284,331,8,4,54,226,0.004,0.284,18619.04,0.74,64.0,False
5740,4.0,17.0,10.0,0,100000,2.98,213,216,12,5,46,162,0.005,0.213,13964.28,0.7,68.0,False
5741,4.0,17.0,11.0,0,100000,2.98,151,183,6,4,40,107,0.004,0.151,9899.56,0.4,68.0,False
5742,4.0,17.0,12.0,0,100000,2.98,99,182,3,3,25,71,0.003,0.099,6490.44,0.19,68.0,False
5743,4.0,17.0,13.0,0,100000,2.98,76,158,5,2,13,61,0.002,0.076,4982.56,0.1,68.0,False
5744,4.0,17.0,14.0,0,100000,2.98,46,107,4,0,8,38,0.0,0.046,3015.76,0.0,68.0,False
5745,4.0,17.0,15.0,0,100000,2.98,32,89,6,0,9,23,0.0,0.032,2097.92,0.0,68.0,False
5746,4.0,17.0,16.0,0,100000,2.98,23,80,0,2,5,16,0.002,0.023,1507.88,0.03,68.0,False
5747,4.0,17.0,17.0,0,100000,2.98,32,63,1,3,5,24,0.003,0.032,2097.92,0.06,68.0,False
5748,4.0,17.0,18.0,0,100000,2.98,14,50,2,1,5,8,0.001,0.014,917.84,0.01,68.0,False
5749,4.0,17.0,19.0,0,100000,2.98,19,60,0,2,4,13,0.002,0.019,1245.64,0.02,68.0,False
5750,4.0,17.0,1.0,0,100000,2.98,17445,10602,315,1,939,16505,0.001,17.445,1143694.2,11.44,68.0,False
5751,4.0,17.0,20.0,0,100000,2.98,8,66,1,0,2,6,0.0,0.008,524.48,0.0,68.0,False
5752,4.0,17.0,2.0,0,100000,2.98,7266,4469,146,4,622,6640,0.004,7.266,476358.96,19.05,68.0,False
5753,4.0,17.0,3.0,0,100000,2.98,3609,2362,62,12,486,3111,0.012,3.609,236606.04,28.39,68.0,False
5754,4.0,17.0,4.0,0,100000,2.98,2084,1431,45,8,328,1748,0.008,2.084,136627.04,10.93,68.0,False
5755,4.0,17.0,5.0,0,100000,2.98,1291,939,32,16,235,1040,0.016,1.291,84637.96,13.54,68.0,False
5756,4.0,17.0,6.0,0,100000,2.98,820,704,17,10,157,653,0.01,0.82,53759.2,5.38,68.0,False
5757,4.0,17.0,7.0,0,100000,2.98,602,504,11,14,99,489,0.014,0.602,39467.12,5.53,68.0,False
5758,4.0,17.0,8.0,0,100000,2.98,411,384,9,10,80,321,0.01,0.411,26945.16,2.69,68.0,False
5759,4.0,17.0,9.0,0,100000,2.98,243,284,9,5,53,185,0.005,0.243,15931.08,0.8,68.0,False
5760,4.0,18.0,10.0,0,100000,2.98,192,259,9,5,50,137,0.005,0.192,12587.52,0.63,72.0,False
5761,4.0,18.0,11.0,0,100000,2.98,127,175,6,3,33,91,0.003,0.127,8326.12,0.25,72.0,False
5762,4.0,18.0,12.0,0,100000,2.98,102,176,3,7,24,71,0.007,0.102,6687.12,0.47,72.0,False
5763,4.0,18.0,13.0,0,100000,2.98,91,140,3,2,26,63,0.002,0.091,5965.96,0.12,72.0,False
5764,4.0,18.0,14.0,0,100000,2.98,42,127,4,2,7,33,0.002,0.042,2753.52,0.06,72.0,False
5765,4.0,18.0,15.0,0,100000,2.98,36,87,5,1,7,28,0.001,0.036,2360.16,0.02,72.0,False
5766,4.0,18.0,16.0,0,100000,2.98,19,87,1,0,6,13,0.0,0.019,1245.64,0.0,72.0,False
5767,4.0,18.0,17.0,0,100000,2.98,22,69,2,1,4,17,0.001,0.022,1442.32,0.01,72.0,False
5768,4.0,18.0,18.0,0,100000,2.98,11,59,1,0,2,9,0.0,0.011,721.16,0.0,72.0,False
5769,4.0,18.0,19.0,0,100000,2.98,17,59,0,0,4,13,0.0,0.017,1114.52,0.0,72.0,False
5770,4.0,18.0,1.0,0,100000,2.98,17383,10802,283,0,905,16478,0.0,17.383,1139629.48,0.0,72.0,False
5771,4.0,18.0,20.0,0,100000,2.98,11,55,3,0,0,11,0.0,0.011,721.16,0.0,72.0,False
5772,4.0,18.0,2.0,0,100000,2.98,7218,4549,124,1,666,6551,0.001,7.218,473212.08,4.73,72.0,False
5773,4.0,18.0,3.0,0,100000,2.98,3626,2379,73,9,516,3101,0.009,3.626,237720.56,21.39,72.0,False
5774,4.0,18.0,4.0,0,100000,2.98,2074,1360,55,6,328,1740,0.006,2.074,135971.44,8.16,72.0,False
5775,4.0,18.0,5.0,0,100000,2.98,1332,947,25,9,282,1041,0.009,1.332,87325.92,7.86,72.0,False
5776,4.0,18.0,6.0,0,100000,2.98,847,657,22,15,183,649,0.015,0.847,55529.32,8.33,72.0,False
5777,4.0,18.0,7.0,0,100000,2.98,572,450,18,9,125,438,0.009,0.572,37500.32,3.38,72.0,False
5778,4.0,18.0,8.0,0,100000,2.98,384,348,13,11,80,293,0.011,0.384,25175.04,2.77,72.0,False
5779,4.0,18.0,9.0,0,100000,2.98,283,322,13,5,66,212,0.005,0.283,18553.48,0.93,72.0,False
5780,4.0,19.0,10.0,0,100000,2.98,181,242,5,2,45,134,0.002,0.181,11866.36,0.24,76.0,False
5781,4.0,19.0,11.0,0,100000,2.98,129,215,10,1,31,97,0.001,0.129,8457.24,0.08,76.0,False
5782,4.0,19.0,12.0,0,100000,2.98,100,153,8,3,22,75,0.003,0.1,6556.0,0.2,76.0,False
5783,4.0,19.0,13.0,0,100000,2.98,80,141,4,2,21,57,0.002,0.08,5244.8,0.1,76.0,False
5784,4.0,19.0,14.0,0,100000,2.98,56,92,1,2,10,44,0.002,0.056,3671.36,0.07,76.0,False
5785,4.0,19.0,15.0,0,100000,2.98,45,90,2,0,6,39,0.0,0.045,2950.2,0.0,76.0,False
5786,4.0,19.0,16.0,0,100000,2.98,29,77,3,0,3,26,0.0,0.029,1901.24,0.0,76.0,False
5787,4.0,19.0,17.0,0,100000,2.98,15,75,3,0,4,11,0.0,0.015,983.4,0.0,76.0,False
5788,4.0,19.0,18.0,0,100000,2.98,20,63,3,0,4,16,0.0,0.02,1311.2,0.0,76.0,False
5789,4.0,19.0,19.0,0,100000,2.98,14,64,0,1,5,8,0.001,0.014,917.84,0.01,76.0,False
5790,4.0,19.0,1.0,0,100000,2.98,17479,10561,307,0,864,16615,0.0,17.479,1145923.24,0.0,76.0,False
5791,4.0,19.0,20.0,0,100000,2.98,10,38,1,0,3,7,0.0,0.01,655.6,0.0,76.0,False
5792,4.0,19.0,2.0,0,100000,2.98,7241,4527,174,1,668,6572,0.001,7.241,474719.96,4.75,76.0,False
5793,4.0,19.0,3.0,0,100000,2.98,3596,2339,77,10,491,3095,0.01,3.596,235753.76,23.58,76.0,False
5794,4.0,19.0,4.0,0,100000,2.98,2087,1375,49,10,340,1737,0.01,2.087,136823.72,13.68,76.0,False
5795,4.0,19.0,5.0,0,100000,2.98,1255,977,29,10,256,989,0.01,1.255,82277.8,8.23,76.0,False
5796,4.0,19.0,6.0,0,100000,2.98,805,659,18,10,156,639,0.01,0.805,52775.8,5.28,76.0,False
5797,4.0,19.0,7.0,0,100000,2.98,576,499,15,13,121,442,0.013,0.576,37762.56,4.91,76.0,False
5798,4.0,19.0,8.0,0,100000,2.98,390,391,13,10,86,294,0.01,0.39,25568.4,2.56,76.0,False
5799,4.0,19.0,9.0,0,100000,2.98,279,307,7,8,64,207,0.008,0.279,18291.24,1.46,76.0,False
5800,4.0,1.0,10.0,0,100000,2.98,116,195,7,0,1,115,0.0,0.116,7604.96,0.0,4.0,False
5801,4.0,1.0,11.0,0,100000,2.98,83,170,3,0,4,79,0.0,0.083,5441.48,0.0,4.0,False
5802,4.0,1.0,12.0,0,100000,2.98,64,141,2,0,0,64,0.0,0.064,4195.84,0.0,4.0,False
5803,4.0,1.0,13.0,0,100000,2.98,46,104,2,0,0,46,0.0,0.046,3015.76,0.0,4.0,False
5804,4.0,1.0,14.0,0,100000,2.98,48,110,2,0,0,48,0.0,0.048,3146.88,0.0,4.0,False
5805,4.0,1.0,15.0,0,100000,2.98,25,74,3,0,0,25,0.0,0.025,1639.0,0.0,4.0,False
5806,4.0,1.0,16.0,0,100000,2.98,16,73,0,0,0,16,0.0,0.016,1048.96,0.0,4.0,False
5807,4.0,1.0,17.0,0,100000,2.98,19,57,0,0,0,19,0.0,0.019,1245.64,0.0,4.0,False
5808,4.0,1.0,18.0,0,100000,2.98,11,64,1,0,0,11,0.0,0.011,721.16,0.0,4.0,False
5809,4.0,1.0,19.0,0,100000,2.98,14,45,1,0,0,14,0.0,0.014,917.84,0.0,4.0,False
5810,4.0,1.0,1.0,0,100000,2.98,16968,10605,255,0,625,16343,0.0,16.968,1112422.08,0.0,4.0,False
5811,4.0,1.0,20.0,0,100000,2.98,7,60,1,0,0,7,0.0,0.007,458.92,0.0,4.0,False
5812,4.0,1.0,2.0,0,100000,2.98,6637,4344,130,0,338,6299,0.0,6.637,435121.72,0.0,4.0,False
5813,4.0,1.0,3.0,0,100000,2.98,3140,2250,66,0,134,3006,0.0,3.14,205858.4,0.0,4.0,False
5814,4.0,1.0,4.0,0,100000,2.98,1650,1365,40,0,71,1579,0.0,1.65,108174.0,0.0,4.0,False
5815,4.0,1.0,5.0,0,100000,2.98,969,856,18,0,39,930,0.0,0.969,63527.64,0.0,4.0,False
5816,4.0,1.0,6.0,0,100000,2.98,588,604,16,0,28,560,0.0,0.588,38549.28,0.0,4.0,False
5817,4.0,1.0,7.0,0,100000,2.98,405,463,14,0,13,392,0.0,0.405,26551.8,0.0,4.0,False
5818,4.0,1.0,8.0,0,100000,2.98,265,373,4,0,12,253,0.0,0.265,17373.4,0.0,4.0,False
5819,4.0,1.0,9.0,0,100000,2.98,182,257,3,0,5,177,0.0,0.182,11931.92,0.0,4.0,False
5820,4.0,20.0,10.0,0,100000,2.98,186,244,12,6,34,146,0.006,0.186,12194.16,0.73,80.0,False
5821,4.0,20.0,11.0,0,100000,2.98,150,191,9,10,31,109,0.01,0.15,9834.0,0.98,80.0,False
5822,4.0,20.0,12.0,0,100000,2.98,83,160,4,4,21,58,0.004,0.083,5441.48,0.22,80.0,False
5823,4.0,20.0,13.0,0,100000,2.98,82,140,1,4,12,66,0.004,0.082,5375.92,0.22,80.0,False
5824,4.0,20.0,14.0,0,100000,2.98,53,118,1,2,10,41,0.002,0.053,3474.68,0.07,80.0,False
5825,4.0,20.0,15.0,0,100000,2.98,50,97,4,3,5,42,0.003,0.05,3278.0,0.1,80.0,False
5826,4.0,20.0,16.0,0,100000,2.98,26,82,5,0,4,22,0.0,0.026,1704.56,0.0,80.0,False
5827,4.0,20.0,17.0,0,100000,2.98,22,68,1,2,6,14,0.002,0.022,1442.32,0.03,80.0,False
5828,4.0,20.0,18.0,0,100000,2.98,11,81,3,1,4,6,0.001,0.011,721.16,0.01,80.0,False
5829,4.0,20.0,19.0,0,100000,2.98,14,57,3,1,6,7,0.001,0.014,917.84,0.01,80.0,False
5830,4.0,20.0,1.0,0,100000,2.98,17395,10515,299,1,927,16467,0.001,17.395,1140416.2,11.4,80.0,False
5831,4.0,20.0,20.0,0,100000,2.98,12,52,0,0,4,8,0.0,0.012,786.72,0.0,80.0,False
5832,4.0,20.0,2.0,0,100000,2.98,7274,4560,159,1,679,6594,0.001,7.274,476883.44,4.77,80.0,False
5833,4.0,20.0,3.0,0,100000,2.98,3692,2400,88,10,509,3173,0.01,3.692,242047.52,24.2,80.0,False
5834,4.0,20.0,4.0,0,100000,2.98,2044,1382,40,10,344,1690,0.01,2.044,134004.64,13.4,80.0,False
5835,4.0,20.0,5.0,0,100000,2.98,1360,951,27,14,275,1071,0.014,1.36,89161.6,12.48,80.0,False
5836,4.0,20.0,6.0,0,100000,2.98,880,633,14,8,187,685,0.008,0.88,57692.8,4.62,80.0,False
5837,4.0,20.0,7.0,0,100000,2.98,550,446,18,11,122,417,0.011,0.55,36058.0,3.97,80.0,False
5838,4.0,20.0,8.0,0,100000,2.98,357,370,9,6,75,276,0.006,0.357,23404.92,1.4,80.0,False
5839,4.0,20.0,9.0,0,100000,2.98,255,338,7,7,47,201,0.007,0.255,16717.8,1.17,80.0,False
5840,4.0,2.0,10.0,0,100000,2.98,109,211,7,0,2,107,0.0,0.109,7146.04,0.0,8.0,False
5841,4.0,2.0,11.0,0,100000,2.98,69,166,3,0,5,64,0.0,0.069,4523.64,0.0,8.0,False
5842,4.0,2.0,12.0,0,100000,2.98,71,145,2,0,4,67,0.0,0.071,4654.76,0.0,8.0,False
5843,4.0,2.0,13.0,0,100000,2.98,29,113,5,0,3,26,0.0,0.029,1901.24,0.0,8.0,False
5844,4.0,2.0,14.0,0,100000,2.98,29,102,2,0,2,27,0.0,0.029,1901.24,0.0,8.0,False
5845,4.0,2.0,15.0,0,100000,2.98,17,91,3,0,2,15,0.0,0.017,1114.52,0.0,8.0,False
5846,4.0,2.0,16.0,0,100000,2.98,10,77,1,0,0,10,0.0,0.01,655.6,0.0,8.0,False
5847,4.0,2.0,17.0,0,100000,2.98,9,52,2,0,0,9,0.0,0.009,590.04,0.0,8.0,False
5848,4.0,2.0,18.0,0,100000,2.98,5,52,2,0,0,5,0.0,0.005,327.8,0.0,8.0,False
5849,4.0,2.0,19.0,0,100000,2.98,8,43,1,0,0,8,0.0,0.008,524.48,0.0,8.0,False
5850,4.0,2.0,1.0,0,100000,2.98,17132,10601,296,0,866,16266,0.0,17.132,1123173.92,0.0,8.0,False
5851,4.0,2.0,20.0,0,100000,2.98,2,41,0,0,0,2,0.0,0.002,131.12,0.0,8.0,False
5852,4.0,2.0,2.0,0,100000,2.98,6937,4565,136,1,509,6427,0.001,6.937,454789.72,4.55,8.0,False
5853,4.0,2.0,3.0,0,100000,2.98,3344,2333,59,5,295,3044,0.005,3.344,219232.64,10.96,8.0,False
5854,4.0,2.0,4.0,0,100000,2.98,1781,1292,42,0,162,1619,0.0,1.781,116762.36,0.0,8.0,False
5855,4.0,2.0,5.0,0,100000,2.98,1067,891,26,1,112,954,0.001,1.067,69952.52,0.7,8.0,False
5856,4.0,2.0,6.0,0,100000,2.98,599,643,18,0,54,545,0.0,0.599,39270.44,0.0,8.0,False
5857,4.0,2.0,7.0,0,100000,2.98,382,460,8,0,38,344,0.0,0.382,25043.92,0.0,8.0,False
5858,4.0,2.0,8.0,0,100000,2.98,248,333,5,1,18,229,0.001,0.248,16258.88,0.16,8.0,False
5859,4.0,2.0,9.0,0,100000,2.98,180,279,5,0,9,171,0.0,0.18,11800.8,0.0,8.0,False
5860,4.0,3.0,10.0,0,100000,2.98,140,222,2,2,18,120,0.002,0.14,9178.4,0.18,12.0,False
5861,4.0,3.0,11.0,0,100000,2.98,113,178,6,1,16,96,0.001,0.113,7408.28,0.07,12.0,False
5862,4.0,3.0,12.0,0,100000,2.98,57,158,6,1,7,49,0.001,0.057,3736.92,0.04,12.0,False
5863,4.0,3.0,13.0,0,100000,2.98,51,118,3,0,5,46,0.0,0.051,3343.56,0.0,12.0,False
5864,4.0,3.0,14.0,0,100000,2.98,34,92,2,0,0,34,0.0,0.034,2229.04,0.0,12.0,False
5865,4.0,3.0,15.0,0,100000,2.98,35,93,3,0,2,33,0.0,0.035,2294.6,0.0,12.0,False
5866,4.0,3.0,16.0,0,100000,2.98,18,82,5,0,0,18,0.0,0.018,1180.08,0.0,12.0,False
5867,4.0,3.0,17.0,0,100000,2.98,17,62,2,0,1,16,0.0,0.017,1114.52,0.0,12.0,False
5868,4.0,3.0,18.0,0,100000,2.98,6,48,1,0,0,6,0.0,0.006,393.36,0.0,12.0,False
5869,4.0,3.0,19.0,0,100000,2.98,3,62,1,0,0,3,0.0,0.003,196.68,0.0,12.0,False
5870,4.0,3.0,1.0,0,100000,2.98,17334,10803,315,0,911,16423,0.0,17.334,1136417.04,0.0,12.0,False
5871,4.0,3.0,20.0,0,100000,2.98,2,37,3,0,0,2,0.0,0.002,131.12,0.0,12.0,False
5872,4.0,3.0,2.0,0,100000,2.98,6986,4490,141,0,626,6360,0.0,6.986,458002.16,0.0,12.0,False
5873,4.0,3.0,3.0,0,100000,2.98,3603,2311,71,2,488,3113,0.002,3.603,236212.68,4.72,12.0,False
5874,4.0,3.0,4.0,0,100000,2.98,1941,1384,44,5,253,1683,0.005,1.941,127251.96,6.36,12.0,False
5875,4.0,3.0,5.0,0,100000,2.98,1132,898,33,1,171,960,0.001,1.132,74213.92,0.74,12.0,False
5876,4.0,3.0,6.0,0,100000,2.98,728,666,24,1,103,624,0.001,0.728,47727.68,0.48,12.0,False
5877,4.0,3.0,7.0,0,100000,2.98,495,429,11,0,73,422,0.0,0.495,32452.2,0.0,12.0,False
5878,4.0,3.0,8.0,0,100000,2.98,299,354,10,1,36,262,0.001,0.299,19602.44,0.2,12.0,False
5879,4.0,3.0,9.0,0,100000,2.98,198,281,5,1,26,171,0.001,0.198,12980.88,0.13,12.0,False
5880,4.0,4.0,10.0,0,100000,2.98,157,208,4,0,29,128,0.0,0.157,10292.92,0.0,16.0,True
5881,4.0,4.0,11.0,0,100000,2.98,111,165,3,0,13,98,0.0,0.111,7277.16,0.0,16.0,True
5882,4.0,4.0,12.0,0,100000,2.98,67,132,2,0,9,58,0.0,0.067,4392.52,0.0,16.0,True
5883,4.0,4.0,13.0,0,100000,2.98,46,128,4,0,3,43,0.0,0.046,3015.76,0.0,16.0,True
5884,4.0,4.0,14.0,0,100000,2.98,32,101,3,2,1,29,0.002,0.032,2097.92,0.04,16.0,True
5885,4.0,4.0,15.0,0,100000,2.98,26,96,4,0,2,24,0.0,0.026,1704.56,0.0,16.0,True
5886,4.0,4.0,16.0,0,100000,2.98,11,77,2,0,4,7,0.0,0.011,721.16,0.0,16.0,True
5887,4.0,4.0,17.0,0,100000,2.98,18,64,2,0,3,15,0.0,0.018,1180.08,0.0,16.0,True
5888,4.0,4.0,18.0,0,100000,2.98,8,57,0,0,0,8,0.0,0.008,524.48,0.0,16.0,True
5889,4.0,4.0,19.0,0,100000,2.98,3,40,1,0,1,2,0.0,0.003,196.68,0.0,16.0,True
5890,4.0,4.0,1.0,0,100000,2.98,17386,10764,291,0,880,16506,0.0,17.386,1139826.16,0.0,16.0,True
5891,4.0,4.0,20.0,0,100000,2.98,6,39,1,0,0,6,0.0,0.006,393.36,0.0,16.0,True
5892,4.0,4.0,2.0,0,100000,2.98,7152,4568,136,4,643,6505,0.004,7.152,468885.12,18.76,16.0,True
5893,4.0,4.0,3.0,0,100000,2.98,3518,2408,74,5,449,3064,0.005,3.518,230640.08,11.53,16.0,True
5894,4.0,4.0,4.0,0,100000,2.98,2066,1419,51,6,312,1748,0.006,2.066,135446.96,8.13,16.0,True
5895,4.0,4.0,5.0,0,100000,2.98,1186,909,29,6,189,991,0.006,1.186,77754.16,4.67,16.0,True
5896,4.0,4.0,6.0,0,100000,2.98,784,621,16,9,127,648,0.009,0.784,51399.04,4.63,16.0,True
5897,4.0,4.0,7.0,0,100000,2.98,547,436,18,2,91,454,0.002,0.547,35861.32,0.72,16.0,True
5898,4.0,4.0,8.0,0,100000,2.98,313,424,13,4,57,252,0.004,0.313,20520.28,0.82,16.0,True
5899,4.0,4.0,9.0,0,100000,2.98,227,291,7,0,37,190,0.0,0.227,14882.12,0.0,16.0,True
5900,4.0,5.0,10.0,0,100000,2.98,152,211,8,0,29,123,0.0,0.152,9965.12,0.0,20.0,False
5901,4.0,5.0,11.0,0,100000,2.98,118,189,6,3,20,95,0.003,0.118,7736.08,0.23,20.0,False
5902,4.0,5.0,12.0,0,100000,2.98,69,156,5,1,11,57,0.001,0.069,4523.64,0.05,20.0,False
5903,4.0,5.0,13.0,0,100000,2.98,54,111,3,0,9,45,0.0,0.054,3540.24,0.0,20.0,False
5904,4.0,5.0,14.0,0,100000,2.98,45,105,2,0,7,38,0.0,0.045,2950.2,0.0,20.0,False
5905,4.0,5.0,15.0,0,100000,2.98,33,91,3,0,3,30,0.0,0.033,2163.48,0.0,20.0,False
5906,4.0,5.0,16.0,0,100000,2.98,23,71,2,0,1,22,0.0,0.023,1507.88,0.0,20.0,False
5907,4.0,5.0,17.0,0,100000,2.98,10,58,5,0,1,9,0.0,0.01,655.6,0.0,20.0,False
5908,4.0,5.0,18.0,0,100000,2.98,10,56,0,0,2,8,0.0,0.01,655.6,0.0,20.0,False
5909,4.0,5.0,19.0,0,100000,2.98,11,52,1,0,1,10,0.0,0.011,721.16,0.0,20.0,False
5910,4.0,5.0,1.0,0,100000,2.98,17296,10681,290,0,886,16410,0.0,17.296,1133925.76,0.0,20.0,False
5911,4.0,5.0,20.0,0,100000,2.98,8,48,1,0,1,7,0.0,0.008,524.48,0.0,20.0,False
5912,4.0,5.0,2.0,0,100000,2.98,7286,4554,138,4,639,6643,0.004,7.286,477670.16,19.11,20.0,False
5913,4.0,5.0,3.0,0,100000,2.98,3625,2459,74,3,484,3138,0.003,3.625,237655.0,7.13,20.0,False
5914,4.0,5.0,4.0,0,100000,2.98,2029,1392,31,9,298,1722,0.009,2.029,133021.24,11.97,20.0,False
5915,4.0,5.0,5.0,0,100000,2.98,1196,933,39,6,232,958,0.006,1.196,78409.76,4.7,20.0,False
5916,4.0,5.0,6.0,0,100000,2.98,778,642,14,7,135,636,0.007,0.778,51005.68,3.57,20.0,False
5917,4.0,5.0,7.0,0,100000,2.98,523,476,21,8,108,407,0.008,0.523,34287.88,2.74,20.0,False
5918,4.0,5.0,8.0,0,100000,2.98,364,394,15,4,76,284,0.004,0.364,23863.84,0.95,20.0,False
5919,4.0,5.0,9.0,0,100000,2.98,208,296,11,2,47,159,0.002,0.208,13636.48,0.27,20.0,False
5920,4.0,6.0,10.0,0,100000,2.98,181,244,11,3,38,140,0.003,0.181,11866.36,0.36,24.0,False
5921,4.0,6.0,11.0,0,100000,2.98,132,164,5,1,28,103,0.001,0.132,8653.92,0.09,24.0,False
5922,4.0,6.0,12.0,0,100000,2.98,91,176,4,3,17,71,0.003,0.091,5965.96,0.18,24.0,False
5923,4.0,6.0,13.0,0,100000,2.98,73,119,5,2,13,58,0.002,0.073,4785.88,0.1,24.0,False
5924,4.0,6.0,14.0,0,100000,2.98,44,113,3,0,6,38,0.0,0.044,2884.64,0.0,24.0,False
5925,4.0,6.0,15.0,0,100000,2.98,34,88,2,2,4,28,0.002,0.034,2229.04,0.04,24.0,False
5926,4.0,6.0,16.0,0,100000,2.98,15,70,2,0,1,14,0.0,0.015,983.4,0.0,24.0,False
5927,4.0,6.0,17.0,0,100000,2.98,15,69,4,0,6,9,0.0,0.015,983.4,0.0,24.0,False
5928,4.0,6.0,18.0,0,100000,2.98,17,51,1,0,2,15,0.0,0.017,1114.52,0.0,24.0,False
5929,4.0,6.0,19.0,0,100000,2.98,12,50,1,0,2,10,0.0,0.012,786.72,0.0,24.0,False
5930,4.0,6.0,1.0,0,100000,2.98,17282,10760,323,0,889,16393,0.0,17.282,1133007.92,0.0,24.0,False
5931,4.0,6.0,20.0,0,100000,2.98,7,40,3,0,1,6,0.0,0.007,458.92,0.0,24.0,False
5932,4.0,6.0,2.0,0,100000,2.98,7315,4605,152,4,656,6655,0.004,7.315,479571.4,19.18,24.0,False
5933,4.0,6.0,3.0,0,100000,2.98,3508,2350,57,5,493,3010,0.005,3.508,229984.48,11.5,24.0,False
5934,4.0,6.0,4.0,0,100000,2.98,2032,1406,45,7,307,1718,0.007,2.032,133217.92,9.33,24.0,False
5935,4.0,6.0,5.0,0,100000,2.98,1278,953,32,12,214,1052,0.012,1.278,83785.68,10.05,24.0,False
5936,4.0,6.0,6.0,0,100000,2.98,852,662,15,4,161,687,0.004,0.852,55857.12,2.23,24.0,False
5937,4.0,6.0,7.0,0,100000,2.98,553,458,12,3,118,432,0.003,0.553,36254.68,1.09,24.0,False
5938,4.0,6.0,8.0,0,100000,2.98,347,370,9,1,72,274,0.001,0.347,22749.32,0.23,24.0,False
5939,4.0,6.0,9.0,0,100000,2.98,261,273,12,5,43,213,0.005,0.261,17111.16,0.86,24.0,False
5940,4.0,7.0,10.0,0,100000,2.98,208,244,10,5,46,157,0.005,0.208,13636.48,0.68,28.0,False
5941,4.0,7.0,11.0,0,100000,2.98,131,182,3,1,24,106,0.001,0.131,8588.36,0.09,28.0,False
5942,4.0,7.0,12.0,0,100000,2.98,91,151,4,0,13,78,0.0,0.091,5965.96,0.0,28.0,False
5943,4.0,7.0,13.0,0,100000,2.98,56,125,7,0,7,49,0.0,0.056,3671.36,0.0,28.0,False
5944,4.0,7.0,14.0,0,100000,2.98,47,117,1,2,7,38,0.002,0.047,3081.32,0.06,28.0,False
5945,4.0,7.0,15.0,0,100000,2.98,39,82,3,3,4,32,0.003,0.039,2556.84,0.08,28.0,False
5946,4.0,7.0,16.0,0,100000,2.98,13,77,1,0,2,11,0.0,0.013,852.28,0.0,28.0,False
5947,4.0,7.0,17.0,0,100000,2.98,22,60,1,0,4,18,0.0,0.022,1442.32,0.0,28.0,False
5948,4.0,7.0,18.0,0,100000,2.98,13,67,3,1,1,11,0.001,0.013,852.28,0.01,28.0,False
5949,4.0,7.0,19.0,0,100000,2.98,11,45,1,0,3,8,0.0,0.011,721.16,0.0,28.0,False
5950,4.0,7.0,1.0,0,100000,2.98,17484,10664,334,0,886,16598,0.0,17.484,1146251.04,0.0,28.0,False
5951,4.0,7.0,20.0,0,100000,2.98,3,44,1,0,0,3,0.0,0.003,196.68,0.0,28.0,False
5952,4.0,7.0,2.0,0,100000,2.98,7174,4485,154,4,668,6502,0.004,7.174,470327.44,18.81,28.0,False
5953,4.0,7.0,3.0,0,100000,2.98,3689,2423,70,11,464,3214,0.011,3.689,241850.84,26.6,28.0,False
5954,4.0,7.0,4.0,0,100000,2.98,2109,1417,48,8,346,1755,0.008,2.109,138266.04,11.06,28.0,False
5955,4.0,7.0,5.0,0,100000,2.98,1303,946,26,10,228,1065,0.01,1.303,85424.68,8.54,28.0,False
5956,4.0,7.0,6.0,0,100000,2.98,830,638,13,7,188,635,0.007,0.83,54414.8,3.81,28.0,False
5957,4.0,7.0,7.0,0,100000,2.98,558,463,13,6,117,435,0.006,0.558,36582.48,2.19,28.0,False
5958,4.0,7.0,8.0,0,100000,2.98,352,436,13,7,76,269,0.007,0.352,23077.12,1.62,28.0,False
5959,4.0,7.0,9.0,0,100000,2.98,249,276,12,5,57,187,0.005,0.249,16324.44,0.82,28.0,False
5960,4.0,8.0,10.0,0,100000,2.98,215,232,7,5,45,165,0.005,0.215,14095.4,0.7,32.0,False
5961,4.0,8.0,11.0,0,100000,2.98,143,204,9,2,34,107,0.002,0.143,9375.08,0.19,32.0,False
5962,4.0,8.0,12.0,0,100000,2.98,80,156,3,2,10,68,0.002,0.08,5244.8,0.1,32.0,False
5963,4.0,8.0,13.0,0,100000,2.98,69,142,2,0,11,58,0.0,0.069,4523.64,0.0,32.0,False
5964,4.0,8.0,14.0,0,100000,2.98,55,110,1,2,10,43,0.002,0.055,3605.8,0.07,32.0,False
5965,4.0,8.0,15.0,0,100000,2.98,30,84,2,0,6,24,0.0,0.03,1966.8,0.0,32.0,False
5966,4.0,8.0,16.0,0,100000,2.98,20,72,3,0,1,19,0.0,0.02,1311.2,0.0,32.0,False
5967,4.0,8.0,17.0,0,100000,2.98,23,64,4,0,3,20,0.0,0.023,1507.88,0.0,32.0,False
5968,4.0,8.0,18.0,0,100000,2.98,17,59,0,0,4,13,0.0,0.017,1114.52,0.0,32.0,False
5969,4.0,8.0,19.0,0,100000,2.98,6,55,1,0,1,5,0.0,0.006,393.36,0.0,32.0,False
5970,4.0,8.0,1.0,0,100000,2.98,17262,10599,324,1,910,16351,0.001,17.262,1131696.72,11.32,32.0,False
5971,4.0,8.0,20.0,0,100000,2.98,5,48,0,0,1,4,0.0,0.005,327.8,0.0,32.0,False
5972,4.0,8.0,2.0,0,100000,2.98,7232,4496,133,3,645,6584,0.003,7.232,474129.92,14.22,32.0,False
5973,4.0,8.0,3.0,0,100000,2.98,3726,2347,83,11,489,3226,0.011,3.726,244276.56,26.87,32.0,False
5974,4.0,8.0,4.0,0,100000,2.98,2025,1414,53,8,351,1666,0.008,2.025,132759.0,10.62,32.0,False
5975,4.0,8.0,5.0,0,100000,2.98,1264,933,20,9,246,1009,0.009,1.264,82867.84,7.46,32.0,False
5976,4.0,8.0,6.0,0,100000,2.98,780,713,23,9,164,607,0.009,0.78,51136.8,4.6,32.0,False
5977,4.0,8.0,7.0,0,100000,2.98,582,482,10,10,120,452,0.01,0.582,38155.92,3.82,32.0,False
5978,4.0,8.0,8.0,0,100000,2.98,419,387,10,5,73,341,0.005,0.419,27469.64,1.37,32.0,False
5979,4.0,8.0,9.0,0,100000,2.98,252,274,10,4,48,200,0.004,0.252,16521.12,0.66,32.0,False
5980,4.0,9.0,10.0,0,100000,2.98,204,235,8,5,44,155,0.005,0.204,13374.24,0.67,36.0,False
5981,4.0,9.0,11.0,0,100000,2.98,142,193,6,4,34,104,0.004,0.142,9309.52,0.37,36.0,False
5982,4.0,9.0,12.0,0,100000,2.98,102,149,3,1,21,80,0.001,0.102,6687.12,0.07,36.0,False
5983,4.0,9.0,13.0,0,100000,2.98,84,111,8,0,10,74,0.0,0.084,5507.04,0.0,36.0,False
5984,4.0,9.0,14.0,0,100000,2.98,50,98,2,1,15,34,0.001,0.05,3278.0,0.03,36.0,False
5985,4.0,9.0,15.0,0,100000,2.98,29,106,3,1,4,24,0.001,0.029,1901.24,0.02,36.0,False
5986,4.0,9.0,16.0,0,100000,2.98,19,85,2,1,4,14,0.001,0.019,1245.64,0.01,36.0,False
5987,4.0,9.0,17.0,0,100000,2.98,24,68,0,4,5,15,0.004,0.024,1573.44,0.06,36.0,False
5988,4.0,9.0,18.0,0,100000,2.98,20,61,2,0,1,19,0.0,0.02,1311.2,0.0,36.0,False
5989,4.0,9.0,19.0,0,100000,2.98,6,38,2,0,2,4,0.0,0.006,393.36,0.0,36.0,False
5990,4.0,9.0,1.0,0,100000,2.98,17259,10724,281,2,856,16401,0.002,17.259,1131500.04,22.63,36.0,False
5991,4.0,9.0,20.0,0,100000,2.98,11,39,0,0,2,9,0.0,0.011,721.16,0.0,36.0,False
5992,4.0,9.0,2.0,0,100000,2.98,7345,4599,139,8,669,6668,0.008,7.345,481538.2,38.52,36.0,False
5993,4.0,9.0,3.0,0,100000,2.98,3609,2283,75,10,451,3148,0.01,3.609,236606.04,23.66,36.0,False
5994,4.0,9.0,4.0,0,100000,2.98,2154,1504,46,8,353,1793,0.008,2.154,141216.24,11.3,36.0,False
5995,4.0,9.0,5.0,0,100000,2.98,1331,936,27,11,243,1077,0.011,1.331,87260.36,9.6,36.0,False
5996,4.0,9.0,6.0,0,100000,2.98,845,655,22,13,174,658,0.013,0.845,55398.2,7.2,36.0,False
5997,4.0,9.0,7.0,0,100000,2.98,555,454,15,11,108,436,0.011,0.555,36385.8,4.0,36.0,False
5998,4.0,9.0,8.0,0,100000,2.98,377,390,14,7,77,293,0.007,0.377,24716.12,1.73,36.0,False
5999,4.0,9.0,9.0,0,100000,2.98,248,289,12,7,52,189,0.007,0.248,16258.88,1.14,36.0,False
6000,5.0,10.0,10.0,0,100000,2.98,205,236,8,7,67,131,0.007,0.205,13439.8,0.94,50.0,False
6001,5.0,10.0,11.0,0,100000,2.98,137,212,7,9,41,87,0.009,0.137,8981.72,0.81,50.0,False
6002,5.0,10.0,12.0,0,100000,2.98,123,169,5,8,31,84,0.008,0.123,8063.88,0.65,50.0,False
6003,5.0,10.0,13.0,0,100000,2.98,78,133,5,2,20,56,0.002,0.078,5113.68,0.1,50.0,False
6004,5.0,10.0,14.0,0,100000,2.98,62,125,8,3,14,45,0.003,0.062,4064.72,0.12,50.0,False
6005,5.0,10.0,15.0,0,100000,2.98,46,105,0,4,6,36,0.004,0.046,3015.76,0.12,50.0,False
6006,5.0,10.0,16.0,0,100000,2.98,37,92,0,0,8,29,0.0,0.037,2425.72,0.0,50.0,False
6007,5.0,10.0,17.0,0,100000,2.98,24,77,2,1,6,17,0.001,0.024,1573.44,0.02,50.0,False
6008,5.0,10.0,18.0,0,100000,2.98,10,64,2,0,2,8,0.0,0.01,655.6,0.0,50.0,False
6009,5.0,10.0,19.0,0,100000,2.98,20,45,2,0,6,14,0.0,0.02,1311.2,0.0,50.0,False
6010,5.0,10.0,1.0,0,100000,2.98,17456,10607,317,1,928,16527,0.001,17.456,1144415.36,11.44,50.0,False
6011,5.0,10.0,20.0,0,100000,2.98,16,52,3,1,2,13,0.001,0.016,1048.96,0.01,50.0,False
6012,5.0,10.0,2.0,0,100000,2.98,7354,4473,147,7,721,6626,0.007,7.354,482128.24,33.75,50.0,False
6013,5.0,10.0,3.0,0,100000,2.98,3696,2379,68,14,512,3170,0.014,3.696,242309.76,33.92,50.0,False
6014,5.0,10.0,4.0,0,100000,2.98,2179,1472,41,11,404,1764,0.011,2.179,142855.24,15.71,50.0,False
6015,5.0,10.0,5.0,0,100000,2.98,1368,963,29,19,287,1062,0.019,1.368,89686.08,17.04,50.0,False
6016,5.0,10.0,6.0,0,100000,2.98,886,628,14,17,205,664,0.017,0.886,58086.16,9.87,50.0,False
6017,5.0,10.0,7.0,0,100000,2.98,649,515,17,21,166,462,0.021,0.649,42548.44,8.94,50.0,False
6018,5.0,10.0,8.0,0,100000,2.98,414,384,10,12,99,303,0.012,0.414,27141.84,3.26,50.0,False
6019,5.0,10.0,9.0,0,100000,2.98,322,282,4,14,105,203,0.014,0.322,21110.32,2.96,50.0,False
6020,5.0,11.0,10.0,0,100000,2.98,228,223,2,10,53,165,0.01,0.228,14947.68,1.49,55.0,False
6021,5.0,11.0,11.0,0,100000,2.98,151,210,10,8,37,106,0.008,0.151,9899.56,0.79,55.0,False
6022,5.0,11.0,12.0,0,100000,2.98,122,161,4,7,40,75,0.007,0.122,7998.32,0.56,55.0,False
6023,5.0,11.0,13.0,0,100000,2.98,89,152,4,6,16,67,0.006,0.089,5834.84,0.35,55.0,False
6024,5.0,11.0,14.0,0,100000,2.98,51,115,7,3,12,36,0.003,0.051,3343.56,0.1,55.0,False
6025,5.0,11.0,15.0,0,100000,2.98,55,104,3,4,14,37,0.004,0.055,3605.8,0.14,55.0,False
6026,5.0,11.0,16.0,0,100000,2.98,37,82,5,0,10,27,0.0,0.037,2425.72,0.0,55.0,False
6027,5.0,11.0,17.0,0,100000,2.98,34,78,1,2,5,27,0.002,0.034,2229.04,0.04,55.0,False
6028,5.0,11.0,18.0,0,100000,2.98,21,64,3,1,6,14,0.001,0.021,1376.76,0.01,55.0,False
6029,5.0,11.0,19.0,0,100000,2.98,24,62,1,1,5,18,0.001,0.024,1573.44,0.02,55.0,False
6030,5.0,11.0,1.0,0,100000,2.98,17288,10730,301,1,867,16420,0.001,17.288,1133401.28,11.33,55.0,False
6031,5.0,11.0,20.0,0,100000,2.98,9,45,1,0,4,5,0.0,0.009,590.04,0.0,55.0,False
6032,5.0,11.0,2.0,0,100000,2.98,7382,4619,152,3,715,6664,0.003,7.382,483963.92,14.52,55.0,False
6033,5.0,11.0,3.0,0,100000,2.98,3741,2349,69,11,526,3204,0.011,3.741,245259.96,26.98,55.0,False
6034,5.0,11.0,4.0,0,100000,2.98,2215,1417,58,24,411,1780,0.024,2.215,145215.4,34.85,55.0,False
6035,5.0,11.0,5.0,0,100000,2.98,1403,977,26,14,285,1104,0.014,1.403,91980.68,12.88,55.0,False
6036,5.0,11.0,6.0,0,100000,2.98,919,699,21,19,201,699,0.019,0.919,60249.64,11.45,55.0,False
6037,5.0,11.0,7.0,0,100000,2.98,629,489,10,18,146,465,0.018,0.629,41237.24,7.42,55.0,False
6038,5.0,11.0,8.0,0,100000,2.98,431,379,7,17,113,301,0.017,0.431,28256.36,4.8,55.0,False
6039,5.0,11.0,9.0,0,100000,2.98,293,277,5,14,72,207,0.014,0.293,19209.08,2.69,55.0,False
6040,5.0,12.0,10.0,0,100000,2.98,228,205,5,13,52,163,0.013,0.228,14947.68,1.94,60.0,False
6041,5.0,12.0,11.0,0,100000,2.98,141,184,3,10,37,94,0.01,0.141,9243.96,0.92,60.0,False
6042,5.0,12.0,12.0,0,100000,2.98,105,169,2,5,27,73,0.005,0.105,6883.8,0.34,60.0,False
6043,5.0,12.0,13.0,0,100000,2.98,94,126,3,7,19,68,0.007,0.094,6162.64,0.43,60.0,False
6044,5.0,12.0,14.0,0,100000,2.98,64,120,7,1,14,49,0.001,0.064,4195.84,0.04,60.0,False
6045,5.0,12.0,15.0,0,100000,2.98,53,110,1,3,10,40,0.003,0.053,3474.68,0.1,60.0,False
6046,5.0,12.0,16.0,0,100000,2.98,37,69,2,1,3,33,0.001,0.037,2425.72,0.02,60.0,False
6047,5.0,12.0,17.0,0,100000,2.98,25,70,1,1,6,18,0.001,0.025,1639.0,0.02,60.0,False
6048,5.0,12.0,18.0,0,100000,2.98,17,74,1,1,6,10,0.001,0.017,1114.52,0.01,60.0,False
6049,5.0,12.0,19.0,0,100000,2.98,16,60,2,0,3,13,0.0,0.016,1048.96,0.0,60.0,False
6050,5.0,12.0,1.0,0,100000,2.98,17382,10804,312,1,852,16529,0.001,17.382,1139563.92,11.4,60.0,False
6051,5.0,12.0,20.0,0,100000,2.98,14,46,3,1,2,11,0.001,0.014,917.84,0.01,60.0,False
6052,5.0,12.0,2.0,0,100000,2.98,7242,4542,133,4,744,6494,0.004,7.242,474785.52,18.99,60.0,False
6053,5.0,12.0,3.0,0,100000,2.98,3715,2342,72,7,523,3185,0.007,3.715,243555.4,17.05,60.0,False
6054,5.0,12.0,4.0,0,100000,2.98,2155,1475,33,14,426,1715,0.014,2.155,141281.8,19.78,60.0,False
6055,5.0,12.0,5.0,0,100000,2.98,1395,945,24,12,302,1081,0.012,1.395,91456.2,10.97,60.0,False
6056,5.0,12.0,6.0,0,100000,2.98,911,624,29,15,203,693,0.015,0.911,59725.16,8.96,60.0,False
6057,5.0,12.0,7.0,0,100000,2.98,585,508,9,22,145,418,0.022,0.585,38352.6,8.44,60.0,False
6058,5.0,12.0,8.0,0,100000,2.98,426,404,10,20,99,307,0.02,0.426,27928.56,5.59,60.0,False
6059,5.0,12.0,9.0,0,100000,2.98,326,314,9,9,71,246,0.009,0.326,21372.56,1.92,60.0,False
6060,5.0,13.0,10.0,0,100000,2.98,224,243,2,10,61,153,0.01,0.224,14685.44,1.47,65.0,False
6061,5.0,13.0,11.0,0,100000,2.98,147,214,9,11,42,94,0.011,0.147,9637.32,1.06,65.0,False
6062,5.0,13.0,12.0,0,100000,2.98,140,162,4,5,42,93,0.005,0.14,9178.4,0.46,65.0,False
6063,5.0,13.0,13.0,0,100000,2.98,75,132,4,6,14,55,0.006,0.075,4917.0,0.3,65.0,False
6064,5.0,13.0,14.0,0,100000,2.98,70,139,3,0,25,45,0.0,0.07,4589.2,0.0,65.0,False
6065,5.0,13.0,15.0,0,100000,2.98,45,97,2,2,12,31,0.002,0.045,2950.2,0.06,65.0,False
6066,5.0,13.0,16.0,0,100000,2.98,37,86,4,1,7,29,0.001,0.037,2425.72,0.02,65.0,False
6067,5.0,13.0,17.0,0,100000,2.98,22,76,2,0,5,17,0.0,0.022,1442.32,0.0,65.0,False
6068,5.0,13.0,18.0,0,100000,2.98,23,62,4,1,4,18,0.001,0.023,1507.88,0.02,65.0,False
6069,5.0,13.0,19.0,0,100000,2.98,14,50,3,0,4,10,0.0,0.014,917.84,0.0,65.0,False
6070,5.0,13.0,1.0,0,100000,2.98,17290,10657,324,2,888,16400,0.002,17.29,1133532.4,22.67,65.0,False
6071,5.0,13.0,20.0,0,100000,2.98,10,50,0,1,3,6,0.001,0.01,655.6,0.01,65.0,False
6072,5.0,13.0,2.0,0,100000,2.98,7231,4585,132,5,692,6534,0.005,7.231,474064.36,23.7,65.0,False
6073,5.0,13.0,3.0,0,100000,2.98,3825,2311,79,16,547,3262,0.016,3.825,250767.0,40.12,65.0,False
6074,5.0,13.0,4.0,0,100000,2.98,2147,1374,47,20,397,1730,0.02,2.147,140757.32,28.15,65.0,False
6075,5.0,13.0,5.0,0,100000,2.98,1329,920,27,27,271,1031,0.027,1.329,87129.24,23.52,65.0,False
6076,5.0,13.0,6.0,0,100000,2.98,870,620,18,16,197,657,0.016,0.87,57037.2,9.13,65.0,False
6077,5.0,13.0,7.0,0,100000,2.98,625,502,13,18,147,460,0.018,0.625,40975.0,7.38,65.0,False
6078,5.0,13.0,8.0,0,100000,2.98,424,374,11,13,108,303,0.013,0.424,27797.44,3.61,65.0,False
6079,5.0,13.0,9.0,0,100000,2.98,291,315,10,12,91,188,0.012,0.291,19077.96,2.29,65.0,False
6080,5.0,14.0,10.0,0,100000,2.98,213,262,10,8,48,157,0.008,0.213,13964.28,1.12,70.0,False
6081,5.0,14.0,11.0,0,100000,2.98,158,194,10,4,40,114,0.004,0.158,10358.48,0.41,70.0,False
6082,5.0,14.0,12.0,0,100000,2.98,115,186,7,5,32,78,0.005,0.115,7539.4,0.38,70.0,False
6083,5.0,14.0,13.0,0,100000,2.98,99,128,3,2,26,71,0.002,0.099,6490.44,0.13,70.0,False
6084,5.0,14.0,14.0,0,100000,2.98,78,114,5,4,19,55,0.004,0.078,5113.68,0.2,70.0,False
6085,5.0,14.0,15.0,0,100000,2.98,40,104,2,2,12,26,0.002,0.04,2622.4,0.05,70.0,False
6086,5.0,14.0,16.0,0,100000,2.98,24,94,2,1,6,17,0.001,0.024,1573.44,0.02,70.0,False
6087,5.0,14.0,17.0,0,100000,2.98,28,71,3,1,7,20,0.001,0.028,1835.68,0.02,70.0,False
6088,5.0,14.0,18.0,0,100000,2.98,18,62,1,2,6,10,0.002,0.018,1180.08,0.02,70.0,False
6089,5.0,14.0,19.0,0,100000,2.98,9,58,3,0,1,8,0.0,0.009,590.04,0.0,70.0,False
6090,5.0,14.0,1.0,0,100000,2.98,17366,10562,304,0,908,16458,0.0,17.366,1138514.96,0.0,70.0,False
6091,5.0,14.0,20.0,0,100000,2.98,5,47,1,0,2,3,0.0,0.005,327.8,0.0,70.0,False
6092,5.0,14.0,2.0,0,100000,2.98,7228,4740,154,9,716,6503,0.009,7.228,473867.68,42.65,70.0,False
6093,5.0,14.0,3.0,0,100000,2.98,3795,2318,73,14,531,3250,0.014,3.795,248800.2,34.83,70.0,False
6094,5.0,14.0,4.0,0,100000,2.98,2135,1462,55,19,400,1716,0.019,2.135,139970.6,26.59,70.0,False
6095,5.0,14.0,5.0,0,100000,2.98,1370,939,22,18,302,1050,0.018,1.37,89817.2,16.17,70.0,False
6096,5.0,14.0,6.0,0,100000,2.98,872,652,8,17,181,674,0.017,0.872,57168.32,9.72,70.0,False
6097,5.0,14.0,7.0,0,100000,2.98,610,497,13,17,158,435,0.017,0.61,39991.6,6.8,70.0,False
6098,5.0,14.0,8.0,0,100000,2.98,404,354,13,17,115,272,0.017,0.404,26486.24,4.5,70.0,False
6099,5.0,14.0,9.0,0,100000,2.98,316,343,6,12,78,226,0.012,0.316,20716.96,2.49,70.0,False
6100,5.0,15.0,10.0,0,100000,2.98,218,252,7,12,61,145,0.012,0.218,14292.08,1.72,75.0,False
6101,5.0,15.0,11.0,0,100000,2.98,159,209,3,4,33,122,0.004,0.159,10424.04,0.42,75.0,False
6102,5.0,15.0,12.0,0,100000,2.98,106,176,7,6,28,72,0.006,0.106,6949.36,0.42,75.0,False
6103,5.0,15.0,13.0,0,100000,2.98,89,148,5,2,24,63,0.002,0.089,5834.84,0.12,75.0,False
6104,5.0,15.0,14.0,0,100000,2.98,55,123,1,7,17,31,0.007,0.055,3605.8,0.25,75.0,False
6105,5.0,15.0,15.0,0,100000,2.98,54,111,1,6,11,37,0.006,0.054,3540.24,0.21,75.0,False
6106,5.0,15.0,16.0,0,100000,2.98,35,88,1,3,10,22,0.003,0.035,2294.6,0.07,75.0,False
6107,5.0,15.0,17.0,0,100000,2.98,32,73,2,2,8,22,0.002,0.032,2097.92,0.04,75.0,False
6108,5.0,15.0,18.0,0,100000,2.98,27,66,4,2,14,11,0.002,0.027,1770.12,0.04,75.0,False
6109,5.0,15.0,19.0,0,100000,2.98,18,43,0,1,7,10,0.001,0.018,1180.08,0.01,75.0,False
6110,5.0,15.0,1.0,0,100000,2.98,17389,10707,268,0,909,16480,0.0,17.389,1140022.84,0.0,75.0,False
6111,5.0,15.0,20.0,0,100000,2.98,7,51,0,1,2,4,0.001,0.007,458.92,0.0,75.0,False
6112,5.0,15.0,2.0,0,100000,2.98,7235,4520,142,3,690,6542,0.003,7.235,474326.6,14.23,75.0,False
6113,5.0,15.0,3.0,0,100000,2.98,3780,2382,65,6,563,3211,0.006,3.78,247816.8,14.87,75.0,False
6114,5.0,15.0,4.0,0,100000,2.98,2128,1484,33,13,382,1733,0.013,2.128,139511.68,18.14,75.0,False
6115,5.0,15.0,5.0,0,100000,2.98,1381,899,28,19,301,1061,0.019,1.381,90538.36,17.2,75.0,False
6116,5.0,15.0,6.0,0,100000,2.98,963,688,27,16,234,713,0.016,0.963,63134.28,10.1,75.0,False
6117,5.0,15.0,7.0,0,100000,2.98,654,520,19,22,162,470,0.022,0.654,42876.24,9.43,75.0,False
6118,5.0,15.0,8.0,0,100000,2.98,459,386,9,20,105,334,0.02,0.459,30092.04,6.02,75.0,False
6119,5.0,15.0,9.0,0,100000,2.98,344,306,17,18,79,247,0.018,0.344,22552.64,4.06,75.0,False
6120,5.0,16.0,10.0,0,100000,2.98,228,256,11,9,72,147,0.009,0.228,14947.68,1.35,80.0,False
6121,5.0,16.0,11.0,0,100000,2.98,150,220,7,7,39,104,0.007,0.15,9834.0,0.69,80.0,False
6122,5.0,16.0,12.0,0,100000,2.98,130,177,5,8,36,86,0.008,0.13,8522.8,0.68,80.0,False
6123,5.0,16.0,13.0,0,100000,2.98,84,155,3,3,20,61,0.003,0.084,5507.04,0.17,80.0,False
6124,5.0,16.0,14.0,0,100000,2.98,67,120,4,7,14,46,0.007,0.067,4392.52,0.31,80.0,False
6125,5.0,16.0,15.0,0,100000,2.98,53,112,1,1,21,31,0.001,0.053,3474.68,0.03,80.0,False
6126,5.0,16.0,16.0,0,100000,2.98,41,77,0,5,9,27,0.005,0.041,2687.96,0.13,80.0,False
6127,5.0,16.0,17.0,0,100000,2.98,35,76,1,4,12,19,0.004,0.035,2294.6,0.09,80.0,False
6128,5.0,16.0,18.0,0,100000,2.98,28,63,2,1,8,19,0.001,0.028,1835.68,0.02,80.0,False
6129,5.0,16.0,19.0,0,100000,2.98,10,56,0,0,3,7,0.0,0.01,655.6,0.0,80.0,False
6130,5.0,16.0,1.0,0,100000,2.98,17457,10553,286,1,875,16581,0.001,17.457,1144480.92,11.44,80.0,False
6131,5.0,16.0,20.0,0,100000,2.98,7,42,2,0,1,6,0.0,0.007,458.92,0.0,80.0,False
6132,5.0,16.0,2.0,0,100000,2.98,7422,4586,154,3,734,6685,0.003,7.422,486586.32,14.6,80.0,False
6133,5.0,16.0,3.0,0,100000,2.98,3695,2357,66,23,533,3139,0.023,3.695,242244.2,55.72,80.0,False
6134,5.0,16.0,4.0,0,100000,2.98,2160,1361,39,14,387,1759,0.014,2.16,141609.6,19.83,80.0,False
6135,5.0,16.0,5.0,0,100000,2.98,1394,968,29,20,279,1095,0.02,1.394,91390.64,18.28,80.0,False
6136,5.0,16.0,6.0,0,100000,2.98,877,652,16,15,221,641,0.015,0.877,57496.12,8.62,80.0,False
6137,5.0,16.0,7.0,0,100000,2.98,617,492,12,18,154,445,0.018,0.617,40450.52,7.28,80.0,False
6138,5.0,16.0,8.0,0,100000,2.98,429,402,15,15,103,311,0.015,0.429,28125.24,4.22,80.0,False
6139,5.0,16.0,9.0,0,100000,2.98,293,298,12,9,66,218,0.009,0.293,19209.08,1.73,80.0,False
6140,5.0,17.0,10.0,0,100000,2.98,210,263,9,16,49,145,0.016,0.21,13767.6,2.2,85.0,False
6141,5.0,17.0,11.0,0,100000,2.98,148,196,5,9,43,96,0.009,0.148,9702.88,0.87,85.0,False
6142,5.0,17.0,12.0,0,100000,2.98,130,174,6,7,37,86,0.007,0.13,8522.8,0.6,85.0,False
6143,5.0,17.0,13.0,0,100000,2.98,86,150,4,1,19,66,0.001,0.086,5638.16,0.06,85.0,False
6144,5.0,17.0,14.0,0,100000,2.98,47,131,1,2,8,37,0.002,0.047,3081.32,0.06,85.0,False
6145,5.0,17.0,15.0,0,100000,2.98,42,82,3,0,14,28,0.0,0.042,2753.52,0.0,85.0,False
6146,5.0,17.0,16.0,0,100000,2.98,28,75,2,1,11,16,0.001,0.028,1835.68,0.02,85.0,False
6147,5.0,17.0,17.0,0,100000,2.98,31,60,0,2,8,21,0.002,0.031,2032.36,0.04,85.0,False
6148,5.0,17.0,18.0,0,100000,2.98,32,55,0,2,10,20,0.002,0.032,2097.92,0.04,85.0,False
6149,5.0,17.0,19.0,0,100000,2.98,16,54,0,1,4,11,0.001,0.016,1048.96,0.01,85.0,False
6150,5.0,17.0,1.0,0,100000,2.98,17310,10677,293,1,872,16437,0.001,17.31,1134843.6,11.35,85.0,False
6151,5.0,17.0,20.0,0,100000,2.98,15,49,1,0,3,12,0.0,0.015,983.4,0.0,85.0,False
6152,5.0,17.0,2.0,0,100000,2.98,7209,4496,142,3,667,6539,0.003,7.209,472622.04,14.18,85.0,False
6153,5.0,17.0,3.0,0,100000,2.98,3681,2351,80,11,497,3173,0.011,3.681,241326.36,26.55,85.0,False
6154,5.0,17.0,4.0,0,100000,2.98,2133,1485,51,18,407,1708,0.018,2.133,139839.48,25.17,85.0,False
6155,5.0,17.0,5.0,0,100000,2.98,1425,914,30,16,278,1131,0.016,1.425,93423.0,14.95,85.0,False
6156,5.0,17.0,6.0,0,100000,2.98,927,661,21,15,210,702,0.015,0.927,60774.12,9.12,85.0,False
6157,5.0,17.0,7.0,0,100000,2.98,657,525,15,16,157,484,0.016,0.657,43072.92,6.89,85.0,False
6158,5.0,17.0,8.0,0,100000,2.98,412,365,15,12,101,299,0.012,0.412,27010.72,3.24,85.0,False
6159,5.0,17.0,9.0,0,100000,2.98,304,339,9,9,72,223,0.009,0.304,19930.24,1.79,85.0,False
6160,5.0,18.0,10.0,0,100000,2.98,230,261,11,13,58,159,0.013,0.23,15078.8,1.96,90.0,False
6161,5.0,18.0,11.0,0,100000,2.98,151,198,8,8,34,109,0.008,0.151,9899.56,0.79,90.0,False
6162,5.0,18.0,12.0,0,100000,2.98,112,158,4,12,27,73,0.012,0.112,7342.72,0.88,90.0,False
6163,5.0,18.0,13.0,0,100000,2.98,81,127,3,5,22,54,0.005,0.081,5310.36,0.27,90.0,False
6164,5.0,18.0,14.0,0,100000,2.98,57,120,5,1,14,42,0.001,0.057,3736.92,0.04,90.0,False
6165,5.0,18.0,15.0,0,100000,2.98,45,123,7,2,10,33,0.002,0.045,2950.2,0.06,90.0,False
6166,5.0,18.0,16.0,0,100000,2.98,28,66,0,2,7,19,0.002,0.028,1835.68,0.04,90.0,False
6167,5.0,18.0,17.0,0,100000,2.98,25,81,4,1,5,19,0.001,0.025,1639.0,0.02,90.0,False
6168,5.0,18.0,18.0,0,100000,2.98,19,63,1,1,4,14,0.001,0.019,1245.64,0.01,90.0,False
6169,5.0,18.0,19.0,0,100000,2.98,20,69,3,0,5,15,0.0,0.02,1311.2,0.0,90.0,False
6170,5.0,18.0,1.0,0,100000,2.98,17406,10504,301,2,894,16510,0.002,17.406,1141137.36,22.82,90.0,False
6171,5.0,18.0,20.0,0,100000,2.98,10,57,1,2,1,7,0.002,0.01,655.6,0.01,90.0,False
6172,5.0,18.0,2.0,0,100000,2.98,7189,4424,138,0,684,6505,0.0,7.189,471310.84,0.0,90.0,False
6173,5.0,18.0,3.0,0,100000,2.98,3702,2365,81,16,530,3156,0.016,3.702,242703.12,38.83,90.0,False
6174,5.0,18.0,4.0,0,100000,2.98,2112,1419,48,15,391,1706,0.015,2.112,138462.72,20.77,90.0,False
6175,5.0,18.0,5.0,0,100000,2.98,1340,951,28,20,292,1028,0.02,1.34,87850.4,17.57,90.0,False
6176,5.0,18.0,6.0,0,100000,2.98,845,634,21,16,186,643,0.016,0.845,55398.2,8.86,90.0,False
6177,5.0,18.0,7.0,0,100000,2.98,577,479,21,19,133,425,0.019,0.577,37828.12,7.19,90.0,False
6178,5.0,18.0,8.0,0,100000,2.98,442,378,8,19,111,312,0.019,0.442,28977.52,5.51,90.0,False
6179,5.0,18.0,9.0,0,100000,2.98,307,313,5,12,80,215,0.012,0.307,20126.92,2.42,90.0,False
6180,5.0,19.0,10.0,0,100000,2.98,228,256,5,12,54,162,0.012,0.228,14947.68,1.79,95.0,False
6181,5.0,19.0,11.0,0,100000,2.98,157,176,6,9,46,102,0.009,0.157,10292.92,0.93,95.0,False
6182,5.0,19.0,12.0,0,100000,2.98,144,178,4,9,37,98,0.009,0.144,9440.64,0.85,95.0,False
6183,5.0,19.0,13.0,0,100000,2.98,69,137,1,8,16,45,0.008,0.069,4523.64,0.36,95.0,False
6184,5.0,19.0,14.0,0,100000,2.98,72,134,4,4,16,52,0.004,0.072,4720.32,0.19,95.0,False
6185,5.0,19.0,15.0,0,100000,2.98,43,93,3,2,9,32,0.002,0.043,2819.08,0.06,95.0,False
6186,5.0,19.0,16.0,0,100000,2.98,37,94,2,4,14,19,0.004,0.037,2425.72,0.1,95.0,False
6187,5.0,19.0,17.0,0,100000,2.98,26,73,4,1,5,20,0.001,0.026,1704.56,0.02,95.0,False
6188,5.0,19.0,18.0,0,100000,2.98,25,68,0,2,5,18,0.002,0.025,1639.0,0.03,95.0,False
6189,5.0,19.0,19.0,0,100000,2.98,23,56,1,2,8,13,0.002,0.023,1507.88,0.03,95.0,False
6190,5.0,19.0,1.0,0,100000,2.98,17317,10700,302,0,844,16473,0.0,17.317,1135302.52,0.0,95.0,False
6191,5.0,19.0,20.0,0,100000,2.98,9,45,3,1,0,8,0.001,0.009,590.04,0.01,95.0,False
6192,5.0,19.0,2.0,0,100000,2.98,7315,4546,144,5,699,6611,0.005,7.315,479571.4,23.98,95.0,False
6193,5.0,19.0,3.0,0,100000,2.98,3700,2346,73,20,517,3163,0.02,3.7,242572.0,48.51,95.0,False
6194,5.0,19.0,4.0,0,100000,2.98,2185,1456,53,22,412,1751,0.022,2.185,143248.6,31.51,95.0,False
6195,5.0,19.0,5.0,0,100000,2.98,1377,896,19,19,307,1051,0.019,1.377,90276.12,17.15,95.0,False
6196,5.0,19.0,6.0,0,100000,2.98,871,662,24,21,213,637,0.021,0.871,57102.76,11.99,95.0,False
6197,5.0,19.0,7.0,0,100000,2.98,614,544,13,22,143,449,0.022,0.614,40253.84,8.86,95.0,False
6198,5.0,19.0,8.0,0,100000,2.98,448,425,21,16,122,310,0.016,0.448,29370.88,4.7,95.0,False
6199,5.0,19.0,9.0,0,100000,2.98,357,314,8,12,116,229,0.012,0.357,23404.92,2.81,95.0,False
6200,5.0,1.0,10.0,0,100000,2.98,105,192,1,0,4,101,0.0,0.105,6883.8,0.0,5.0,False
6201,5.0,1.0,11.0,0,100000,2.98,111,153,2,0,0,111,0.0,0.111,7277.16,0.0,5.0,False
6202,5.0,1.0,12.0,0,100000,2.98,63,146,4,0,3,60,0.0,0.063,4130.28,0.0,5.0,False
6203,5.0,1.0,13.0,0,100000,2.98,49,124,2,0,1,48,0.0,0.049,3212.44,0.0,5.0,False
6204,5.0,1.0,14.0,0,100000,2.98,37,106,5,0,1,36,0.0,0.037,2425.72,0.0,5.0,False
6205,5.0,1.0,15.0,0,100000,2.98,33,87,1,0,0,33,0.0,0.033,2163.48,0.0,5.0,False
6206,5.0,1.0,16.0,0,100000,2.98,25,74,1,0,0,25,0.0,0.025,1639.0,0.0,5.0,False
6207,5.0,1.0,17.0,0,100000,2.98,22,78,0,0,1,21,0.0,0.022,1442.32,0.0,5.0,False
6208,5.0,1.0,18.0,0,100000,2.98,10,49,1,0,0,10,0.0,0.01,655.6,0.0,5.0,False
6209,5.0,1.0,19.0,0,100000,2.98,13,63,2,0,0,13,0.0,0.013,852.28,0.0,5.0,False
6210,5.0,1.0,1.0,0,100000,2.98,16871,10673,256,0,609,16262,0.0,16.871,1106062.76,0.0,5.0,False
6211,5.0,1.0,20.0,0,100000,2.98,7,48,0,0,0,7,0.0,0.007,458.92,0.0,5.0,False
6212,5.0,1.0,2.0,0,100000,2.98,6653,4446,125,0,315,6338,0.0,6.653,436170.68,0.0,5.0,False
6213,5.0,1.0,3.0,0,100000,2.98,3181,2372,65,0,152,3029,0.0,3.181,208546.36,0.0,5.0,False
6214,5.0,1.0,4.0,0,100000,2.98,1680,1340,33,0,87,1593,0.0,1.68,110140.8,0.0,5.0,False
6215,5.0,1.0,5.0,0,100000,2.98,997,852,27,0,43,954,0.0,0.997,65363.32,0.0,5.0,False
6216,5.0,1.0,6.0,0,100000,2.98,619,591,13,0,29,590,0.0,0.619,40581.64,0.0,5.0,False
6217,5.0,1.0,7.0,0,100000,2.98,386,449,10,0,20,366,0.0,0.386,25306.16,0.0,5.0,False
6218,5.0,1.0,8.0,0,100000,2.98,269,342,5,0,8,261,0.0,0.269,17635.64,0.0,5.0,False
6219,5.0,1.0,9.0,0,100000,2.98,163,245,4,0,7,156,0.0,0.163,10686.28,0.0,5.0,False
6220,5.0,20.0,10.0,0,100000,2.98,239,200,6,13,59,167,0.013,0.239,15668.84,2.04,100.0,False
6221,5.0,20.0,11.0,0,100000,2.98,178,187,5,9,49,120,0.009,0.178,11669.68,1.05,100.0,False
6222,5.0,20.0,12.0,0,100000,2.98,134,169,2,8,34,92,0.008,0.134,8785.04,0.7,100.0,False
6223,5.0,20.0,13.0,0,100000,2.98,85,129,7,3,22,60,0.003,0.085,5572.6,0.17,100.0,False
6224,5.0,20.0,14.0,0,100000,2.98,60,126,6,8,12,40,0.008,0.06,3933.6,0.31,100.0,False
6225,5.0,20.0,15.0,0,100000,2.98,45,97,3,4,13,28,0.004,0.045,2950.2,0.12,100.0,False
6226,5.0,20.0,16.0,0,100000,2.98,29,87,2,1,10,18,0.001,0.029,1901.24,0.02,100.0,False
6227,5.0,20.0,17.0,0,100000,2.98,30,70,1,2,7,21,0.002,0.03,1966.8,0.04,100.0,False
6228,5.0,20.0,18.0,0,100000,2.98,28,70,4,3,7,18,0.003,0.028,1835.68,0.06,100.0,False
6229,5.0,20.0,19.0,0,100000,2.98,16,58,0,2,4,10,0.002,0.016,1048.96,0.02,100.0,False
6230,5.0,20.0,1.0,0,100000,2.98,17067,10599,348,0,915,16152,0.0,17.067,1118912.52,0.0,100.0,False
6231,5.0,20.0,20.0,0,100000,2.98,11,50,1,1,3,7,0.001,0.011,721.16,0.01,100.0,False
6232,5.0,20.0,2.0,0,100000,2.98,7354,4529,157,6,714,6634,0.006,7.354,482128.24,28.93,100.0,False
6233,5.0,20.0,3.0,0,100000,2.98,3692,2352,74,15,527,3150,0.015,3.692,242047.52,36.31,100.0,False
6234,5.0,20.0,4.0,0,100000,2.98,2184,1395,52,14,420,1750,0.014,2.184,143183.04,20.05,100.0,False
6235,5.0,20.0,5.0,0,100000,2.98,1278,912,28,23,273,982,0.023,1.278,83785.68,19.27,100.0,False
6236,5.0,20.0,6.0,0,100000,2.98,853,649,25,24,200,629,0.024,0.853,55922.68,13.42,100.0,False
6237,5.0,20.0,7.0,0,100000,2.98,644,486,12,22,166,456,0.022,0.644,42220.64,9.29,100.0,False
6238,5.0,20.0,8.0,0,100000,2.98,450,347,13,11,110,329,0.011,0.45,29502.0,3.25,100.0,False
6239,5.0,20.0,9.0,0,100000,2.98,304,298,6,14,82,208,0.014,0.304,19930.24,2.79,100.0,False
6240,5.0,2.0,10.0,0,100000,2.98,123,216,7,0,12,111,0.0,0.123,8063.88,0.0,10.0,False
6241,5.0,2.0,11.0,0,100000,2.98,89,156,3,1,4,84,0.001,0.089,5834.84,0.06,10.0,False
6242,5.0,2.0,12.0,0,100000,2.98,66,152,8,0,5,61,0.0,0.066,4326.96,0.0,10.0,False
6243,5.0,2.0,13.0,0,100000,2.98,37,130,2,0,3,34,0.0,0.037,2425.72,0.0,10.0,False
6244,5.0,2.0,14.0,0,100000,2.98,33,102,4,0,3,30,0.0,0.033,2163.48,0.0,10.0,False
6245,5.0,2.0,15.0,0,100000,2.98,19,69,6,0,0,19,0.0,0.019,1245.64,0.0,10.0,False
6246,5.0,2.0,16.0,0,100000,2.98,14,65,1,0,0,14,0.0,0.014,917.84,0.0,10.0,False
6247,5.0,2.0,17.0,0,100000,2.98,16,57,3,0,0,16,0.0,0.016,1048.96,0.0,10.0,False
6248,5.0,2.0,18.0,0,100000,2.98,8,68,2,0,0,8,0.0,0.008,524.48,0.0,10.0,False
6249,5.0,2.0,19.0,0,100000,2.98,9,52,1,0,1,8,0.0,0.009,590.04,0.0,10.0,False
6250,5.0,2.0,1.0,0,100000,2.98,16967,10792,289,0,798,16169,0.0,16.967,1112356.52,0.0,10.0,False
6251,5.0,2.0,20.0,0,100000,2.98,8,34,1,0,1,7,0.0,0.008,524.48,0.0,10.0,False
6252,5.0,2.0,2.0,0,100000,2.98,6822,4411,140,2,523,6297,0.002,6.822,447250.32,8.95,10.0,False
6253,5.0,2.0,3.0,0,100000,2.98,3348,2314,82,5,314,3029,0.005,3.348,219494.88,10.97,10.0,False
6254,5.0,2.0,4.0,0,100000,2.98,1861,1401,42,2,206,1653,0.002,1.861,122007.16,2.44,10.0,False
6255,5.0,2.0,5.0,0,100000,2.98,1104,922,25,1,110,993,0.001,1.104,72378.24,0.72,10.0,False
6256,5.0,2.0,6.0,0,100000,2.98,642,598,22,0,62,580,0.0,0.642,42089.52,0.0,10.0,False
6257,5.0,2.0,7.0,0,100000,2.98,388,465,16,0,40,348,0.0,0.388,25437.28,0.0,10.0,False
6258,5.0,2.0,8.0,0,100000,2.98,246,370,13,0,21,225,0.0,0.246,16127.76,0.0,10.0,False
6259,5.0,2.0,9.0,0,100000,2.98,190,273,8,0,19,171,0.0,0.19,12456.4,0.0,10.0,False
6260,5.0,3.0,10.0,0,100000,2.98,177,224,5,0,19,158,0.0,0.177,11604.12,0.0,15.0,False
6261,5.0,3.0,11.0,0,100000,2.98,106,199,3,0,18,88,0.0,0.106,6949.36,0.0,15.0,False
6262,5.0,3.0,12.0,0,100000,2.98,78,174,4,1,10,67,0.001,0.078,5113.68,0.05,15.0,False
6263,5.0,3.0,13.0,0,100000,2.98,41,135,4,0,3,38,0.0,0.041,2687.96,0.0,15.0,False
6264,5.0,3.0,14.0,0,100000,2.98,30,97,0,0,1,29,0.0,0.03,1966.8,0.0,15.0,False
6265,5.0,3.0,15.0,0,100000,2.98,28,79,2,0,1,27,0.0,0.028,1835.68,0.0,15.0,False
6266,5.0,3.0,16.0,0,100000,2.98,14,89,3,0,2,12,0.0,0.014,917.84,0.0,15.0,False
6267,5.0,3.0,17.0,0,100000,2.98,18,72,3,0,2,16,0.0,0.018,1180.08,0.0,15.0,False
6268,5.0,3.0,18.0,0,100000,2.98,11,57,0,0,2,9,0.0,0.011,721.16,0.0,15.0,False
6269,5.0,3.0,19.0,0,100000,2.98,4,47,0,0,0,4,0.0,0.004,262.24,0.0,15.0,False
6270,5.0,3.0,1.0,0,100000,2.98,17425,10438,283,0,940,16485,0.0,17.425,1142383.0,0.0,15.0,False
6271,5.0,3.0,20.0,0,100000,2.98,3,36,1,0,1,2,0.0,0.003,196.68,0.0,15.0,False
6272,5.0,3.0,2.0,0,100000,2.98,7288,4502,161,1,615,6672,0.001,7.288,477801.28,4.78,15.0,False
6273,5.0,3.0,3.0,0,100000,2.98,3629,2338,69,5,436,3188,0.005,3.629,237917.24,11.9,15.0,False
6274,5.0,3.0,4.0,0,100000,2.98,2000,1403,52,9,272,1719,0.009,2.0,131120.0,11.8,15.0,False
6275,5.0,3.0,5.0,0,100000,2.98,1182,901,24,3,160,1019,0.003,1.182,77491.92,2.32,15.0,False
6276,5.0,3.0,6.0,0,100000,2.98,758,631,13,0,113,645,0.0,0.758,49694.48,0.0,15.0,False
6277,5.0,3.0,7.0,0,100000,2.98,461,505,16,2,71,388,0.002,0.461,30223.16,0.6,15.0,False
6278,5.0,3.0,8.0,0,100000,2.98,321,350,7,2,50,269,0.002,0.321,21044.76,0.42,15.0,False
6279,5.0,3.0,9.0,0,100000,2.98,206,275,13,0,29,177,0.0,0.206,13505.36,0.0,15.0,False
6280,5.0,4.0,10.0,0,100000,2.98,172,211,11,0,31,141,0.0,0.172,11276.32,0.0,20.0,False
6281,5.0,4.0,11.0,0,100000,2.98,133,166,8,2,27,104,0.002,0.133,8719.48,0.17,20.0,False
6282,5.0,4.0,12.0,0,100000,2.98,111,145,0,1,18,92,0.001,0.111,7277.16,0.07,20.0,False
6283,5.0,4.0,13.0,0,100000,2.98,57,114,4,0,6,51,0.0,0.057,3736.92,0.0,20.0,False
6284,5.0,4.0,14.0,0,100000,2.98,44,120,1,2,4,38,0.002,0.044,2884.64,0.06,20.0,False
6285,5.0,4.0,15.0,0,100000,2.98,37,112,2,0,4,33,0.0,0.037,2425.72,0.0,20.0,False
6286,5.0,4.0,16.0,0,100000,2.98,19,80,0,0,1,18,0.0,0.019,1245.64,0.0,20.0,False
6287,5.0,4.0,17.0,0,100000,2.98,13,83,6,0,2,11,0.0,0.013,852.28,0.0,20.0,False
6288,5.0,4.0,18.0,0,100000,2.98,19,54,3,0,4,15,0.0,0.019,1245.64,0.0,20.0,False
6289,5.0,4.0,19.0,0,100000,2.98,11,54,2,0,3,8,0.0,0.011,721.16,0.0,20.0,False
6290,5.0,4.0,1.0,0,100000,2.98,17318,10623,310,0,852,16466,0.0,17.318,1135368.08,0.0,20.0,False
6291,5.0,4.0,20.0,0,100000,2.98,7,41,0,0,1,6,0.0,0.007,458.92,0.0,20.0,False
6292,5.0,4.0,2.0,0,100000,2.98,7338,4538,150,1,719,6618,0.001,7.338,481079.28,4.81,20.0,False
6293,5.0,4.0,3.0,0,100000,2.98,3589,2372,77,10,484,3095,0.01,3.589,235294.84,23.53,20.0,False
6294,5.0,4.0,4.0,0,100000,2.98,2051,1442,40,4,359,1688,0.004,2.051,134463.56,5.38,20.0,False
6295,5.0,4.0,5.0,0,100000,2.98,1222,958,30,6,222,994,0.006,1.222,80114.32,4.81,20.0,False
6296,5.0,4.0,6.0,0,100000,2.98,759,631,18,7,129,623,0.007,0.759,49760.04,3.48,20.0,False
6297,5.0,4.0,7.0,0,100000,2.98,497,455,12,6,85,406,0.006,0.497,32583.32,1.95,20.0,False
6298,5.0,4.0,8.0,0,100000,2.98,341,362,9,3,57,281,0.003,0.341,22355.96,0.67,20.0,False
6299,5.0,4.0,9.0,0,100000,2.98,255,278,5,3,49,203,0.003,0.255,16717.8,0.5,20.0,False
6300,5.0,5.0,10.0,0,100000,2.98,203,216,12,3,39,161,0.003,0.203,13308.68,0.4,25.0,True
6301,5.0,5.0,11.0,0,100000,2.98,134,183,3,4,26,104,0.004,0.134,8785.04,0.35,25.0,True
6302,5.0,5.0,12.0,0,100000,2.98,83,185,4,2,17,64,0.002,0.083,5441.48,0.11,25.0,True
6303,5.0,5.0,13.0,0,100000,2.98,52,138,2,1,8,43,0.001,0.052,3409.12,0.03,25.0,True
6304,5.0,5.0,14.0,0,100000,2.98,49,109,0,1,5,43,0.001,0.049,3212.44,0.03,25.0,True
6305,5.0,5.0,15.0,0,100000,2.98,38,108,3,2,10,26,0.002,0.038,2491.28,0.05,25.0,True
6306,5.0,5.0,16.0,0,100000,2.98,27,94,5,0,8,19,0.0,0.027,1770.12,0.0,25.0,True
6307,5.0,5.0,17.0,0,100000,2.98,20,73,0,0,4,16,0.0,0.02,1311.2,0.0,25.0,True
6308,5.0,5.0,18.0,0,100000,2.98,20,66,3,0,2,18,0.0,0.02,1311.2,0.0,25.0,True
6309,5.0,5.0,19.0,0,100000,2.98,8,48,1,1,1,6,0.001,0.008,524.48,0.01,25.0,True
6310,5.0,5.0,1.0,0,100000,2.98,17381,10565,308,0,943,16438,0.0,17.381,1139498.36,0.0,25.0,True
6311,5.0,5.0,20.0,0,100000,2.98,13,40,3,0,3,10,0.0,0.013,852.28,0.0,25.0,True
6312,5.0,5.0,2.0,0,100000,2.98,7118,4509,138,6,649,6463,0.006,7.118,466656.08,28.0,25.0,True
6313,5.0,5.0,3.0,0,100000,2.98,3682,2336,67,5,482,3195,0.005,3.682,241391.92,12.07,25.0,True
6314,5.0,5.0,4.0,0,100000,2.98,2141,1373,39,12,382,1747,0.012,2.141,140363.96,16.84,25.0,True
6315,5.0,5.0,5.0,0,100000,2.98,1330,934,34,12,229,1089,0.012,1.33,87194.8,10.46,25.0,True
6316,5.0,5.0,6.0,0,100000,2.98,833,725,15,9,163,661,0.009,0.833,54611.48,4.92,25.0,True
6317,5.0,5.0,7.0,0,100000,2.98,556,476,14,9,147,400,0.009,0.556,36451.36,3.28,25.0,True
6318,5.0,5.0,8.0,0,100000,2.98,395,361,10,10,84,301,0.01,0.395,25896.2,2.59,25.0,True
6319,5.0,5.0,9.0,0,100000,2.98,251,273,6,4,43,204,0.004,0.251,16455.56,0.66,25.0,True
6320,5.0,6.0,10.0,0,100000,2.98,201,230,3,6,38,157,0.006,0.201,13177.56,0.79,30.0,False
6321,5.0,6.0,11.0,0,100000,2.98,142,185,6,5,40,97,0.005,0.142,9309.52,0.47,30.0,False
6322,5.0,6.0,12.0,0,100000,2.98,99,166,8,1,24,74,0.001,0.099,6490.44,0.06,30.0,False
6323,5.0,6.0,13.0,0,100000,2.98,56,143,2,2,9,45,0.002,0.056,3671.36,0.07,30.0,False
6324,5.0,6.0,14.0,0,100000,2.98,44,102,4,1,7,36,0.001,0.044,2884.64,0.03,30.0,False
6325,5.0,6.0,15.0,0,100000,2.98,31,96,4,0,5,26,0.0,0.031,2032.36,0.0,30.0,False
6326,5.0,6.0,16.0,0,100000,2.98,32,81,1,1,4,27,0.001,0.032,2097.92,0.02,30.0,False
6327,5.0,6.0,17.0,0,100000,2.98,25,68,1,0,6,19,0.0,0.025,1639.0,0.0,30.0,False
6328,5.0,6.0,18.0,0,100000,2.98,17,68,2,1,5,11,0.001,0.017,1114.52,0.01,30.0,False
6329,5.0,6.0,19.0,0,100000,2.98,9,55,2,0,2,7,0.0,0.009,590.04,0.0,30.0,False
6330,5.0,6.0,1.0,0,100000,2.98,17186,10623,288,0,864,16322,0.0,17.186,1126714.16,0.0,30.0,False
6331,5.0,6.0,20.0,0,100000,2.98,6,41,0,0,1,5,0.0,0.006,393.36,0.0,30.0,False
6332,5.0,6.0,2.0,0,100000,2.98,7290,4607,161,1,667,6622,0.001,7.29,477932.4,4.78,30.0,False
6333,5.0,6.0,3.0,0,100000,2.98,3650,2361,75,9,515,3126,0.009,3.65,239294.0,21.54,30.0,False
6334,5.0,6.0,4.0,0,100000,2.98,2085,1415,30,11,353,1721,0.011,2.085,136692.6,15.04,30.0,False
6335,5.0,6.0,5.0,0,100000,2.98,1285,974,35,5,255,1025,0.005,1.285,84244.6,4.21,30.0,False
6336,5.0,6.0,6.0,0,100000,2.98,871,661,19,15,196,660,0.015,0.871,57102.76,8.57,30.0,False
6337,5.0,6.0,7.0,0,100000,2.98,614,492,6,12,150,452,0.012,0.614,40253.84,4.83,30.0,False
6338,5.0,6.0,8.0,0,100000,2.98,378,384,18,9,98,271,0.009,0.378,24781.68,2.23,30.0,False
6339,5.0,6.0,9.0,0,100000,2.98,277,308,6,7,65,205,0.007,0.277,18160.12,1.27,30.0,False
6340,5.0,7.0,10.0,0,100000,2.98,192,227,5,6,43,143,0.006,0.192,12587.52,0.76,35.0,False
6341,5.0,7.0,11.0,0,100000,2.98,136,196,6,5,29,102,0.005,0.136,8916.16,0.45,35.0,False
6342,5.0,7.0,12.0,0,100000,2.98,87,177,7,4,22,61,0.004,0.087,5703.72,0.23,35.0,False
6343,5.0,7.0,13.0,0,100000,2.98,91,131,8,2,20,69,0.002,0.091,5965.96,0.12,35.0,False
6344,5.0,7.0,14.0,0,100000,2.98,33,94,3,0,6,27,0.0,0.033,2163.48,0.0,35.0,False
6345,5.0,7.0,15.0,0,100000,2.98,43,90,1,2,9,32,0.002,0.043,2819.08,0.06,35.0,False
6346,5.0,7.0,16.0,0,100000,2.98,36,84,2,0,8,28,0.0,0.036,2360.16,0.0,35.0,False
6347,5.0,7.0,17.0,0,100000,2.98,23,74,1,3,5,15,0.003,0.023,1507.88,0.05,35.0,False
6348,5.0,7.0,18.0,0,100000,2.98,21,70,3,0,4,17,0.0,0.021,1376.76,0.0,35.0,False
6349,5.0,7.0,19.0,0,100000,2.98,20,52,0,2,5,13,0.002,0.02,1311.2,0.03,35.0,False
6350,5.0,7.0,1.0,0,100000,2.98,17266,10802,328,0,900,16366,0.0,17.266,1131958.96,0.0,35.0,False
6351,5.0,7.0,20.0,0,100000,2.98,11,57,2,0,3,8,0.0,0.011,721.16,0.0,35.0,False
6352,5.0,7.0,2.0,0,100000,2.98,7250,4530,137,2,650,6598,0.002,7.25,475310.0,9.51,35.0,False
6353,5.0,7.0,3.0,0,100000,2.98,3776,2364,70,14,537,3225,0.014,3.776,247554.56,34.66,35.0,False
6354,5.0,7.0,4.0,0,100000,2.98,2209,1467,42,19,382,1808,0.019,2.209,144822.04,27.52,35.0,False
6355,5.0,7.0,5.0,0,100000,2.98,1272,934,26,12,262,998,0.012,1.272,83392.32,10.01,35.0,False
6356,5.0,7.0,6.0,0,100000,2.98,902,682,26,22,192,688,0.022,0.902,59135.12,13.01,35.0,False
6357,5.0,7.0,7.0,0,100000,2.98,583,457,10,14,140,429,0.014,0.583,38221.48,5.35,35.0,False
6358,5.0,7.0,8.0,0,100000,2.98,418,354,12,13,100,305,0.013,0.418,27404.08,3.56,35.0,False
6359,5.0,7.0,9.0,0,100000,2.98,292,288,7,9,71,212,0.009,0.292,19143.52,1.72,35.0,False
6360,5.0,8.0,10.0,0,100000,2.98,205,234,7,6,52,147,0.006,0.205,13439.8,0.81,40.0,False
6361,5.0,8.0,11.0,0,100000,2.98,141,212,5,4,38,99,0.004,0.141,9243.96,0.37,40.0,False
6362,5.0,8.0,12.0,0,100000,2.98,105,172,9,4,34,67,0.004,0.105,6883.8,0.28,40.0,False
6363,5.0,8.0,13.0,0,100000,2.98,73,124,6,4,11,58,0.004,0.073,4785.88,0.19,40.0,False
6364,5.0,8.0,14.0,0,100000,2.98,51,107,2,1,9,41,0.001,0.051,3343.56,0.03,40.0,False
6365,5.0,8.0,15.0,0,100000,2.98,41,110,2,1,8,32,0.001,0.041,2687.96,0.03,40.0,False
6366,5.0,8.0,16.0,0,100000,2.98,34,99,4,1,12,21,0.001,0.034,2229.04,0.02,40.0,False
6367,5.0,8.0,17.0,0,100000,2.98,27,85,2,0,9,18,0.0,0.027,1770.12,0.0,40.0,False
6368,5.0,8.0,18.0,0,100000,2.98,20,68,2,3,3,14,0.003,0.02,1311.2,0.04,40.0,False
6369,5.0,8.0,19.0,0,100000,2.98,12,55,0,0,2,10,0.0,0.012,786.72,0.0,40.0,False
6370,5.0,8.0,1.0,0,100000,2.98,17560,10629,294,1,891,16668,0.001,17.56,1151233.6,11.51,40.0,False
6371,5.0,8.0,20.0,0,100000,2.98,6,55,2,0,1,5,0.0,0.006,393.36,0.0,40.0,False
6372,5.0,8.0,2.0,0,100000,2.98,7237,4459,129,2,700,6535,0.002,7.237,474457.72,9.49,40.0,False
6373,5.0,8.0,3.0,0,100000,2.98,3625,2338,72,9,466,3150,0.009,3.625,237655.0,21.39,40.0,False
6374,5.0,8.0,4.0,0,100000,2.98,2138,1423,52,13,378,1747,0.013,2.138,140167.28,18.22,40.0,False
6375,5.0,8.0,5.0,0,100000,2.98,1282,928,27,12,259,1011,0.012,1.282,84047.92,10.09,40.0,False
6376,5.0,8.0,6.0,0,100000,2.98,881,638,14,10,199,672,0.01,0.881,57758.36,5.78,40.0,False
6377,5.0,8.0,7.0,0,100000,2.98,605,491,16,20,131,454,0.02,0.605,39663.8,7.93,40.0,False
6378,5.0,8.0,8.0,0,100000,2.98,414,382,13,6,94,314,0.006,0.414,27141.84,1.63,40.0,False
6379,5.0,8.0,9.0,0,100000,2.98,275,310,9,7,81,187,0.007,0.275,18029.0,1.26,40.0,False
6380,5.0,9.0,10.0,0,100000,2.98,205,211,4,8,65,132,0.008,0.205,13439.8,1.08,45.0,False
6381,5.0,9.0,11.0,0,100000,2.98,141,199,4,5,44,92,0.005,0.141,9243.96,0.46,45.0,False
6382,5.0,9.0,12.0,0,100000,2.98,117,168,4,6,36,75,0.006,0.117,7670.52,0.46,45.0,False
6383,5.0,9.0,13.0,0,100000,2.98,83,149,7,3,12,68,0.003,0.083,5441.48,0.16,45.0,False
6384,5.0,9.0,14.0,0,100000,2.98,50,106,5,3,12,35,0.003,0.05,3278.0,0.1,45.0,False
6385,5.0,9.0,15.0,0,100000,2.98,42,103,5,1,4,37,0.001,0.042,2753.52,0.03,45.0,False
6386,5.0,9.0,16.0,0,100000,2.98,32,94,5,0,5,27,0.0,0.032,2097.92,0.0,45.0,False
6387,5.0,9.0,17.0,0,100000,2.98,28,72,1,0,5,23,0.0,0.028,1835.68,0.0,45.0,False
6388,5.0,9.0,18.0,0,100000,2.98,17,71,0,2,4,11,0.002,0.017,1114.52,0.02,45.0,False
6389,5.0,9.0,19.0,0,100000,2.98,12,53,2,1,2,9,0.001,0.012,786.72,0.01,45.0,False
6390,5.0,9.0,1.0,0,100000,2.98,17316,10619,287,0,914,16402,0.0,17.316,1135236.96,0.0,45.0,False
6391,5.0,9.0,20.0,0,100000,2.98,14,46,2,2,3,9,0.002,0.014,917.84,0.02,45.0,False
6392,5.0,9.0,2.0,0,100000,2.98,7133,4481,153,8,678,6447,0.008,7.133,467639.48,37.41,45.0,False
6393,5.0,9.0,3.0,0,100000,2.98,3789,2300,61,13,525,3251,0.013,3.789,248406.84,32.29,45.0,False
6394,5.0,9.0,4.0,0,100000,2.98,2245,1390,45,12,430,1803,0.012,2.245,147182.2,17.66,45.0,False
6395,5.0,9.0,5.0,0,100000,2.98,1314,947,31,18,262,1034,0.018,1.314,86145.84,15.51,45.0,False
6396,5.0,9.0,6.0,0,100000,2.98,923,636,15,18,230,675,0.018,0.923,60511.88,10.89,45.0,False
6397,5.0,9.0,7.0,0,100000,2.98,586,465,15,13,142,431,0.013,0.586,38418.16,4.99,45.0,False
6398,5.0,9.0,8.0,0,100000,2.98,402,373,16,13,106,283,0.013,0.402,26355.12,3.43,45.0,False
6399,5.0,9.0,9.0,0,100000,2.98,306,292,7,8,82,216,0.008,0.306,20061.36,1.6,45.0,False
6400,6.0,10.0,10.0,0,100000,2.98,226,244,3,8,79,139,0.008,0.226,14816.56,1.19,60.0,False
6401,6.0,10.0,11.0,0,100000,2.98,179,181,6,3,56,120,0.003,0.179,11735.24,0.35,60.0,False
6402,6.0,10.0,12.0,0,100000,2.98,129,157,6,4,33,92,0.004,0.129,8457.24,0.34,60.0,False
6403,6.0,10.0,13.0,0,100000,2.98,80,132,1,4,26,50,0.004,0.08,5244.8,0.21,60.0,False
6404,6.0,10.0,14.0,0,100000,2.98,70,127,0,3,22,45,0.003,0.07,4589.2,0.14,60.0,False
6405,6.0,10.0,15.0,0,100000,2.98,47,93,5,2,12,33,0.002,0.047,3081.32,0.06,60.0,False
6406,6.0,10.0,16.0,0,100000,2.98,32,91,2,1,8,23,0.001,0.032,2097.92,0.02,60.0,False
6407,6.0,10.0,17.0,0,100000,2.98,34,72,2,2,8,24,0.002,0.034,2229.04,0.04,60.0,False
6408,6.0,10.0,18.0,0,100000,2.98,18,66,0,1,3,14,0.001,0.018,1180.08,0.01,60.0,False
6409,6.0,10.0,19.0,0,100000,2.98,19,51,3,2,4,13,0.002,0.019,1245.64,0.02,60.0,False
6410,6.0,10.0,1.0,0,100000,2.98,17486,10645,287,2,819,16665,0.002,17.486,1146382.16,22.93,60.0,False
6411,6.0,10.0,20.0,0,100000,2.98,18,61,0,1,2,15,0.001,0.018,1180.08,0.01,60.0,False
6412,6.0,10.0,2.0,0,100000,2.98,7170,4622,157,4,749,6417,0.004,7.17,470065.2,18.8,60.0,False
6413,6.0,10.0,3.0,0,100000,2.98,3857,2355,63,16,535,3306,0.016,3.857,252864.92,40.46,60.0,False
6414,6.0,10.0,4.0,0,100000,2.98,2264,1392,35,18,468,1778,0.018,2.264,148427.84,26.72,60.0,False
6415,6.0,10.0,5.0,0,100000,2.98,1389,928,29,23,356,1010,0.023,1.389,91062.84,20.94,60.0,False
6416,6.0,10.0,6.0,0,100000,2.98,978,657,28,29,219,730,0.029,0.978,64117.68,18.59,60.0,False
6417,6.0,10.0,7.0,0,100000,2.98,631,478,13,22,162,447,0.022,0.631,41368.36,9.1,60.0,False
6418,6.0,10.0,8.0,0,100000,2.98,438,384,8,17,124,297,0.017,0.438,28715.28,4.88,60.0,False
6419,6.0,10.0,9.0,0,100000,2.98,354,281,8,17,96,241,0.017,0.354,23208.24,3.95,60.0,False
6420,6.0,11.0,10.0,0,100000,2.98,228,235,9,17,65,146,0.017,0.228,14947.68,2.54,66.0,False
6421,6.0,11.0,11.0,0,100000,2.98,154,167,3,11,52,91,0.011,0.154,10096.24,1.11,66.0,False
6422,6.0,11.0,12.0,0,100000,2.98,118,150,2,6,44,68,0.006,0.118,7736.08,0.46,66.0,False
6423,6.0,11.0,13.0,0,100000,2.98,103,130,7,11,28,64,0.011,0.103,6752.68,0.74,66.0,False
6424,6.0,11.0,14.0,0,100000,2.98,74,95,2,6,22,46,0.006,0.074,4851.44,0.29,66.0,False
6425,6.0,11.0,15.0,0,100000,2.98,54,105,1,3,10,41,0.003,0.054,3540.24,0.11,66.0,False
6426,6.0,11.0,16.0,0,100000,2.98,49,70,0,2,11,36,0.002,0.049,3212.44,0.06,66.0,False
6427,6.0,11.0,17.0,0,100000,2.98,31,90,6,2,5,24,0.002,0.031,2032.36,0.04,66.0,False
6428,6.0,11.0,18.0,0,100000,2.98,19,65,2,2,5,12,0.002,0.019,1245.64,0.02,66.0,False
6429,6.0,11.0,19.0,0,100000,2.98,23,73,2,3,4,16,0.003,0.023,1507.88,0.05,66.0,False
6430,6.0,11.0,1.0,0,100000,2.98,17508,10708,288,1,869,16638,0.001,17.508,1147824.48,11.48,66.0,False
6431,6.0,11.0,20.0,0,100000,2.98,19,56,2,0,2,17,0.0,0.019,1245.64,0.0,66.0,False
6432,6.0,11.0,2.0,0,100000,2.98,7299,4518,167,2,710,6587,0.002,7.299,478522.44,9.57,66.0,False
6433,6.0,11.0,3.0,0,100000,2.98,3766,2356,75,15,532,3219,0.015,3.766,246898.96,37.03,66.0,False
6434,6.0,11.0,4.0,0,100000,2.98,2229,1427,48,28,415,1786,0.028,2.229,146133.24,40.92,66.0,False
6435,6.0,11.0,5.0,0,100000,2.98,1411,922,34,26,313,1072,0.026,1.411,92505.16,24.05,66.0,False
6436,6.0,11.0,6.0,0,100000,2.98,918,685,25,19,222,677,0.019,0.918,60184.08,11.43,66.0,False
6437,6.0,11.0,7.0,0,100000,2.98,654,488,18,25,177,452,0.025,0.654,42876.24,10.72,66.0,False
6438,6.0,11.0,8.0,0,100000,2.98,481,404,8,28,123,330,0.028,0.481,31534.36,8.83,66.0,False
6439,6.0,11.0,9.0,0,100000,2.98,317,317,7,20,90,207,0.02,0.317,20782.52,4.16,66.0,False
6440,6.0,12.0,10.0,0,100000,2.98,264,246,2,17,78,169,0.017,0.264,17307.84,2.94,72.0,False
6441,6.0,12.0,11.0,0,100000,2.98,162,192,6,19,39,104,0.019,0.162,10620.72,2.02,72.0,False
6442,6.0,12.0,12.0,0,100000,2.98,140,174,3,10,36,94,0.01,0.14,9178.4,0.92,72.0,False
6443,6.0,12.0,13.0,0,100000,2.98,88,139,3,6,30,52,0.006,0.088,5769.28,0.35,72.0,False
6444,6.0,12.0,14.0,0,100000,2.98,78,121,5,7,22,49,0.007,0.078,5113.68,0.36,72.0,False
6445,6.0,12.0,15.0,0,100000,2.98,48,121,3,4,21,23,0.004,0.048,3146.88,0.13,72.0,False
6446,6.0,12.0,16.0,0,100000,2.98,52,84,4,1,17,34,0.001,0.052,3409.12,0.03,72.0,False
6447,6.0,12.0,17.0,0,100000,2.98,32,96,5,5,4,23,0.005,0.032,2097.92,0.1,72.0,False
6448,6.0,12.0,18.0,0,100000,2.98,23,52,1,2,8,13,0.002,0.023,1507.88,0.03,72.0,False
6449,6.0,12.0,19.0,0,100000,2.98,20,54,2,1,6,13,0.001,0.02,1311.2,0.01,72.0,False
6450,6.0,12.0,1.0,0,100000,2.98,17679,10704,303,1,918,16760,0.001,17.679,1159035.24,11.59,72.0,False
6451,6.0,12.0,20.0,0,100000,2.98,10,60,3,0,2,8,0.0,0.01,655.6,0.0,72.0,False
6452,6.0,12.0,2.0,0,100000,2.98,7352,4455,146,4,733,6615,0.004,7.352,481997.12,19.28,72.0,False
6453,6.0,12.0,3.0,0,100000,2.98,3697,2350,87,10,488,3199,0.01,3.697,242375.32,24.24,72.0,False
6454,6.0,12.0,4.0,0,100000,2.98,2254,1488,58,22,444,1788,0.022,2.254,147772.24,32.51,72.0,False
6455,6.0,12.0,5.0,0,100000,2.98,1391,937,33,23,316,1052,0.023,1.391,91193.96,20.97,72.0,False
6456,6.0,12.0,6.0,0,100000,2.98,941,669,26,23,221,697,0.023,0.941,61691.96,14.19,72.0,False
6457,6.0,12.0,7.0,0,100000,2.98,642,500,15,30,166,446,0.03,0.642,42089.52,12.63,72.0,False
6458,6.0,12.0,8.0,0,100000,2.98,455,402,7,29,115,311,0.029,0.455,29829.8,8.65,72.0,False
6459,6.0,12.0,9.0,0,100000,2.98,323,305,10,22,86,215,0.022,0.323,21175.88,4.66,72.0,False
6460,6.0,13.0,10.0,0,100000,2.98,232,237,9,17,75,140,0.017,0.232,15209.92,2.59,78.0,False
6461,6.0,13.0,11.0,0,100000,2.98,193,186,6,12,62,119,0.012,0.193,12653.08,1.52,78.0,False
6462,6.0,13.0,12.0,0,100000,2.98,137,151,5,11,41,85,0.011,0.137,8981.72,0.99,78.0,False
6463,6.0,13.0,13.0,0,100000,2.98,92,143,4,10,30,52,0.01,0.092,6031.52,0.6,78.0,False
6464,6.0,13.0,14.0,0,100000,2.98,85,107,3,5,32,48,0.005,0.085,5572.6,0.28,78.0,False
6465,6.0,13.0,15.0,0,100000,2.98,54,98,4,4,13,37,0.004,0.054,3540.24,0.14,78.0,False
6466,6.0,13.0,16.0,0,100000,2.98,39,75,1,4,6,29,0.004,0.039,2556.84,0.1,78.0,False
6467,6.0,13.0,17.0,0,100000,2.98,26,88,5,1,6,19,0.001,0.026,1704.56,0.02,78.0,False
6468,6.0,13.0,18.0,0,100000,2.98,24,68,0,1,6,17,0.001,0.024,1573.44,0.02,78.0,False
6469,6.0,13.0,19.0,0,100000,2.98,18,58,1,2,6,10,0.002,0.018,1180.08,0.02,78.0,False
6470,6.0,13.0,1.0,0,100000,2.98,17357,10782,324,1,926,16430,0.001,17.357,1137924.92,11.38,78.0,False
6471,6.0,13.0,20.0,0,100000,2.98,14,57,0,1,2,11,0.001,0.014,917.84,0.01,78.0,False
6472,6.0,13.0,2.0,0,100000,2.98,7315,4525,132,5,699,6611,0.005,7.315,479571.4,23.98,78.0,False
6473,6.0,13.0,3.0,0,100000,2.98,3684,2383,58,12,521,3151,0.012,3.684,241523.04,28.98,78.0,False
6474,6.0,13.0,4.0,0,100000,2.98,2210,1457,39,23,463,1724,0.023,2.21,144887.6,33.32,78.0,False
6475,6.0,13.0,5.0,0,100000,2.98,1327,975,22,27,300,1000,0.027,1.327,86998.12,23.49,78.0,False
6476,6.0,13.0,6.0,0,100000,2.98,912,690,16,19,220,673,0.019,0.912,59790.72,11.36,78.0,False
6477,6.0,13.0,7.0,0,100000,2.98,633,502,12,16,164,453,0.016,0.633,41499.48,6.64,78.0,False
6478,6.0,13.0,8.0,0,100000,2.98,471,349,6,26,113,332,0.026,0.471,30878.76,8.03,78.0,False
6479,6.0,13.0,9.0,0,100000,2.98,320,282,10,19,95,206,0.019,0.32,20979.2,3.99,78.0,False
6480,6.0,14.0,10.0,0,100000,2.98,245,231,7,14,56,175,0.014,0.245,16062.2,2.25,84.0,False
6481,6.0,14.0,11.0,0,100000,2.98,186,208,6,15,60,111,0.015,0.186,12194.16,1.83,84.0,False
6482,6.0,14.0,12.0,0,100000,2.98,126,169,4,8,30,88,0.008,0.126,8260.56,0.66,84.0,False
6483,6.0,14.0,13.0,0,100000,2.98,88,137,4,8,34,46,0.008,0.088,5769.28,0.46,84.0,False
6484,6.0,14.0,14.0,0,100000,2.98,73,133,1,8,28,37,0.008,0.073,4785.88,0.38,84.0,False
6485,6.0,14.0,15.0,0,100000,2.98,56,109,3,2,19,35,0.002,0.056,3671.36,0.07,84.0,False
6486,6.0,14.0,16.0,0,100000,2.98,37,88,2,5,12,20,0.005,0.037,2425.72,0.12,84.0,False
6487,6.0,14.0,17.0,0,100000,2.98,32,68,3,3,13,16,0.003,0.032,2097.92,0.06,84.0,False
6488,6.0,14.0,18.0,0,100000,2.98,23,78,1,2,6,15,0.002,0.023,1507.88,0.03,84.0,False
6489,6.0,14.0,19.0,0,100000,2.98,21,68,0,1,8,12,0.001,0.021,1376.76,0.01,84.0,False
6490,6.0,14.0,1.0,0,100000,2.98,17378,10570,281,1,888,16489,0.001,17.378,1139301.68,11.39,84.0,False
6491,6.0,14.0,20.0,0,100000,2.98,17,46,1,0,3,14,0.0,0.017,1114.52,0.0,84.0,False
6492,6.0,14.0,2.0,0,100000,2.98,7210,4568,152,3,692,6515,0.003,7.21,472687.6,14.18,84.0,False
6493,6.0,14.0,3.0,0,100000,2.98,3790,2319,80,11,544,3235,0.011,3.79,248472.4,27.33,84.0,False
6494,6.0,14.0,4.0,0,100000,2.98,2277,1455,29,26,422,1829,0.026,2.277,149280.12,38.81,84.0,False
6495,6.0,14.0,5.0,0,100000,2.98,1421,928,28,38,310,1073,0.038,1.421,93160.76,35.4,84.0,False
6496,6.0,14.0,6.0,0,100000,2.98,923,685,23,24,226,673,0.024,0.923,60511.88,14.52,84.0,False
6497,6.0,14.0,7.0,0,100000,2.98,684,514,12,12,185,487,0.012,0.684,44843.04,5.38,84.0,False
6498,6.0,14.0,8.0,0,100000,2.98,474,403,9,23,130,321,0.023,0.474,31075.44,7.15,84.0,False
6499,6.0,14.0,9.0,0,100000,2.98,340,293,8,29,93,218,0.029,0.34,22290.4,6.46,84.0,False
6500,6.0,15.0,10.0,0,100000,2.98,249,254,5,13,69,167,0.013,0.249,16324.44,2.12,90.0,False
6501,6.0,15.0,11.0,0,100000,2.98,179,180,8,12,52,115,0.012,0.179,11735.24,1.41,90.0,False
6502,6.0,15.0,12.0,0,100000,2.98,137,175,8,7,42,88,0.007,0.137,8981.72,0.63,90.0,False
6503,6.0,15.0,13.0,0,100000,2.98,112,161,0,9,32,71,0.009,0.112,7342.72,0.66,90.0,False
6504,6.0,15.0,14.0,0,100000,2.98,86,115,4,3,23,60,0.003,0.086,5638.16,0.17,90.0,False
6505,6.0,15.0,15.0,0,100000,2.98,53,98,0,3,15,35,0.003,0.053,3474.68,0.1,90.0,False
6506,6.0,15.0,16.0,0,100000,2.98,47,76,3,4,20,23,0.004,0.047,3081.32,0.12,90.0,False
6507,6.0,15.0,17.0,0,100000,2.98,38,96,4,3,17,18,0.003,0.038,2491.28,0.07,90.0,False
6508,6.0,15.0,18.0,0,100000,2.98,32,61,1,2,3,27,0.002,0.032,2097.92,0.04,90.0,False
6509,6.0,15.0,19.0,0,100000,2.98,14,69,3,2,6,6,0.002,0.014,917.84,0.02,90.0,False
6510,6.0,15.0,1.0,0,100000,2.98,17406,10574,294,1,858,16547,0.001,17.406,1141137.36,11.41,90.0,False
6511,6.0,15.0,20.0,0,100000,2.98,17,41,0,0,10,7,0.0,0.017,1114.52,0.0,90.0,False
6512,6.0,15.0,2.0,0,100000,2.98,7290,4498,126,4,791,6495,0.004,7.29,477932.4,19.12,90.0,False
6513,6.0,15.0,3.0,0,100000,2.98,3723,2416,66,13,559,3151,0.013,3.723,244079.88,31.73,90.0,False
6514,6.0,15.0,4.0,0,100000,2.98,2223,1383,42,25,427,1771,0.025,2.223,145739.88,36.43,90.0,False
6515,6.0,15.0,5.0,0,100000,2.98,1398,960,24,24,320,1054,0.024,1.398,91652.88,22.0,90.0,False
6516,6.0,15.0,6.0,0,100000,2.98,947,659,26,36,255,656,0.036,0.947,62085.32,22.35,90.0,False
6517,6.0,15.0,7.0,0,100000,2.98,673,514,16,21,190,462,0.021,0.673,44121.88,9.27,90.0,False
6518,6.0,15.0,8.0,0,100000,2.98,476,405,8,27,132,317,0.027,0.476,31206.56,8.43,90.0,False
6519,6.0,15.0,9.0,0,100000,2.98,385,308,10,24,98,263,0.024,0.385,25240.6,6.06,90.0,False
6520,6.0,16.0,10.0,0,100000,2.98,239,228,5,6,83,150,0.006,0.239,15668.84,0.94,96.0,False
6521,6.0,16.0,11.0,0,100000,2.98,214,217,5,10,62,142,0.01,0.214,14029.84,1.4,96.0,False
6522,6.0,16.0,12.0,0,100000,2.98,133,192,6,15,35,83,0.015,0.133,8719.48,1.31,96.0,False
6523,6.0,16.0,13.0,0,100000,2.98,113,146,6,11,26,76,0.011,0.113,7408.28,0.81,96.0,False
6524,6.0,16.0,14.0,0,100000,2.98,75,118,1,1,22,52,0.001,0.075,4917.0,0.05,96.0,False
6525,6.0,16.0,15.0,0,100000,2.98,62,107,3,5,18,39,0.005,0.062,4064.72,0.2,96.0,False
6526,6.0,16.0,16.0,0,100000,2.98,47,106,1,5,10,32,0.005,0.047,3081.32,0.15,96.0,False
6527,6.0,16.0,17.0,0,100000,2.98,30,89,3,5,11,14,0.005,0.03,1966.8,0.1,96.0,False
6528,6.0,16.0,18.0,0,100000,2.98,28,62,2,0,9,19,0.0,0.028,1835.68,0.0,96.0,False
6529,6.0,16.0,19.0,0,100000,2.98,17,45,2,3,5,9,0.003,0.017,1114.52,0.03,96.0,False
6530,6.0,16.0,1.0,0,100000,2.98,17232,10458,307,4,852,16376,0.004,17.232,1129729.92,45.19,96.0,False
6531,6.0,16.0,20.0,0,100000,2.98,13,53,0,2,4,7,0.002,0.013,852.28,0.02,96.0,False
6532,6.0,16.0,2.0,0,100000,2.98,7298,4549,123,6,726,6566,0.006,7.298,478456.88,28.71,96.0,False
6533,6.0,16.0,3.0,0,100000,2.98,3730,2411,75,20,551,3159,0.02,3.73,244538.8,48.91,96.0,False
6534,6.0,16.0,4.0,0,100000,2.98,2134,1476,38,28,411,1695,0.028,2.134,139905.04,39.17,96.0,False
6535,6.0,16.0,5.0,0,100000,2.98,1396,910,25,27,325,1044,0.027,1.396,91521.76,24.71,96.0,False
6536,6.0,16.0,6.0,0,100000,2.98,951,661,21,21,234,696,0.021,0.951,62347.56,13.09,96.0,False
6537,6.0,16.0,7.0,0,100000,2.98,631,487,8,24,168,439,0.024,0.631,41368.36,9.93,96.0,False
6538,6.0,16.0,8.0,0,100000,2.98,471,400,10,28,118,325,0.028,0.471,30878.76,8.65,96.0,False
6539,6.0,16.0,9.0,0,100000,2.98,343,310,9,19,92,232,0.019,0.343,22487.08,4.27,96.0,False
6540,6.0,17.0,10.0,0,100000,2.98,232,255,8,14,61,157,0.014,0.232,15209.92,2.13,102.0,False
6541,6.0,17.0,11.0,0,100000,2.98,163,243,2,14,43,106,0.014,0.163,10686.28,1.5,102.0,False
6542,6.0,17.0,12.0,0,100000,2.98,133,167,3,10,38,85,0.01,0.133,8719.48,0.87,102.0,False
6543,6.0,17.0,13.0,0,100000,2.98,91,159,6,9,29,53,0.009,0.091,5965.96,0.54,102.0,False
6544,6.0,17.0,14.0,0,100000,2.98,66,129,1,6,20,40,0.006,0.066,4326.96,0.26,102.0,False
6545,6.0,17.0,15.0,0,100000,2.98,59,100,5,5,15,39,0.005,0.059,3868.04,0.19,102.0,False
6546,6.0,17.0,16.0,0,100000,2.98,47,95,1,5,11,31,0.005,0.047,3081.32,0.15,102.0,False
6547,6.0,17.0,17.0,0,100000,2.98,36,94,0,4,10,22,0.004,0.036,2360.16,0.09,102.0,False
6548,6.0,17.0,18.0,0,100000,2.98,22,54,1,3,9,10,0.003,0.022,1442.32,0.04,102.0,False
6549,6.0,17.0,19.0,0,100000,2.98,15,55,2,1,4,10,0.001,0.015,983.4,0.01,102.0,False
6550,6.0,17.0,1.0,0,100000,2.98,17318,10774,326,1,914,16403,0.001,17.318,1135368.08,11.35,102.0,False
6551,6.0,17.0,20.0,0,100000,2.98,12,54,1,0,4,8,0.0,0.012,786.72,0.0,102.0,False
6552,6.0,17.0,2.0,0,100000,2.98,7220,4427,147,6,733,6481,0.006,7.22,473343.2,28.4,102.0,False
6553,6.0,17.0,3.0,0,100000,2.98,3795,2376,66,14,573,3208,0.014,3.795,248800.2,34.83,102.0,False
6554,6.0,17.0,4.0,0,100000,2.98,2123,1438,26,19,386,1718,0.019,2.123,139183.88,26.44,102.0,False
6555,6.0,17.0,5.0,0,100000,2.98,1445,937,26,29,310,1106,0.029,1.445,94734.2,27.47,102.0,False
6556,6.0,17.0,6.0,0,100000,2.98,943,661,16,24,247,672,0.024,0.943,61823.08,14.84,102.0,False
6557,6.0,17.0,7.0,0,100000,2.98,636,515,14,25,179,432,0.025,0.636,41696.16,10.42,102.0,False
6558,6.0,17.0,8.0,0,100000,2.98,433,361,16,14,135,284,0.014,0.433,28387.48,3.97,102.0,False
6559,6.0,17.0,9.0,0,100000,2.98,342,329,6,23,102,217,0.023,0.342,22421.52,5.16,102.0,False
6560,6.0,18.0,10.0,0,100000,2.98,257,249,3,22,70,165,0.022,0.257,16848.92,3.71,108.0,False
6561,6.0,18.0,11.0,0,100000,2.98,193,200,3,13,63,117,0.013,0.193,12653.08,1.64,108.0,False
6562,6.0,18.0,12.0,0,100000,2.98,136,182,1,9,45,82,0.009,0.136,8916.16,0.8,108.0,False
6563,6.0,18.0,13.0,0,100000,2.98,96,118,1,9,33,54,0.009,0.096,6293.76,0.57,108.0,False
6564,6.0,18.0,14.0,0,100000,2.98,75,113,2,6,15,54,0.006,0.075,4917.0,0.3,108.0,False
6565,6.0,18.0,15.0,0,100000,2.98,66,105,2,4,24,38,0.004,0.066,4326.96,0.17,108.0,False
6566,6.0,18.0,16.0,0,100000,2.98,47,104,0,4,11,32,0.004,0.047,3081.32,0.12,108.0,False
6567,6.0,18.0,17.0,0,100000,2.98,35,95,3,3,17,15,0.003,0.035,2294.6,0.07,108.0,False
6568,6.0,18.0,18.0,0,100000,2.98,27,72,0,2,13,12,0.002,0.027,1770.12,0.04,108.0,False
6569,6.0,18.0,19.0,0,100000,2.98,15,60,2,2,4,9,0.002,0.015,983.4,0.02,108.0,False
6570,6.0,18.0,1.0,0,100000,2.98,17656,10707,319,2,926,16728,0.002,17.656,1157527.36,23.15,108.0,False
6571,6.0,18.0,20.0,0,100000,2.98,15,63,1,1,4,10,0.001,0.015,983.4,0.01,108.0,False
6572,6.0,18.0,2.0,0,100000,2.98,7247,4510,163,7,692,6548,0.007,7.247,475113.32,33.26,108.0,False
6573,6.0,18.0,3.0,0,100000,2.98,3648,2245,59,19,542,3087,0.019,3.648,239162.88,45.44,108.0,False
6574,6.0,18.0,4.0,0,100000,2.98,2193,1482,38,26,424,1743,0.026,2.193,143773.08,37.38,108.0,False
6575,6.0,18.0,5.0,0,100000,2.98,1313,906,29,22,292,999,0.022,1.313,86080.28,18.94,108.0,False
6576,6.0,18.0,6.0,0,100000,2.98,968,626,20,19,239,710,0.019,0.968,63462.08,12.06,108.0,False
6577,6.0,18.0,7.0,0,100000,2.98,615,506,18,17,183,415,0.017,0.615,40319.4,6.85,108.0,False
6578,6.0,18.0,8.0,0,100000,2.98,447,377,19,30,135,282,0.03,0.447,29305.32,8.79,108.0,False
6579,6.0,18.0,9.0,0,100000,2.98,337,335,2,19,97,221,0.019,0.337,22093.72,4.2,108.0,False
6580,6.0,19.0,10.0,0,100000,2.98,262,257,10,17,86,159,0.017,0.262,17176.72,2.92,114.0,False
6581,6.0,19.0,11.0,0,100000,2.98,183,203,9,9,61,113,0.009,0.183,11997.48,1.08,114.0,False
6582,6.0,19.0,12.0,0,100000,2.98,127,169,1,7,44,76,0.007,0.127,8326.12,0.58,114.0,False
6583,6.0,19.0,13.0,0,100000,2.98,109,133,3,5,32,72,0.005,0.109,7146.04,0.36,114.0,False
6584,6.0,19.0,14.0,0,100000,2.98,85,102,1,11,25,49,0.011,0.085,5572.6,0.61,114.0,False
6585,6.0,19.0,15.0,0,100000,2.98,55,105,5,7,19,29,0.007,0.055,3605.8,0.25,114.0,False
6586,6.0,19.0,16.0,0,100000,2.98,38,99,1,3,10,25,0.003,0.038,2491.28,0.07,114.0,False
6587,6.0,19.0,17.0,0,100000,2.98,24,69,2,4,8,12,0.004,0.024,1573.44,0.06,114.0,False
6588,6.0,19.0,18.0,0,100000,2.98,21,66,2,1,8,12,0.001,0.021,1376.76,0.01,114.0,False
6589,6.0,19.0,19.0,0,100000,2.98,20,56,1,2,4,14,0.002,0.02,1311.2,0.03,114.0,False
6590,6.0,19.0,1.0,0,100000,2.98,17403,10810,295,0,896,16507,0.0,17.403,1140940.68,0.0,114.0,False
6591,6.0,19.0,20.0,0,100000,2.98,12,59,0,1,3,8,0.001,0.012,786.72,0.01,114.0,False
6592,6.0,19.0,2.0,0,100000,2.98,7356,4604,146,5,709,6642,0.005,7.356,482259.36,24.11,114.0,False
6593,6.0,19.0,3.0,0,100000,2.98,3746,2356,73,12,554,3180,0.012,3.746,245587.76,29.47,114.0,False
6594,6.0,19.0,4.0,0,100000,2.98,2221,1457,48,21,422,1778,0.021,2.221,145608.76,30.58,114.0,False
6595,6.0,19.0,5.0,0,100000,2.98,1373,957,33,27,307,1039,0.027,1.373,90013.88,24.3,114.0,False
6596,6.0,19.0,6.0,0,100000,2.98,949,691,15,21,248,680,0.021,0.949,62216.44,13.07,114.0,False
6597,6.0,19.0,7.0,0,100000,2.98,660,504,12,25,163,472,0.025,0.66,43269.6,10.82,114.0,False
6598,6.0,19.0,8.0,0,100000,2.98,431,376,9,16,134,281,0.016,0.431,28256.36,4.52,114.0,False
6599,6.0,19.0,9.0,0,100000,2.98,350,312,9,16,103,231,0.016,0.35,22946.0,3.67,114.0,False
6600,6.0,1.0,10.0,0,100000,2.98,128,225,6,0,3,125,0.0,0.128,8391.68,0.0,6.0,False
6601,6.0,1.0,11.0,0,100000,2.98,92,170,8,0,3,89,0.0,0.092,6031.52,0.0,6.0,False
6602,6.0,1.0,12.0,0,100000,2.98,56,139,2,0,1,55,0.0,0.056,3671.36,0.0,6.0,False
6603,6.0,1.0,13.0,0,100000,2.98,37,122,5,0,0,37,0.0,0.037,2425.72,0.0,6.0,False
6604,6.0,1.0,14.0,0,100000,2.98,30,104,4,0,0,30,0.0,0.03,1966.8,0.0,6.0,False
6605,6.0,1.0,15.0,0,100000,2.98,25,91,2,0,0,25,0.0,0.025,1639.0,0.0,6.0,False
6606,6.0,1.0,16.0,0,100000,2.98,28,75,3,0,0,28,0.0,0.028,1835.68,0.0,6.0,False
6607,6.0,1.0,17.0,0,100000,2.98,17,59,1,0,0,17,0.0,0.017,1114.52,0.0,6.0,False
6608,6.0,1.0,18.0,0,100000,2.98,17,64,1,0,0,17,0.0,0.017,1114.52,0.0,6.0,False
6609,6.0,1.0,19.0,0,100000,2.98,16,49,4,0,0,16,0.0,0.016,1048.96,0.0,6.0,False
6610,6.0,1.0,1.0,0,100000,2.98,16793,10650,266,0,652,16141,0.0,16.793,1100949.08,0.0,6.0,False
6611,6.0,1.0,20.0,0,100000,2.98,12,46,2,0,0,12,0.0,0.012,786.72,0.0,6.0,False
6612,6.0,1.0,2.0,0,100000,2.98,6699,4481,117,0,315,6384,0.0,6.699,439186.44,0.0,6.0,False
6613,6.0,1.0,3.0,0,100000,2.98,3215,2292,56,0,185,3030,0.0,3.215,210775.4,0.0,6.0,False
6614,6.0,1.0,4.0,0,100000,2.98,1668,1336,40,0,77,1591,0.0,1.668,109354.08,0.0,6.0,False
6615,6.0,1.0,5.0,0,100000,2.98,1016,883,18,0,50,966,0.0,1.016,66608.96,0.0,6.0,False
6616,6.0,1.0,6.0,0,100000,2.98,608,640,17,0,27,581,0.0,0.608,39860.48,0.0,6.0,False
6617,6.0,1.0,7.0,0,100000,2.98,402,416,11,0,11,391,0.0,0.402,26355.12,0.0,6.0,False
6618,6.0,1.0,8.0,0,100000,2.98,261,332,8,0,10,251,0.0,0.261,17111.16,0.0,6.0,False
6619,6.0,1.0,9.0,0,100000,2.98,168,309,5,0,5,163,0.0,0.168,11014.08,0.0,6.0,False
6620,6.0,20.0,10.0,0,100000,2.98,211,261,6,12,54,145,0.012,0.211,13833.16,1.66,120.0,False
6621,6.0,20.0,11.0,0,100000,2.98,190,230,5,15,53,122,0.015,0.19,12456.4,1.87,120.0,False
6622,6.0,20.0,12.0,0,100000,2.98,139,193,2,14,35,90,0.014,0.139,9112.84,1.28,120.0,False
6623,6.0,20.0,13.0,0,100000,2.98,79,142,6,11,18,50,0.011,0.079,5179.24,0.57,120.0,False
6624,6.0,20.0,14.0,0,100000,2.98,85,127,2,4,19,62,0.004,0.085,5572.6,0.22,120.0,False
6625,6.0,20.0,15.0,0,100000,2.98,56,105,1,7,13,36,0.007,0.056,3671.36,0.26,120.0,False
6626,6.0,20.0,16.0,0,100000,2.98,43,90,5,2,11,30,0.002,0.043,2819.08,0.06,120.0,False
6627,6.0,20.0,17.0,0,100000,2.98,35,82,3,1,8,26,0.001,0.035,2294.6,0.02,120.0,False
6628,6.0,20.0,18.0,0,100000,2.98,27,75,4,2,6,19,0.002,0.027,1770.12,0.04,120.0,False
6629,6.0,20.0,19.0,0,100000,2.98,26,65,2,3,9,14,0.003,0.026,1704.56,0.05,120.0,False
6630,6.0,20.0,1.0,0,100000,2.98,17497,10614,312,1,906,16590,0.001,17.497,1147103.32,11.47,120.0,False
6631,6.0,20.0,20.0,0,100000,2.98,13,36,1,3,5,5,0.003,0.013,852.28,0.03,120.0,False
6632,6.0,20.0,2.0,0,100000,2.98,7327,4459,146,11,719,6597,0.011,7.327,480358.12,52.84,120.0,False
6633,6.0,20.0,3.0,0,100000,2.98,3714,2344,82,19,539,3156,0.019,3.714,243489.84,46.26,120.0,False
6634,6.0,20.0,4.0,0,100000,2.98,2207,1413,43,16,442,1749,0.016,2.207,144690.92,23.15,120.0,False
6635,6.0,20.0,5.0,0,100000,2.98,1387,978,29,20,308,1059,0.02,1.387,90931.72,18.19,120.0,False
6636,6.0,20.0,6.0,0,100000,2.98,904,676,16,23,236,645,0.023,0.904,59266.24,13.63,120.0,False
6637,6.0,20.0,7.0,0,100000,2.98,644,500,9,30,177,437,0.03,0.644,42220.64,12.67,120.0,False
6638,6.0,20.0,8.0,0,100000,2.98,500,425,10,17,148,335,0.017,0.5,32780.0,5.57,120.0,False
6639,6.0,20.0,9.0,0,100000,2.98,359,306,11,20,103,236,0.02,0.359,23536.04,4.71,120.0,False
6640,6.0,2.0,10.0,0,100000,2.98,125,237,10,0,12,113,0.0,0.125,8195.0,0.0,12.0,False
6641,6.0,2.0,11.0,0,100000,2.98,88,182,5,0,6,82,0.0,0.088,5769.28,0.0,12.0,False
6642,6.0,2.0,12.0,0,100000,2.98,54,134,4,0,2,52,0.0,0.054,3540.24,0.0,12.0,False
6643,6.0,2.0,13.0,0,100000,2.98,46,117,3,0,7,39,0.0,0.046,3015.76,0.0,12.0,False
6644,6.0,2.0,14.0,0,100000,2.98,26,106,2,0,3,23,0.0,0.026,1704.56,0.0,12.0,False
6645,6.0,2.0,15.0,0,100000,2.98,22,85,0,0,0,22,0.0,0.022,1442.32,0.0,12.0,False
6646,6.0,2.0,16.0,0,100000,2.98,12,83,1,0,0,12,0.0,0.012,786.72,0.0,12.0,False
6647,6.0,2.0,17.0,0,100000,2.98,12,59,1,0,1,11,0.0,0.012,786.72,0.0,12.0,False
6648,6.0,2.0,18.0,0,100000,2.98,5,52,2,0,0,5,0.0,0.005,327.8,0.0,12.0,False
6649,6.0,2.0,19.0,0,100000,2.98,6,57,1,0,0,6,0.0,0.006,393.36,0.0,12.0,False
6650,6.0,2.0,1.0,0,100000,2.98,17142,10817,324,0,800,16342,0.0,17.142,1123829.52,0.0,12.0,False
6651,6.0,2.0,20.0,0,100000,2.98,8,53,1,0,1,7,0.0,0.008,524.48,0.0,12.0,False
6652,6.0,2.0,2.0,0,100000,2.98,7030,4362,136,1,539,6490,0.001,7.03,460886.8,4.61,12.0,False
6653,6.0,2.0,3.0,0,100000,2.98,3360,2308,86,0,345,3015,0.0,3.36,220281.6,0.0,12.0,False
6654,6.0,2.0,4.0,0,100000,2.98,1828,1353,38,1,187,1640,0.001,1.828,119843.68,1.2,12.0,False
6655,6.0,2.0,5.0,0,100000,2.98,1054,895,24,1,122,931,0.001,1.054,69100.24,0.69,12.0,False
6656,6.0,2.0,6.0,0,100000,2.98,688,648,15,0,80,608,0.0,0.688,45105.28,0.0,12.0,False
6657,6.0,2.0,7.0,0,100000,2.98,447,432,10,0,41,406,0.0,0.447,29305.32,0.0,12.0,False
6658,6.0,2.0,8.0,0,100000,2.98,252,325,8,1,13,238,0.001,0.252,16521.12,0.17,12.0,False
6659,6.0,2.0,9.0,0,100000,2.98,182,249,7,0,16,166,0.0,0.182,11931.92,0.0,12.0,False
6660,6.0,3.0,10.0,0,100000,2.98,151,205,4,1,24,126,0.001,0.151,9899.56,0.1,18.0,False
6661,6.0,3.0,11.0,0,100000,2.98,85,184,2,0,8,77,0.0,0.085,5572.6,0.0,18.0,False
6662,6.0,3.0,12.0,0,100000,2.98,82,168,7,2,7,73,0.002,0.082,5375.92,0.11,18.0,False
6663,6.0,3.0,13.0,0,100000,2.98,51,128,5,0,6,45,0.0,0.051,3343.56,0.0,18.0,False
6664,6.0,3.0,14.0,0,100000,2.98,38,103,1,0,5,33,0.0,0.038,2491.28,0.0,18.0,False
6665,6.0,3.0,15.0,0,100000,2.98,28,90,2,0,6,22,0.0,0.028,1835.68,0.0,18.0,False
6666,6.0,3.0,16.0,0,100000,2.98,24,79,5,0,1,23,0.0,0.024,1573.44,0.0,18.0,False
6667,6.0,3.0,17.0,0,100000,2.98,15,70,3,0,0,15,0.0,0.015,983.4,0.0,18.0,False
6668,6.0,3.0,18.0,0,100000,2.98,13,51,3,0,1,12,0.0,0.013,852.28,0.0,18.0,False
6669,6.0,3.0,19.0,0,100000,2.98,3,54,3,0,0,3,0.0,0.003,196.68,0.0,18.0,False
6670,6.0,3.0,1.0,0,100000,2.98,17433,10744,308,0,880,16553,0.0,17.433,1142907.48,0.0,18.0,False
6671,6.0,3.0,20.0,0,100000,2.98,5,56,1,0,1,4,0.0,0.005,327.8,0.0,18.0,False
6672,6.0,3.0,2.0,0,100000,2.98,7196,4554,154,1,676,6519,0.001,7.196,471769.76,4.72,18.0,False
6673,6.0,3.0,3.0,0,100000,2.98,3632,2312,71,3,433,3196,0.003,3.632,238113.92,7.14,18.0,False
6674,6.0,3.0,4.0,0,100000,2.98,2010,1473,50,7,278,1725,0.007,2.01,131775.6,9.22,18.0,False
6675,6.0,3.0,5.0,0,100000,2.98,1191,938,17,4,203,984,0.004,1.191,78081.96,3.12,18.0,False
6676,6.0,3.0,6.0,0,100000,2.98,755,646,31,8,126,621,0.008,0.755,49497.8,3.96,18.0,False
6677,6.0,3.0,7.0,0,100000,2.98,470,500,17,1,71,398,0.001,0.47,30813.2,0.31,18.0,False
6678,6.0,3.0,8.0,0,100000,2.98,332,364,8,3,62,267,0.003,0.332,21765.92,0.65,18.0,False
6679,6.0,3.0,9.0,0,100000,2.98,215,299,10,1,31,183,0.001,0.215,14095.4,0.14,18.0,False
6680,6.0,4.0,10.0,0,100000,2.98,176,239,7,3,25,148,0.003,0.176,11538.56,0.35,24.0,False
6681,6.0,4.0,11.0,0,100000,2.98,147,191,4,1,19,127,0.001,0.147,9637.32,0.1,24.0,False
6682,6.0,4.0,12.0,0,100000,2.98,96,162,2,2,12,82,0.002,0.096,6293.76,0.13,24.0,False
6683,6.0,4.0,13.0,0,100000,2.98,67,126,2,3,9,55,0.003,0.067,4392.52,0.13,24.0,False
6684,6.0,4.0,14.0,0,100000,2.98,55,136,7,0,12,43,0.0,0.055,3605.8,0.0,24.0,False
6685,6.0,4.0,15.0,0,100000,2.98,39,99,3,1,6,32,0.001,0.039,2556.84,0.03,24.0,False
6686,6.0,4.0,16.0,0,100000,2.98,19,84,2,0,2,17,0.0,0.019,1245.64,0.0,24.0,False
6687,6.0,4.0,17.0,0,100000,2.98,18,70,1,0,4,14,0.0,0.018,1180.08,0.0,24.0,False
6688,6.0,4.0,18.0,0,100000,2.98,14,62,3,0,1,13,0.0,0.014,917.84,0.0,24.0,False
6689,6.0,4.0,19.0,0,100000,2.98,9,45,2,0,0,9,0.0,0.009,590.04,0.0,24.0,False
6690,6.0,4.0,1.0,0,100000,2.98,17340,10388,273,0,879,16461,0.0,17.34,1136810.4,0.0,24.0,False
6691,6.0,4.0,20.0,0,100000,2.98,6,38,2,0,1,5,0.0,0.006,393.36,0.0,24.0,False
6692,6.0,4.0,2.0,0,100000,2.98,7241,4504,142,2,690,6549,0.002,7.241,474719.96,9.49,24.0,False
6693,6.0,4.0,3.0,0,100000,2.98,3595,2315,72,5,492,3098,0.005,3.595,235688.2,11.78,24.0,False
6694,6.0,4.0,4.0,0,100000,2.98,2046,1400,47,7,333,1706,0.007,2.046,134135.76,9.39,24.0,False
6695,6.0,4.0,5.0,0,100000,2.98,1252,958,34,10,239,1003,0.01,1.252,82081.12,8.21,24.0,False
6696,6.0,4.0,6.0,0,100000,2.98,810,604,24,9,166,635,0.009,0.81,53103.6,4.78,24.0,False
6697,6.0,4.0,7.0,0,100000,2.98,543,438,4,8,110,425,0.008,0.543,35599.08,2.85,24.0,False
6698,6.0,4.0,8.0,0,100000,2.98,383,354,16,6,82,295,0.006,0.383,25109.48,1.51,24.0,False
6699,6.0,4.0,9.0,0,100000,2.98,268,289,10,9,47,212,0.009,0.268,17570.08,1.58,24.0,False
6700,6.0,5.0,10.0,0,100000,2.98,199,272,6,6,56,137,0.006,0.199,13046.44,0.78,30.0,False
6701,6.0,5.0,11.0,0,100000,2.98,138,197,8,2,29,107,0.002,0.138,9047.28,0.18,30.0,False
6702,6.0,5.0,12.0,0,100000,2.98,105,145,3,3,30,72,0.003,0.105,6883.8,0.21,30.0,False
6703,6.0,5.0,13.0,0,100000,2.98,75,135,4,1,23,51,0.001,0.075,4917.0,0.05,30.0,False
6704,6.0,5.0,14.0,0,100000,2.98,59,98,2,4,17,38,0.004,0.059,3868.04,0.15,30.0,False
6705,6.0,5.0,15.0,0,100000,2.98,39,99,1,0,7,32,0.0,0.039,2556.84,0.0,30.0,False
6706,6.0,5.0,16.0,0,100000,2.98,33,73,1,2,5,26,0.002,0.033,2163.48,0.04,30.0,False
6707,6.0,5.0,17.0,0,100000,2.98,22,73,1,0,10,12,0.0,0.022,1442.32,0.0,30.0,False
6708,6.0,5.0,18.0,0,100000,2.98,9,67,2,0,1,8,0.0,0.009,590.04,0.0,30.0,False
6709,6.0,5.0,19.0,0,100000,2.98,14,53,2,0,1,13,0.0,0.014,917.84,0.0,30.0,False
6710,6.0,5.0,1.0,0,100000,2.98,17527,10520,307,0,830,16697,0.0,17.527,1149070.12,0.0,30.0,False
6711,6.0,5.0,20.0,0,100000,2.98,9,47,0,0,0,9,0.0,0.009,590.04,0.0,30.0,False
6712,6.0,5.0,2.0,0,100000,2.98,7287,4434,172,5,694,6588,0.005,7.287,477735.72,23.89,30.0,False
6713,6.0,5.0,3.0,0,100000,2.98,3751,2370,66,12,544,3195,0.012,3.751,245915.56,29.51,30.0,False
6714,6.0,5.0,4.0,0,100000,2.98,2155,1492,55,12,361,1782,0.012,2.155,141281.8,16.95,30.0,False
6715,6.0,5.0,5.0,0,100000,2.98,1308,941,27,11,247,1050,0.011,1.308,85752.48,9.43,30.0,False
6716,6.0,5.0,6.0,0,100000,2.98,865,632,23,16,198,651,0.016,0.865,56709.4,9.07,30.0,False
6717,6.0,5.0,7.0,0,100000,2.98,591,452,16,8,149,434,0.008,0.591,38745.96,3.1,30.0,False
6718,6.0,5.0,8.0,0,100000,2.98,405,413,14,8,104,293,0.008,0.405,26551.8,2.12,30.0,False
6719,6.0,5.0,9.0,0,100000,2.98,280,309,7,9,61,210,0.009,0.28,18356.8,1.65,30.0,False
6720,6.0,6.0,10.0,0,100000,2.98,193,243,5,4,50,139,0.004,0.193,12653.08,0.51,36.0,True
6721,6.0,6.0,11.0,0,100000,2.98,148,195,4,3,31,114,0.003,0.148,9702.88,0.29,36.0,True
6722,6.0,6.0,12.0,0,100000,2.98,112,144,3,2,17,93,0.002,0.112,7342.72,0.15,36.0,True
6723,6.0,6.0,13.0,0,100000,2.98,73,138,4,6,14,53,0.006,0.073,4785.88,0.29,36.0,True
6724,6.0,6.0,14.0,0,100000,2.98,54,133,5,2,11,41,0.002,0.054,3540.24,0.07,36.0,True
6725,6.0,6.0,15.0,0,100000,2.98,56,104,3,2,15,39,0.002,0.056,3671.36,0.07,36.0,True
6726,6.0,6.0,16.0,0,100000,2.98,33,76,1,1,7,25,0.001,0.033,2163.48,0.02,36.0,True
6727,6.0,6.0,17.0,0,100000,2.98,24,58,1,1,5,18,0.001,0.024,1573.44,0.02,36.0,True
6728,6.0,6.0,18.0,0,100000,2.98,19,61,1,0,6,13,0.0,0.019,1245.64,0.0,36.0,True
6729,6.0,6.0,19.0,0,100000,2.98,8,39,3,0,1,7,0.0,0.008,524.48,0.0,36.0,True
6730,6.0,6.0,1.0,0,100000,2.98,17213,10737,308,1,900,16312,0.001,17.213,1128484.28,11.28,36.0,True
6731,6.0,6.0,20.0,0,100000,2.98,11,39,2,0,2,9,0.0,0.011,721.16,0.0,36.0,True
6732,6.0,6.0,2.0,0,100000,2.98,7204,4455,154,4,671,6529,0.004,7.204,472294.24,18.89,36.0,True
6733,6.0,6.0,3.0,0,100000,2.98,3608,2280,70,18,528,3062,0.018,3.608,236540.48,42.58,36.0,True
6734,6.0,6.0,4.0,0,100000,2.98,2209,1414,41,23,382,1804,0.023,2.209,144822.04,33.31,36.0,True
6735,6.0,6.0,5.0,0,100000,2.98,1304,1001,22,13,273,1018,0.013,1.304,85490.24,11.11,36.0,True
6736,6.0,6.0,6.0,0,100000,2.98,892,662,21,14,188,690,0.014,0.892,58479.52,8.19,36.0,True
6737,6.0,6.0,7.0,0,100000,2.98,585,482,11,19,140,426,0.019,0.585,38352.6,7.29,36.0,True
6738,6.0,6.0,8.0,0,100000,2.98,403,360,8,10,89,304,0.01,0.403,26420.68,2.64,36.0,True
6739,6.0,6.0,9.0,0,100000,2.98,324,315,9,9,85,230,0.009,0.324,21241.44,1.91,36.0,True
6740,6.0,7.0,10.0,0,100000,2.98,212,256,5,7,48,157,0.007,0.212,13898.72,0.97,42.0,False
6741,6.0,7.0,11.0,0,100000,2.98,163,174,4,8,32,123,0.008,0.163,10686.28,0.85,42.0,False
6742,6.0,7.0,12.0,0,100000,2.98,107,175,3,8,32,67,0.008,0.107,7014.92,0.56,42.0,False
6743,6.0,7.0,13.0,0,100000,2.98,82,124,3,5,27,50,0.005,0.082,5375.92,0.27,42.0,False
6744,6.0,7.0,14.0,0,100000,2.98,62,111,4,0,16,46,0.0,0.062,4064.72,0.0,42.0,False
6745,6.0,7.0,15.0,0,100000,2.98,37,90,1,3,6,28,0.003,0.037,2425.72,0.07,42.0,False
6746,6.0,7.0,16.0,0,100000,2.98,32,100,3,5,3,24,0.005,0.032,2097.92,0.1,42.0,False
6747,6.0,7.0,17.0,0,100000,2.98,18,79,4,1,3,14,0.001,0.018,1180.08,0.01,42.0,False
6748,6.0,7.0,18.0,0,100000,2.98,27,46,2,0,6,21,0.0,0.027,1770.12,0.0,42.0,False
6749,6.0,7.0,19.0,0,100000,2.98,7,55,0,0,2,5,0.0,0.007,458.92,0.0,42.0,False
6750,6.0,7.0,1.0,0,100000,2.98,17474,10540,298,0,901,16573,0.0,17.474,1145595.44,0.0,42.0,False
6751,6.0,7.0,20.0,0,100000,2.98,13,43,2,1,2,10,0.001,0.013,852.28,0.01,42.0,False
6752,6.0,7.0,2.0,0,100000,2.98,7283,4393,151,7,677,6599,0.007,7.283,477473.48,33.42,42.0,False
6753,6.0,7.0,3.0,0,100000,2.98,3780,2317,72,6,515,3259,0.006,3.78,247816.8,14.87,42.0,False
6754,6.0,7.0,4.0,0,100000,2.98,2197,1340,42,17,393,1787,0.017,2.197,144035.32,24.49,42.0,False
6755,6.0,7.0,5.0,0,100000,2.98,1358,946,31,17,282,1059,0.017,1.358,89030.48,15.14,42.0,False
6756,6.0,7.0,6.0,0,100000,2.98,886,652,22,19,218,649,0.019,0.886,58086.16,11.04,42.0,False
6757,6.0,7.0,7.0,0,100000,2.98,638,532,23,21,171,446,0.021,0.638,41827.28,8.78,42.0,False
6758,6.0,7.0,8.0,0,100000,2.98,425,378,14,18,111,296,0.018,0.425,27863.0,5.02,42.0,False
6759,6.0,7.0,9.0,0,100000,2.98,305,290,8,12,75,218,0.012,0.305,19995.8,2.4,42.0,False
6760,6.0,8.0,10.0,0,100000,2.98,224,244,8,12,60,152,0.012,0.224,14685.44,1.76,48.0,False
6761,6.0,8.0,11.0,0,100000,2.98,164,190,2,8,43,113,0.008,0.164,10751.84,0.86,48.0,False
6762,6.0,8.0,12.0,0,100000,2.98,136,165,2,10,35,91,0.01,0.136,8916.16,0.89,48.0,False
6763,6.0,8.0,13.0,0,100000,2.98,88,111,8,8,25,55,0.008,0.088,5769.28,0.46,48.0,False
6764,6.0,8.0,14.0,0,100000,2.98,68,117,2,4,16,48,0.004,0.068,4458.08,0.18,48.0,False
6765,6.0,8.0,15.0,0,100000,2.98,40,93,2,1,10,29,0.001,0.04,2622.4,0.03,48.0,False
6766,6.0,8.0,16.0,0,100000,2.98,35,91,1,2,8,25,0.002,0.035,2294.6,0.05,48.0,False
6767,6.0,8.0,17.0,0,100000,2.98,33,66,0,0,12,21,0.0,0.033,2163.48,0.0,48.0,False
6768,6.0,8.0,18.0,0,100000,2.98,19,71,2,1,5,13,0.001,0.019,1245.64,0.01,48.0,False
6769,6.0,8.0,19.0,0,100000,2.98,15,58,3,1,5,9,0.001,0.015,983.4,0.01,48.0,False
6770,6.0,8.0,1.0,0,100000,2.98,17469,10769,326,0,834,16635,0.0,17.469,1145267.64,0.0,48.0,False
6771,6.0,8.0,20.0,0,100000,2.98,14,53,1,0,4,10,0.0,0.014,917.84,0.0,48.0,False
6772,6.0,8.0,2.0,0,100000,2.98,7255,4511,143,2,693,6560,0.002,7.255,475637.8,9.51,48.0,False
6773,6.0,8.0,3.0,0,100000,2.98,3664,2332,73,11,478,3175,0.011,3.664,240211.84,26.42,48.0,False
6774,6.0,8.0,4.0,0,100000,2.98,2210,1378,48,19,396,1795,0.019,2.21,144887.6,27.53,48.0,False
6775,6.0,8.0,5.0,0,100000,2.98,1358,914,22,17,298,1043,0.017,1.358,89030.48,15.14,48.0,False
6776,6.0,8.0,6.0,0,100000,2.98,848,631,18,27,200,621,0.027,0.848,55594.88,15.01,48.0,False
6777,6.0,8.0,7.0,0,100000,2.98,612,473,10,22,158,432,0.022,0.612,40122.72,8.83,48.0,False
6778,6.0,8.0,8.0,0,100000,2.98,418,370,6,15,110,293,0.015,0.418,27404.08,4.11,48.0,False
6779,6.0,8.0,9.0,0,100000,2.98,311,312,7,13,90,208,0.013,0.311,20389.16,2.65,48.0,False
6780,6.0,9.0,10.0,0,100000,2.98,226,236,9,17,78,131,0.017,0.226,14816.56,2.52,54.0,False
6781,6.0,9.0,11.0,0,100000,2.98,179,204,1,7,53,119,0.007,0.179,11735.24,0.82,54.0,False
6782,6.0,9.0,12.0,0,100000,2.98,118,149,4,7,30,81,0.007,0.118,7736.08,0.54,54.0,False
6783,6.0,9.0,13.0,0,100000,2.98,84,160,9,3,20,61,0.003,0.084,5507.04,0.17,54.0,False
6784,6.0,9.0,14.0,0,100000,2.98,53,139,3,4,12,37,0.004,0.053,3474.68,0.14,54.0,False
6785,6.0,9.0,15.0,0,100000,2.98,57,106,3,3,14,40,0.003,0.057,3736.92,0.11,54.0,False
6786,6.0,9.0,16.0,0,100000,2.98,35,85,2,2,8,25,0.002,0.035,2294.6,0.05,54.0,False
6787,6.0,9.0,17.0,0,100000,2.98,33,74,3,2,8,23,0.002,0.033,2163.48,0.04,54.0,False
6788,6.0,9.0,18.0,0,100000,2.98,23,57,2,1,4,18,0.001,0.023,1507.88,0.02,54.0,False
6789,6.0,9.0,19.0,0,100000,2.98,22,57,0,4,5,13,0.004,0.022,1442.32,0.06,54.0,False
6790,6.0,9.0,1.0,0,100000,2.98,17363,10659,287,0,876,16487,0.0,17.363,1138318.28,0.0,54.0,False
6791,6.0,9.0,20.0,0,100000,2.98,16,55,1,0,5,11,0.0,0.016,1048.96,0.0,54.0,False
6792,6.0,9.0,2.0,0,100000,2.98,7363,4474,130,7,740,6616,0.007,7.363,482718.28,33.79,54.0,False
6793,6.0,9.0,3.0,0,100000,2.98,3715,2374,70,7,535,3173,0.007,3.715,243555.4,17.05,54.0,False
6794,6.0,9.0,4.0,0,100000,2.98,2106,1380,61,13,381,1712,0.013,2.106,138069.36,17.95,54.0,False
6795,6.0,9.0,5.0,0,100000,2.98,1367,936,35,24,292,1051,0.024,1.367,89620.52,21.51,54.0,False
6796,6.0,9.0,6.0,0,100000,2.98,920,647,20,19,215,686,0.019,0.92,60315.2,11.46,54.0,False
6797,6.0,9.0,7.0,0,100000,2.98,663,466,15,16,191,456,0.016,0.663,43466.28,6.95,54.0,False
6798,6.0,9.0,8.0,0,100000,2.98,438,370,10,17,118,303,0.017,0.438,28715.28,4.88,54.0,False
6799,6.0,9.0,9.0,0,100000,2.98,310,284,9,18,75,217,0.018,0.31,20323.6,3.66,54.0,False
6800,7.0,10.0,10.0,0,100000,2.98,285,259,7,21,92,172,0.021,0.285,18684.6,3.92,70.0,False
6801,7.0,10.0,11.0,0,100000,2.98,190,237,3,21,60,109,0.021,0.19,12456.4,2.62,70.0,False
6802,7.0,10.0,12.0,0,100000,2.98,137,156,7,11,45,81,0.011,0.137,8981.72,0.99,70.0,False
6803,7.0,10.0,13.0,0,100000,2.98,98,145,2,5,28,65,0.005,0.098,6424.88,0.32,70.0,False
6804,7.0,10.0,14.0,0,100000,2.98,79,133,3,6,18,55,0.006,0.079,5179.24,0.31,70.0,False
6805,7.0,10.0,15.0,0,100000,2.98,60,126,2,5,20,35,0.005,0.06,3933.6,0.2,70.0,False
6806,7.0,10.0,16.0,0,100000,2.98,41,111,2,2,11,28,0.002,0.041,2687.96,0.05,70.0,False
6807,7.0,10.0,17.0,0,100000,2.98,33,72,2,2,10,21,0.002,0.033,2163.48,0.04,70.0,False
6808,7.0,10.0,18.0,0,100000,2.98,26,72,3,1,9,16,0.001,0.026,1704.56,0.02,70.0,False
6809,7.0,10.0,19.0,0,100000,2.98,25,48,2,5,9,11,0.005,0.025,1639.0,0.08,70.0,False
6810,7.0,10.0,1.0,0,100000,2.98,17311,10713,311,0,837,16474,0.0,17.311,1134909.16,0.0,70.0,False
6811,7.0,10.0,20.0,0,100000,2.98,12,49,2,1,3,8,0.001,0.012,786.72,0.01,70.0,False
6812,7.0,10.0,2.0,0,100000,2.98,7255,4563,130,7,704,6544,0.007,7.255,475637.8,33.29,70.0,False
6813,7.0,10.0,3.0,0,100000,2.98,3589,2342,80,15,524,3050,0.015,3.589,235294.84,35.29,70.0,False
6814,7.0,10.0,4.0,0,100000,2.98,2165,1425,40,26,380,1759,0.026,2.165,141937.4,36.9,70.0,False
6815,7.0,10.0,5.0,0,100000,2.98,1344,968,26,28,318,998,0.028,1.344,88112.64,24.67,70.0,False
6816,7.0,10.0,6.0,0,100000,2.98,984,637,20,32,234,718,0.032,0.984,64511.04,20.64,70.0,False
6817,7.0,10.0,7.0,0,100000,2.98,636,518,11,20,170,446,0.02,0.636,41696.16,8.34,70.0,False
6818,7.0,10.0,8.0,0,100000,2.98,496,378,5,18,143,335,0.018,0.496,32517.76,5.85,70.0,False
6819,7.0,10.0,9.0,0,100000,2.98,350,345,10,20,110,220,0.02,0.35,22946.0,4.59,70.0,False
6820,7.0,11.0,10.0,0,100000,2.98,255,234,10,23,79,153,0.023,0.255,16717.8,3.85,77.0,False
6821,7.0,11.0,11.0,0,100000,2.98,200,190,9,15,71,114,0.015,0.2,13112.0,1.97,77.0,False
6822,7.0,11.0,12.0,0,100000,2.98,136,189,1,12,43,81,0.012,0.136,8916.16,1.07,77.0,False
6823,7.0,11.0,13.0,0,100000,2.98,122,133,4,13,37,72,0.013,0.122,7998.32,1.04,77.0,False
6824,7.0,11.0,14.0,0,100000,2.98,66,135,2,4,18,44,0.004,0.066,4326.96,0.17,77.0,False
6825,7.0,11.0,15.0,0,100000,2.98,68,108,3,7,20,41,0.007,0.068,4458.08,0.31,77.0,False
6826,7.0,11.0,16.0,0,100000,2.98,54,93,2,9,13,32,0.009,0.054,3540.24,0.32,77.0,False
6827,7.0,11.0,17.0,0,100000,2.98,38,73,1,2,7,29,0.002,0.038,2491.28,0.05,77.0,False
6828,7.0,11.0,18.0,0,100000,2.98,34,57,0,3,17,14,0.003,0.034,2229.04,0.07,77.0,False
6829,7.0,11.0,19.0,0,100000,2.98,22,59,3,2,4,16,0.002,0.022,1442.32,0.03,77.0,False
6830,7.0,11.0,1.0,0,100000,2.98,17352,10586,281,1,863,16488,0.001,17.352,1137597.12,11.38,77.0,False
6831,7.0,11.0,20.0,0,100000,2.98,8,63,3,1,3,4,0.001,0.008,524.48,0.01,77.0,False
6832,7.0,11.0,2.0,0,100000,2.98,7385,4606,163,8,721,6656,0.008,7.385,484160.6,38.73,77.0,False
6833,7.0,11.0,3.0,0,100000,2.98,3795,2401,81,15,552,3228,0.015,3.795,248800.2,37.32,77.0,False
6834,7.0,11.0,4.0,0,100000,2.98,2215,1479,42,20,432,1763,0.02,2.215,145215.4,29.04,77.0,False
6835,7.0,11.0,5.0,0,100000,2.98,1456,945,27,27,324,1105,0.027,1.456,95455.36,25.77,77.0,False
6836,7.0,11.0,6.0,0,100000,2.98,960,676,24,36,247,677,0.036,0.96,62937.6,22.66,77.0,False
6837,7.0,11.0,7.0,0,100000,2.98,713,504,14,31,213,469,0.031,0.713,46744.28,14.49,77.0,False
6838,7.0,11.0,8.0,0,100000,2.98,534,394,6,24,163,347,0.024,0.534,35009.04,8.4,77.0,False
6839,7.0,11.0,9.0,0,100000,2.98,388,311,6,37,118,233,0.037,0.388,25437.28,9.41,77.0,False
6840,7.0,12.0,10.0,0,100000,2.98,275,286,6,20,77,178,0.02,0.275,18029.0,3.61,84.0,False
6841,7.0,12.0,11.0,0,100000,2.98,205,204,4,23,70,112,0.023,0.205,13439.8,3.09,84.0,False
6842,7.0,12.0,12.0,0,100000,2.98,145,145,2,7,50,88,0.007,0.145,9506.2,0.67,84.0,False
6843,7.0,12.0,13.0,0,100000,2.98,126,165,1,12,32,82,0.012,0.126,8260.56,0.99,84.0,False
6844,7.0,12.0,14.0,0,100000,2.98,91,127,2,16,25,50,0.016,0.091,5965.96,0.95,84.0,False
6845,7.0,12.0,15.0,0,100000,2.98,64,108,2,4,19,41,0.004,0.064,4195.84,0.17,84.0,False
6846,7.0,12.0,16.0,0,100000,2.98,54,90,1,7,19,28,0.007,0.054,3540.24,0.25,84.0,False
6847,7.0,12.0,17.0,0,100000,2.98,36,69,3,2,7,27,0.002,0.036,2360.16,0.05,84.0,False
6848,7.0,12.0,18.0,0,100000,2.98,28,78,0,2,9,17,0.002,0.028,1835.68,0.04,84.0,False
6849,7.0,12.0,19.0,0,100000,2.98,18,45,1,1,7,10,0.001,0.018,1180.08,0.01,84.0,False
6850,7.0,12.0,1.0,0,100000,2.98,17521,10701,306,0,900,16621,0.0,17.521,1148676.76,0.0,84.0,False
6851,7.0,12.0,20.0,0,100000,2.98,20,50,0,4,5,11,0.004,0.02,1311.2,0.05,84.0,False
6852,7.0,12.0,2.0,0,100000,2.98,7442,4504,138,5,736,6701,0.005,7.442,487897.52,24.39,84.0,False
6853,7.0,12.0,3.0,0,100000,2.98,3676,2392,70,12,542,3122,0.012,3.676,240998.56,28.92,84.0,False
6854,7.0,12.0,4.0,0,100000,2.98,2252,1439,40,33,446,1773,0.033,2.252,147641.12,48.72,84.0,False
6855,7.0,12.0,5.0,0,100000,2.98,1450,923,31,28,341,1081,0.028,1.45,95062.0,26.62,84.0,False
6856,7.0,12.0,6.0,0,100000,2.98,978,689,22,42,256,680,0.042,0.978,64117.68,26.93,84.0,False
6857,7.0,12.0,7.0,0,100000,2.98,664,514,11,29,189,446,0.029,0.664,43531.84,12.62,84.0,False
6858,7.0,12.0,8.0,0,100000,2.98,517,395,13,32,154,331,0.032,0.517,33894.52,10.85,84.0,False
6859,7.0,12.0,9.0,0,100000,2.98,377,307,6,30,118,229,0.03,0.377,24716.12,7.41,84.0,False
6860,7.0,13.0,10.0,0,100000,2.98,276,260,7,25,92,159,0.025,0.276,18094.56,4.52,91.0,False
6861,7.0,13.0,11.0,0,100000,2.98,195,196,4,18,60,117,0.018,0.195,12784.2,2.3,91.0,False
6862,7.0,13.0,12.0,0,100000,2.98,145,158,3,18,57,70,0.018,0.145,9506.2,1.71,91.0,False
6863,7.0,13.0,13.0,0,100000,2.98,128,146,4,8,42,78,0.008,0.128,8391.68,0.67,91.0,False
6864,7.0,13.0,14.0,0,100000,2.98,85,127,1,3,35,47,0.003,0.085,5572.6,0.17,91.0,False
6865,7.0,13.0,15.0,0,100000,2.98,66,101,3,12,19,35,0.012,0.066,4326.96,0.52,91.0,False
6866,7.0,13.0,16.0,0,100000,2.98,35,88,1,3,8,24,0.003,0.035,2294.6,0.07,91.0,False
6867,7.0,13.0,17.0,0,100000,2.98,33,75,4,3,10,20,0.003,0.033,2163.48,0.06,91.0,False
6868,7.0,13.0,18.0,0,100000,2.98,27,69,2,2,12,13,0.002,0.027,1770.12,0.04,91.0,False
6869,7.0,13.0,19.0,0,100000,2.98,20,49,3,2,7,11,0.002,0.02,1311.2,0.03,91.0,False
6870,7.0,13.0,1.0,0,100000,2.98,17395,10691,308,1,925,16469,0.001,17.395,1140416.2,11.4,91.0,False
6871,7.0,13.0,20.0,0,100000,2.98,21,50,0,2,5,14,0.002,0.021,1376.76,0.03,91.0,False
6872,7.0,13.0,2.0,0,100000,2.98,7291,4526,136,2,713,6576,0.002,7.291,477997.96,9.56,91.0,False
6873,7.0,13.0,3.0,0,100000,2.98,3696,2283,53,20,533,3143,0.02,3.696,242309.76,48.46,91.0,False
6874,7.0,13.0,4.0,0,100000,2.98,2209,1403,55,18,453,1738,0.018,2.209,144822.04,26.07,91.0,False
6875,7.0,13.0,5.0,0,100000,2.98,1457,979,31,38,332,1087,0.038,1.457,95520.92,36.3,91.0,False
6876,7.0,13.0,6.0,0,100000,2.98,934,710,23,29,234,671,0.029,0.934,61233.04,17.76,91.0,False
6877,7.0,13.0,7.0,0,100000,2.98,677,481,20,38,186,453,0.038,0.677,44384.12,16.87,91.0,False
6878,7.0,13.0,8.0,0,100000,2.98,521,381,10,31,171,319,0.031,0.521,34156.76,10.59,91.0,False
6879,7.0,13.0,9.0,0,100000,2.98,351,333,17,20,114,217,0.02,0.351,23011.56,4.6,91.0,False
6880,7.0,14.0,10.0,0,100000,2.98,253,270,5,17,84,152,0.017,0.253,16586.68,2.82,98.0,False
6881,7.0,14.0,11.0,0,100000,2.98,205,207,8,17,68,120,0.017,0.205,13439.8,2.28,98.0,False
6882,7.0,14.0,12.0,0,100000,2.98,169,193,5,19,56,94,0.019,0.169,11079.64,2.11,98.0,False
6883,7.0,14.0,13.0,0,100000,2.98,101,150,5,6,35,60,0.006,0.101,6621.56,0.4,98.0,False
6884,7.0,14.0,14.0,0,100000,2.98,84,127,4,8,30,46,0.008,0.084,5507.04,0.44,98.0,False
6885,7.0,14.0,15.0,0,100000,2.98,59,113,5,9,26,24,0.009,0.059,3868.04,0.35,98.0,False
6886,7.0,14.0,16.0,0,100000,2.98,50,91,4,3,19,28,0.003,0.05,3278.0,0.1,98.0,False
6887,7.0,14.0,17.0,0,100000,2.98,31,80,2,1,11,19,0.001,0.031,2032.36,0.02,98.0,False
6888,7.0,14.0,18.0,0,100000,2.98,22,57,1,1,11,10,0.001,0.022,1442.32,0.01,98.0,False
6889,7.0,14.0,19.0,0,100000,2.98,21,69,1,3,5,13,0.003,0.021,1376.76,0.04,98.0,False
6890,7.0,14.0,1.0,0,100000,2.98,17560,10706,310,0,906,16654,0.0,17.56,1151233.6,0.0,98.0,False
6891,7.0,14.0,20.0,0,100000,2.98,9,49,0,1,1,7,0.001,0.009,590.04,0.01,98.0,False
6892,7.0,14.0,2.0,0,100000,2.98,7158,4641,148,2,665,6491,0.002,7.158,469278.48,9.39,98.0,False
6893,7.0,14.0,3.0,0,100000,2.98,3720,2345,64,16,561,3143,0.016,3.72,243883.2,39.02,98.0,False
6894,7.0,14.0,4.0,0,100000,2.98,2299,1404,43,25,470,1804,0.025,2.299,150722.44,37.68,98.0,False
6895,7.0,14.0,5.0,0,100000,2.98,1413,1000,31,32,319,1062,0.032,1.413,92636.28,29.64,98.0,False
6896,7.0,14.0,6.0,0,100000,2.98,981,730,11,38,259,684,0.038,0.981,64314.36,24.44,98.0,False
6897,7.0,14.0,7.0,0,100000,2.98,648,546,8,35,185,428,0.035,0.648,42482.88,14.87,98.0,False
6898,7.0,14.0,8.0,0,100000,2.98,505,380,16,20,141,344,0.02,0.505,33107.8,6.62,98.0,False
6899,7.0,14.0,9.0,0,100000,2.98,406,313,6,25,129,252,0.025,0.406,26617.36,6.65,98.0,False
6900,7.0,15.0,10.0,0,100000,2.98,269,243,7,25,97,147,0.025,0.269,17635.64,4.41,105.0,False
6901,7.0,15.0,11.0,0,100000,2.98,186,207,6,11,69,106,0.011,0.186,12194.16,1.34,105.0,False
6902,7.0,15.0,12.0,0,100000,2.98,150,184,4,17,50,83,0.017,0.15,9834.0,1.67,105.0,False
6903,7.0,15.0,13.0,0,100000,2.98,92,140,6,8,30,54,0.008,0.092,6031.52,0.48,105.0,False
6904,7.0,15.0,14.0,0,100000,2.98,77,120,4,4,26,47,0.004,0.077,5048.12,0.2,105.0,False
6905,7.0,15.0,15.0,0,100000,2.98,56,112,4,5,26,25,0.005,0.056,3671.36,0.18,105.0,False
6906,7.0,15.0,16.0,0,100000,2.98,47,86,4,3,15,29,0.003,0.047,3081.32,0.09,105.0,False
6907,7.0,15.0,17.0,0,100000,2.98,44,84,1,6,16,22,0.006,0.044,2884.64,0.17,105.0,False
6908,7.0,15.0,18.0,0,100000,2.98,20,76,0,3,5,12,0.003,0.02,1311.2,0.04,105.0,False
6909,7.0,15.0,19.0,0,100000,2.98,27,60,2,1,14,12,0.001,0.027,1770.12,0.02,105.0,False
6910,7.0,15.0,1.0,0,100000,2.98,17517,10607,316,1,865,16651,0.001,17.517,1148414.52,11.48,105.0,False
6911,7.0,15.0,20.0,0,100000,2.98,22,70,4,3,7,12,0.003,0.022,1442.32,0.04,105.0,False
6912,7.0,15.0,2.0,0,100000,2.98,7323,4536,147,5,685,6633,0.005,7.323,480095.88,24.0,105.0,False
6913,7.0,15.0,3.0,0,100000,2.98,3822,2347,83,16,555,3251,0.016,3.822,250570.32,40.09,105.0,False
6914,7.0,15.0,4.0,0,100000,2.98,2265,1467,46,21,445,1799,0.021,2.265,148493.4,31.18,105.0,False
6915,7.0,15.0,5.0,0,100000,2.98,1448,928,21,25,348,1075,0.025,1.448,94930.88,23.73,105.0,False
6916,7.0,15.0,6.0,0,100000,2.98,923,654,30,33,257,633,0.033,0.923,60511.88,19.97,105.0,False
6917,7.0,15.0,7.0,0,100000,2.98,640,496,12,33,190,417,0.033,0.64,41958.4,13.85,105.0,False
6918,7.0,15.0,8.0,0,100000,2.98,507,392,7,26,150,331,0.026,0.507,33238.92,8.64,105.0,False
6919,7.0,15.0,9.0,0,100000,2.98,375,341,12,26,110,239,0.026,0.375,24585.0,6.39,105.0,False
6920,7.0,16.0,10.0,0,100000,2.98,249,260,3,24,79,146,0.024,0.249,16324.44,3.92,112.0,False
6921,7.0,16.0,11.0,0,100000,2.98,169,213,3,15,61,93,0.015,0.169,11079.64,1.66,112.0,False
6922,7.0,16.0,12.0,0,100000,2.98,130,184,6,18,42,70,0.018,0.13,8522.8,1.53,112.0,False
6923,7.0,16.0,13.0,0,100000,2.98,119,138,0,13,35,71,0.013,0.119,7801.64,1.01,112.0,False
6924,7.0,16.0,14.0,0,100000,2.98,94,121,3,10,34,50,0.01,0.094,6162.64,0.62,112.0,False
6925,7.0,16.0,15.0,0,100000,2.98,51,111,4,8,16,27,0.008,0.051,3343.56,0.27,112.0,False
6926,7.0,16.0,16.0,0,100000,2.98,45,92,2,3,21,21,0.003,0.045,2950.2,0.09,112.0,False
6927,7.0,16.0,17.0,0,100000,2.98,37,79,1,6,12,19,0.006,0.037,2425.72,0.15,112.0,False
6928,7.0,16.0,18.0,0,100000,2.98,28,77,4,0,10,18,0.0,0.028,1835.68,0.0,112.0,False
6929,7.0,16.0,19.0,0,100000,2.98,20,55,0,1,8,11,0.001,0.02,1311.2,0.01,112.0,False
6930,7.0,16.0,1.0,0,100000,2.98,17382,10663,295,1,889,16492,0.001,17.382,1139563.92,11.4,112.0,False
6931,7.0,16.0,20.0,0,100000,2.98,19,51,0,1,7,11,0.001,0.019,1245.64,0.01,112.0,False
6932,7.0,16.0,2.0,0,100000,2.98,7338,4539,145,9,667,6662,0.009,7.338,481079.28,43.3,112.0,False
6933,7.0,16.0,3.0,0,100000,2.98,3750,2316,61,20,529,3201,0.02,3.75,245850.0,49.17,112.0,False
6934,7.0,16.0,4.0,0,100000,2.98,2125,1465,45,17,411,1697,0.017,2.125,139315.0,23.68,112.0,False
6935,7.0,16.0,5.0,0,100000,2.98,1376,982,22,26,310,1040,0.026,1.376,90210.56,23.45,112.0,False
6936,7.0,16.0,6.0,0,100000,2.98,972,672,22,28,243,701,0.028,0.972,63724.32,17.84,112.0,False
6937,7.0,16.0,7.0,0,100000,2.98,640,492,10,26,184,430,0.026,0.64,41958.4,10.91,112.0,False
6938,7.0,16.0,8.0,0,100000,2.98,504,420,8,25,150,329,0.025,0.504,33042.24,8.26,112.0,False
6939,7.0,16.0,9.0,0,100000,2.98,358,301,9,24,115,219,0.024,0.358,23470.48,5.63,112.0,False
6940,7.0,17.0,10.0,0,100000,2.98,260,284,7,30,73,157,0.03,0.26,17045.6,5.11,119.0,False
6941,7.0,17.0,11.0,0,100000,2.98,221,236,6,16,77,128,0.016,0.221,14488.76,2.32,119.0,False
6942,7.0,17.0,12.0,0,100000,2.98,171,184,5,18,49,104,0.018,0.171,11210.76,2.02,119.0,False
6943,7.0,17.0,13.0,0,100000,2.98,111,159,5,16,30,65,0.016,0.111,7277.16,1.16,119.0,False
6944,7.0,17.0,14.0,0,100000,2.98,97,113,1,12,27,58,0.012,0.097,6359.32,0.76,119.0,False
6945,7.0,17.0,15.0,0,100000,2.98,55,117,2,4,21,30,0.004,0.055,3605.8,0.14,119.0,False
6946,7.0,17.0,16.0,0,100000,2.98,38,77,1,4,11,23,0.004,0.038,2491.28,0.1,119.0,False
6947,7.0,17.0,17.0,0,100000,2.98,49,85,1,9,17,23,0.009,0.049,3212.44,0.29,119.0,False
6948,7.0,17.0,18.0,0,100000,2.98,36,78,4,3,10,23,0.003,0.036,2360.16,0.07,119.0,False
6949,7.0,17.0,19.0,0,100000,2.98,27,73,1,4,10,13,0.004,0.027,1770.12,0.07,119.0,False
6950,7.0,17.0,1.0,0,100000,2.98,17263,10643,269,2,899,16362,0.002,17.263,1131762.28,22.64,119.0,False
6951,7.0,17.0,20.0,0,100000,2.98,18,54,1,4,7,7,0.004,0.018,1180.08,0.05,119.0,False
6952,7.0,17.0,2.0,0,100000,2.98,7232,4600,152,3,706,6523,0.003,7.232,474129.92,14.22,119.0,False
6953,7.0,17.0,3.0,0,100000,2.98,3754,2378,59,15,553,3186,0.015,3.754,246112.24,36.92,119.0,False
6954,7.0,17.0,4.0,0,100000,2.98,2197,1423,32,28,406,1763,0.028,2.197,144035.32,40.33,119.0,False
6955,7.0,17.0,5.0,0,100000,2.98,1440,957,31,27,331,1082,0.027,1.44,94406.4,25.49,119.0,False
6956,7.0,17.0,6.0,0,100000,2.98,982,624,19,31,255,696,0.031,0.982,64379.92,19.96,119.0,False
6957,7.0,17.0,7.0,0,100000,2.98,715,462,8,29,225,461,0.029,0.715,46875.4,13.59,119.0,False
6958,7.0,17.0,8.0,0,100000,2.98,481,377,9,30,153,298,0.03,0.481,31534.36,9.46,119.0,False
6959,7.0,17.0,9.0,0,100000,2.98,368,300,9,32,125,211,0.032,0.368,24126.08,7.72,119.0,False
6960,7.0,18.0,10.0,0,100000,2.98,255,249,4,22,86,147,0.022,0.255,16717.8,3.68,126.0,False
6961,7.0,18.0,11.0,0,100000,2.98,227,215,2,16,67,144,0.016,0.227,14882.12,2.38,126.0,False
6962,7.0,18.0,12.0,0,100000,2.98,159,176,3,21,47,91,0.021,0.159,10424.04,2.19,126.0,False
6963,7.0,18.0,13.0,0,100000,2.98,119,134,4,13,43,63,0.013,0.119,7801.64,1.01,126.0,False
6964,7.0,18.0,14.0,0,100000,2.98,74,141,2,11,17,46,0.011,0.074,4851.44,0.53,126.0,False
6965,7.0,18.0,15.0,0,100000,2.98,54,104,0,8,21,25,0.008,0.054,3540.24,0.28,126.0,False
6966,7.0,18.0,16.0,0,100000,2.98,43,91,3,4,16,23,0.004,0.043,2819.08,0.11,126.0,False
6967,7.0,18.0,17.0,0,100000,2.98,48,96,2,3,19,26,0.003,0.048,3146.88,0.09,126.0,False
6968,7.0,18.0,18.0,0,100000,2.98,32,70,1,2,8,22,0.002,0.032,2097.92,0.04,126.0,False
6969,7.0,18.0,19.0,0,100000,2.98,21,66,0,2,6,13,0.002,0.021,1376.76,0.03,126.0,False
6970,7.0,18.0,1.0,0,100000,2.98,17430,10699,314,1,924,16505,0.001,17.43,1142710.8,11.43,126.0,False
6971,7.0,18.0,20.0,0,100000,2.98,14,42,2,0,8,6,0.0,0.014,917.84,0.0,126.0,False
6972,7.0,18.0,2.0,0,100000,2.98,7124,4654,165,4,672,6448,0.004,7.124,467049.44,18.68,126.0,False
6973,7.0,18.0,3.0,0,100000,2.98,3706,2377,75,25,555,3126,0.025,3.706,242965.36,60.74,126.0,False
6974,7.0,18.0,4.0,0,100000,2.98,2187,1333,36,25,449,1713,0.025,2.187,143379.72,35.84,126.0,False
6975,7.0,18.0,5.0,0,100000,2.98,1447,994,22,31,334,1082,0.031,1.447,94865.32,29.41,126.0,False
6976,7.0,18.0,6.0,0,100000,2.98,961,705,14,22,233,706,0.022,0.961,63003.16,13.86,126.0,False
6977,7.0,18.0,7.0,0,100000,2.98,668,533,10,30,178,460,0.03,0.668,43794.08,13.14,126.0,False
6978,7.0,18.0,8.0,0,100000,2.98,508,377,13,32,146,330,0.032,0.508,33304.48,10.66,126.0,False
6979,7.0,18.0,9.0,0,100000,2.98,360,325,9,25,105,230,0.025,0.36,23601.6,5.9,126.0,False
6980,7.0,19.0,10.0,0,100000,2.98,252,259,7,16,93,143,0.016,0.252,16521.12,2.64,133.0,False
6981,7.0,19.0,11.0,0,100000,2.98,201,191,6,13,58,130,0.013,0.201,13177.56,1.71,133.0,False
6982,7.0,19.0,12.0,0,100000,2.98,139,162,1,14,43,82,0.014,0.139,9112.84,1.28,133.0,False
6983,7.0,19.0,13.0,0,100000,2.98,119,166,4,10,51,58,0.01,0.119,7801.64,0.78,133.0,False
6984,7.0,19.0,14.0,0,100000,2.98,71,120,5,7,23,41,0.007,0.071,4654.76,0.33,133.0,False
6985,7.0,19.0,15.0,0,100000,2.98,66,107,0,10,27,29,0.01,0.066,4326.96,0.43,133.0,False
6986,7.0,19.0,16.0,0,100000,2.98,45,107,2,5,16,24,0.005,0.045,2950.2,0.15,133.0,False
6987,7.0,19.0,17.0,0,100000,2.98,38,85,2,5,13,20,0.005,0.038,2491.28,0.12,133.0,False
6988,7.0,19.0,18.0,0,100000,2.98,31,66,1,2,5,24,0.002,0.031,2032.36,0.04,133.0,False
6989,7.0,19.0,19.0,0,100000,2.98,19,74,2,0,8,11,0.0,0.019,1245.64,0.0,133.0,False
6990,7.0,19.0,1.0,0,100000,2.98,17483,10618,321,0,879,16604,0.0,17.483,1146185.48,0.0,133.0,False
6991,7.0,19.0,20.0,0,100000,2.98,18,54,1,0,8,10,0.0,0.018,1180.08,0.0,133.0,False
6992,7.0,19.0,2.0,0,100000,2.98,7327,4620,150,8,655,6664,0.008,7.327,480358.12,38.43,133.0,False
6993,7.0,19.0,3.0,0,100000,2.98,3784,2417,88,16,599,3169,0.016,3.784,248079.04,39.69,133.0,False
6994,7.0,19.0,4.0,0,100000,2.98,2219,1407,40,21,430,1768,0.021,2.219,145477.64,30.55,133.0,False
6995,7.0,19.0,5.0,0,100000,2.98,1416,936,26,29,330,1057,0.029,1.416,92832.96,26.92,133.0,False
6996,7.0,19.0,6.0,0,100000,2.98,917,641,14,25,241,651,0.025,0.917,60118.52,15.03,133.0,False
6997,7.0,19.0,7.0,0,100000,2.98,679,489,14,27,205,447,0.027,0.679,44515.24,12.02,133.0,False
6998,7.0,19.0,8.0,0,100000,2.98,461,379,12,32,130,299,0.032,0.461,30223.16,9.67,133.0,False
6999,7.0,19.0,9.0,0,100000,2.98,344,303,10,17,112,215,0.017,0.344,22552.64,3.83,133.0,False
7000,7.0,1.0,10.0,0,100000,2.98,117,221,4,0,2,115,0.0,0.117,7670.52,0.0,7.0,False
7001,7.0,1.0,11.0,0,100000,2.98,77,166,3,0,1,76,0.0,0.077,5048.12,0.0,7.0,False
7002,7.0,1.0,12.0,0,100000,2.98,71,141,3,0,0,71,0.0,0.071,4654.76,0.0,7.0,False
7003,7.0,1.0,13.0,0,100000,2.98,39,112,4,0,1,38,0.0,0.039,2556.84,0.0,7.0,False
7004,7.0,1.0,14.0,0,100000,2.98,42,110,1,0,1,41,0.0,0.042,2753.52,0.0,7.0,False
7005,7.0,1.0,15.0,0,100000,2.98,40,84,1,0,2,38,0.0,0.04,2622.4,0.0,7.0,False
7006,7.0,1.0,16.0,0,100000,2.98,29,68,0,0,0,29,0.0,0.029,1901.24,0.0,7.0,False
7007,7.0,1.0,17.0,0,100000,2.98,26,57,1,0,0,26,0.0,0.026,1704.56,0.0,7.0,False
7008,7.0,1.0,18.0,0,100000,2.98,18,59,1,0,1,17,0.0,0.018,1180.08,0.0,7.0,False
7009,7.0,1.0,19.0,0,100000,2.98,19,53,2,0,1,18,0.0,0.019,1245.64,0.0,7.0,False
7010,7.0,1.0,1.0,0,100000,2.98,16790,10474,279,0,615,16175,0.0,16.79,1100752.4,0.0,7.0,False
7011,7.0,1.0,20.0,0,100000,2.98,12,45,0,0,1,11,0.0,0.012,786.72,0.0,7.0,False
7012,7.0,1.0,2.0,0,100000,2.98,6603,4403,128,0,287,6316,0.0,6.603,432892.68,0.0,7.0,False
7013,7.0,1.0,3.0,0,100000,2.98,3155,2305,56,0,166,2989,0.0,3.155,206841.8,0.0,7.0,False
7014,7.0,1.0,4.0,0,100000,2.98,1761,1359,19,0,91,1670,0.0,1.761,115451.16,0.0,7.0,False
7015,7.0,1.0,5.0,0,100000,2.98,1006,923,26,0,56,950,0.0,1.006,65953.36,0.0,7.0,False
7016,7.0,1.0,6.0,0,100000,2.98,603,608,6,1,23,579,0.001,0.603,39532.68,0.4,7.0,False
7017,7.0,1.0,7.0,0,100000,2.98,412,406,1,0,14,398,0.0,0.412,27010.72,0.0,7.0,False
7018,7.0,1.0,8.0,0,100000,2.98,254,324,3,0,16,238,0.0,0.254,16652.24,0.0,7.0,False
7019,7.0,1.0,9.0,0,100000,2.98,163,255,6,0,4,159,0.0,0.163,10686.28,0.0,7.0,False
7020,7.0,20.0,10.0,0,100000,2.98,262,247,6,17,72,173,0.017,0.262,17176.72,2.92,140.0,False
7021,7.0,20.0,11.0,0,100000,2.98,203,220,6,14,71,118,0.014,0.203,13308.68,1.86,140.0,False
7022,7.0,20.0,12.0,0,100000,2.98,143,185,5,10,50,83,0.01,0.143,9375.08,0.94,140.0,False
7023,7.0,20.0,13.0,0,100000,2.98,107,137,2,8,38,61,0.008,0.107,7014.92,0.56,140.0,False
7024,7.0,20.0,14.0,0,100000,2.98,90,126,2,15,23,52,0.015,0.09,5900.4,0.89,140.0,False
7025,7.0,20.0,15.0,0,100000,2.98,70,104,2,13,25,32,0.013,0.07,4589.2,0.6,140.0,False
7026,7.0,20.0,16.0,0,100000,2.98,48,81,0,7,13,28,0.007,0.048,3146.88,0.22,140.0,False
7027,7.0,20.0,17.0,0,100000,2.98,38,85,2,4,16,18,0.004,0.038,2491.28,0.1,140.0,False
7028,7.0,20.0,18.0,0,100000,2.98,24,74,0,6,9,9,0.006,0.024,1573.44,0.09,140.0,False
7029,7.0,20.0,19.0,0,100000,2.98,21,73,0,1,13,7,0.001,0.021,1376.76,0.01,140.0,False
7030,7.0,20.0,1.0,0,100000,2.98,17469,10561,322,0,933,16536,0.0,17.469,1145267.64,0.0,140.0,False
7031,7.0,20.0,20.0,0,100000,2.98,16,60,1,2,2,12,0.002,0.016,1048.96,0.02,140.0,False
7032,7.0,20.0,2.0,0,100000,2.98,7175,4623,151,6,662,6507,0.006,7.175,470393.0,28.22,140.0,False
7033,7.0,20.0,3.0,0,100000,2.98,3763,2347,76,16,528,3219,0.016,3.763,246702.28,39.47,140.0,False
7034,7.0,20.0,4.0,0,100000,2.98,2169,1458,59,15,418,1736,0.015,2.169,142199.64,21.33,140.0,False
7035,7.0,20.0,5.0,0,100000,2.98,1349,949,28,30,316,1003,0.03,1.349,88440.44,26.53,140.0,False
7036,7.0,20.0,6.0,0,100000,2.98,1026,691,22,40,255,731,0.04,1.026,67264.56,26.91,140.0,False
7037,7.0,20.0,7.0,0,100000,2.98,694,479,17,31,195,468,0.031,0.694,45498.64,14.1,140.0,False
7038,7.0,20.0,8.0,0,100000,2.98,471,380,6,27,144,300,0.027,0.471,30878.76,8.34,140.0,False
7039,7.0,20.0,9.0,0,100000,2.98,341,285,4,20,117,204,0.02,0.341,22355.96,4.47,140.0,False
7040,7.0,2.0,10.0,0,100000,2.98,127,185,6,0,10,117,0.0,0.127,8326.12,0.0,14.0,False
7041,7.0,2.0,11.0,0,100000,2.98,88,168,6,0,13,75,0.0,0.088,5769.28,0.0,14.0,False
7042,7.0,2.0,12.0,0,100000,2.98,54,147,6,0,3,51,0.0,0.054,3540.24,0.0,14.0,False
7043,7.0,2.0,13.0,0,100000,2.98,38,91,3,0,2,36,0.0,0.038,2491.28,0.0,14.0,False
7044,7.0,2.0,14.0,0,100000,2.98,32,88,1,1,4,27,0.001,0.032,2097.92,0.02,14.0,False
7045,7.0,2.0,15.0,0,100000,2.98,27,87,3,0,2,25,0.0,0.027,1770.12,0.0,14.0,False
7046,7.0,2.0,16.0,0,100000,2.98,13,72,1,0,0,13,0.0,0.013,852.28,0.0,14.0,False
7047,7.0,2.0,17.0,0,100000,2.98,16,68,5,0,3,13,0.0,0.016,1048.96,0.0,14.0,False
7048,7.0,2.0,18.0,0,100000,2.98,13,65,1,0,2,11,0.0,0.013,852.28,0.0,14.0,False
7049,7.0,2.0,19.0,0,100000,2.98,6,44,4,0,0,6,0.0,0.006,393.36,0.0,14.0,False
7050,7.0,2.0,1.0,0,100000,2.98,17054,10564,282,0,834,16220,0.0,17.054,1118060.24,0.0,14.0,False
7051,7.0,2.0,20.0,0,100000,2.98,4,35,1,0,0,4,0.0,0.004,262.24,0.0,14.0,False
7052,7.0,2.0,2.0,0,100000,2.98,6926,4578,151,1,504,6421,0.001,6.926,454068.56,4.54,14.0,False
7053,7.0,2.0,3.0,0,100000,2.98,3388,2317,80,1,310,3077,0.001,3.388,222117.28,2.22,14.0,False
7054,7.0,2.0,4.0,0,100000,2.98,1829,1417,35,2,187,1640,0.002,1.829,119909.24,2.4,14.0,False
7055,7.0,2.0,5.0,0,100000,2.98,1036,916,29,1,100,935,0.001,1.036,67920.16,0.68,14.0,False
7056,7.0,2.0,6.0,0,100000,2.98,638,621,16,2,64,572,0.002,0.638,41827.28,0.84,14.0,False
7057,7.0,2.0,7.0,0,100000,2.98,404,458,8,1,55,348,0.001,0.404,26486.24,0.26,14.0,False
7058,7.0,2.0,8.0,0,100000,2.98,249,377,13,1,19,229,0.001,0.249,16324.44,0.16,14.0,False
7059,7.0,2.0,9.0,0,100000,2.98,177,313,8,0,10,167,0.0,0.177,11604.12,0.0,14.0,False
7060,7.0,3.0,10.0,0,100000,2.98,142,201,3,2,20,120,0.002,0.142,9309.52,0.19,21.0,False
7061,7.0,3.0,11.0,0,100000,2.98,114,175,4,0,24,90,0.0,0.114,7473.84,0.0,21.0,False
7062,7.0,3.0,12.0,0,100000,2.98,78,159,6,2,7,69,0.002,0.078,5113.68,0.1,21.0,False
7063,7.0,3.0,13.0,0,100000,2.98,47,123,3,0,7,40,0.0,0.047,3081.32,0.0,21.0,False
7064,7.0,3.0,14.0,0,100000,2.98,41,121,3,0,7,34,0.0,0.041,2687.96,0.0,21.0,False
7065,7.0,3.0,15.0,0,100000,2.98,30,80,3,0,4,26,0.0,0.03,1966.8,0.0,21.0,False
7066,7.0,3.0,16.0,0,100000,2.98,19,93,2,0,1,18,0.0,0.019,1245.64,0.0,21.0,False
7067,7.0,3.0,17.0,0,100000,2.98,17,65,2,1,2,14,0.001,0.017,1114.52,0.01,21.0,False
7068,7.0,3.0,18.0,0,100000,2.98,12,49,1,0,1,11,0.0,0.012,786.72,0.0,21.0,False
7069,7.0,3.0,19.0,0,100000,2.98,7,37,2,0,0,7,0.0,0.007,458.92,0.0,21.0,False
7070,7.0,3.0,1.0,0,100000,2.98,17343,10559,283,0,900,16443,0.0,17.343,1137007.08,0.0,21.0,False
7071,7.0,3.0,20.0,0,100000,2.98,6,46,1,0,1,5,0.0,0.006,393.36,0.0,21.0,False
7072,7.0,3.0,2.0,0,100000,2.98,7131,4565,142,6,617,6508,0.006,7.131,467508.36,28.05,21.0,False
7073,7.0,3.0,3.0,0,100000,2.98,3522,2288,66,6,419,3097,0.006,3.522,230902.32,13.85,21.0,False
7074,7.0,3.0,4.0,0,100000,2.98,1968,1497,41,5,306,1657,0.005,1.968,129022.08,6.45,21.0,False
7075,7.0,3.0,5.0,0,100000,2.98,1203,927,18,3,161,1039,0.003,1.203,78868.68,2.37,21.0,False
7076,7.0,3.0,6.0,0,100000,2.98,747,656,14,7,114,626,0.007,0.747,48973.32,3.43,21.0,False
7077,7.0,3.0,7.0,0,100000,2.98,500,496,13,4,90,406,0.004,0.5,32780.0,1.31,21.0,False
7078,7.0,3.0,8.0,0,100000,2.98,323,402,11,0,54,269,0.0,0.323,21175.88,0.0,21.0,False
7079,7.0,3.0,9.0,0,100000,2.98,207,300,7,3,26,178,0.003,0.207,13570.92,0.41,21.0,False
7080,7.0,4.0,10.0,0,100000,2.98,170,237,6,2,28,140,0.002,0.17,11145.2,0.22,28.0,False
7081,7.0,4.0,11.0,0,100000,2.98,128,205,6,5,24,99,0.005,0.128,8391.68,0.42,28.0,False
7082,7.0,4.0,12.0,0,100000,2.98,84,148,5,1,15,68,0.001,0.084,5507.04,0.06,28.0,False
7083,7.0,4.0,13.0,0,100000,2.98,65,136,7,0,15,50,0.0,0.065,4261.4,0.0,28.0,False
7084,7.0,4.0,14.0,0,100000,2.98,64,110,2,3,8,53,0.003,0.064,4195.84,0.13,28.0,False
7085,7.0,4.0,15.0,0,100000,2.98,40,101,1,0,11,29,0.0,0.04,2622.4,0.0,28.0,False
7086,7.0,4.0,16.0,0,100000,2.98,32,79,5,0,8,24,0.0,0.032,2097.92,0.0,28.0,False
7087,7.0,4.0,17.0,0,100000,2.98,17,63,3,0,3,14,0.0,0.017,1114.52,0.0,28.0,False
7088,7.0,4.0,18.0,0,100000,2.98,12,56,2,0,4,8,0.0,0.012,786.72,0.0,28.0,False
7089,7.0,4.0,19.0,0,100000,2.98,13,48,1,0,4,9,0.0,0.013,852.28,0.0,28.0,False
7090,7.0,4.0,1.0,0,100000,2.98,17484,10631,287,0,899,16585,0.0,17.484,1146251.04,0.0,28.0,False
7091,7.0,4.0,20.0,0,100000,2.98,5,47,1,0,0,5,0.0,0.005,327.8,0.0,28.0,False
7092,7.0,4.0,2.0,0,100000,2.98,7145,4554,148,3,667,6475,0.003,7.145,468426.2,14.05,28.0,False
7093,7.0,4.0,3.0,0,100000,2.98,3656,2350,71,5,473,3178,0.005,3.656,239687.36,11.98,28.0,False
7094,7.0,4.0,4.0,0,100000,2.98,2144,1412,55,13,352,1779,0.013,2.144,140560.64,18.27,28.0,False
7095,7.0,4.0,5.0,0,100000,2.98,1297,905,36,11,278,1008,0.011,1.297,85031.32,9.35,28.0,False
7096,7.0,4.0,6.0,0,100000,2.98,846,623,16,12,175,659,0.012,0.846,55463.76,6.66,28.0,False
7097,7.0,4.0,7.0,0,100000,2.98,551,500,21,13,117,421,0.013,0.551,36123.56,4.7,28.0,False
7098,7.0,4.0,8.0,0,100000,2.98,394,348,10,6,73,315,0.006,0.394,25830.64,1.55,28.0,False
7099,7.0,4.0,9.0,0,100000,2.98,264,280,8,6,54,204,0.006,0.264,17307.84,1.04,28.0,False
7100,7.0,5.0,10.0,0,100000,2.98,188,223,9,1,44,143,0.001,0.188,12325.28,0.12,35.0,False
7101,7.0,5.0,11.0,0,100000,2.98,149,186,9,7,38,104,0.007,0.149,9768.44,0.68,35.0,False
7102,7.0,5.0,12.0,0,100000,2.98,101,185,5,1,31,69,0.001,0.101,6621.56,0.07,35.0,False
7103,7.0,5.0,13.0,0,100000,2.98,84,120,4,1,14,69,0.001,0.084,5507.04,0.06,35.0,False
7104,7.0,5.0,14.0,0,100000,2.98,58,126,5,1,11,46,0.001,0.058,3802.48,0.04,35.0,False
7105,7.0,5.0,15.0,0,100000,2.98,40,91,5,1,9,30,0.001,0.04,2622.4,0.03,35.0,False
7106,7.0,5.0,16.0,0,100000,2.98,29,83,4,0,6,23,0.0,0.029,1901.24,0.0,35.0,False
7107,7.0,5.0,17.0,0,100000,2.98,19,73,6,0,3,16,0.0,0.019,1245.64,0.0,35.0,False
7108,7.0,5.0,18.0,0,100000,2.98,12,59,0,0,1,11,0.0,0.012,786.72,0.0,35.0,False
7109,7.0,5.0,19.0,0,100000,2.98,11,62,2,0,3,8,0.0,0.011,721.16,0.0,35.0,False
7110,7.0,5.0,1.0,0,100000,2.98,17569,10550,312,0,939,16630,0.0,17.569,1151823.64,0.0,35.0,False
7111,7.0,5.0,20.0,0,100000,2.98,8,44,2,1,1,6,0.001,0.008,524.48,0.01,35.0,False
7112,7.0,5.0,2.0,0,100000,2.98,7242,4574,173,3,650,6589,0.003,7.242,474785.52,14.24,35.0,False
7113,7.0,5.0,3.0,0,100000,2.98,3704,2255,91,10,505,3189,0.01,3.704,242834.24,24.28,35.0,False
7114,7.0,5.0,4.0,0,100000,2.98,2090,1457,41,7,344,1739,0.007,2.09,137020.4,9.59,35.0,False
7115,7.0,5.0,5.0,0,100000,2.98,1302,971,31,10,287,1005,0.01,1.302,85359.12,8.54,35.0,False
7116,7.0,5.0,6.0,0,100000,2.98,854,657,21,11,201,642,0.011,0.854,55988.24,6.16,35.0,False
7117,7.0,5.0,7.0,0,100000,2.98,620,495,14,16,151,453,0.016,0.62,40647.2,6.5,35.0,False
7118,7.0,5.0,8.0,0,100000,2.98,423,359,6,6,113,304,0.006,0.423,27731.88,1.66,35.0,False
7119,7.0,5.0,9.0,0,100000,2.98,318,294,4,8,62,248,0.008,0.318,20848.08,1.67,35.0,False
7120,7.0,6.0,10.0,0,100000,2.98,210,259,8,12,53,145,0.012,0.21,13767.6,1.65,42.0,False
7121,7.0,6.0,11.0,0,100000,2.98,165,210,7,7,52,106,0.007,0.165,10817.4,0.76,42.0,False
7122,7.0,6.0,12.0,0,100000,2.98,112,164,4,9,29,74,0.009,0.112,7342.72,0.66,42.0,False
7123,7.0,6.0,13.0,0,100000,2.98,101,140,4,1,24,76,0.001,0.101,6621.56,0.07,42.0,False
7124,7.0,6.0,14.0,0,100000,2.98,62,110,5,5,13,44,0.005,0.062,4064.72,0.2,42.0,False
7125,7.0,6.0,15.0,0,100000,2.98,52,97,3,1,13,38,0.001,0.052,3409.12,0.03,42.0,False
7126,7.0,6.0,16.0,0,100000,2.98,20,87,0,0,4,16,0.0,0.02,1311.2,0.0,42.0,False
7127,7.0,6.0,17.0,0,100000,2.98,23,66,0,1,5,17,0.001,0.023,1507.88,0.02,42.0,False
7128,7.0,6.0,18.0,0,100000,2.98,18,70,4,0,5,13,0.0,0.018,1180.08,0.0,42.0,False
7129,7.0,6.0,19.0,0,100000,2.98,15,64,2,2,4,9,0.002,0.015,983.4,0.02,42.0,False
7130,7.0,6.0,1.0,0,100000,2.98,17157,10602,308,0,849,16308,0.0,17.157,1124812.92,0.0,42.0,False
7131,7.0,6.0,20.0,0,100000,2.98,16,37,0,0,5,11,0.0,0.016,1048.96,0.0,42.0,False
7132,7.0,6.0,2.0,0,100000,2.98,7452,4625,151,6,691,6755,0.006,7.452,488553.12,29.31,42.0,False
7133,7.0,6.0,3.0,0,100000,2.98,3694,2358,83,13,517,3164,0.013,3.694,242178.64,31.48,42.0,False
7134,7.0,6.0,4.0,0,100000,2.98,2246,1403,37,12,393,1841,0.012,2.246,147247.76,17.67,42.0,False
7135,7.0,6.0,5.0,0,100000,2.98,1344,948,27,14,306,1024,0.014,1.344,88112.64,12.34,42.0,False
7136,7.0,6.0,6.0,0,100000,2.98,918,689,20,16,222,680,0.016,0.918,60184.08,9.63,42.0,False
7137,7.0,6.0,7.0,0,100000,2.98,666,544,7,18,173,475,0.018,0.666,43662.96,7.86,42.0,False
7138,7.0,6.0,8.0,0,100000,2.98,470,394,8,15,112,343,0.015,0.47,30813.2,4.62,42.0,False
7139,7.0,6.0,9.0,0,100000,2.98,324,285,8,10,84,230,0.01,0.324,21241.44,2.12,42.0,False
7140,7.0,7.0,10.0,0,100000,2.98,228,229,7,15,70,143,0.015,0.228,14947.68,2.24,49.0,True
7141,7.0,7.0,11.0,0,100000,2.98,180,198,9,12,47,121,0.012,0.18,11800.8,1.42,49.0,True
7142,7.0,7.0,12.0,0,100000,2.98,134,196,4,5,37,92,0.005,0.134,8785.04,0.44,49.0,True
7143,7.0,7.0,13.0,0,100000,2.98,86,138,3,5,25,56,0.005,0.086,5638.16,0.28,49.0,True
7144,7.0,7.0,14.0,0,100000,2.98,79,122,1,5,22,52,0.005,0.079,5179.24,0.26,49.0,True
7145,7.0,7.0,15.0,0,100000,2.98,62,108,3,3,11,48,0.003,0.062,4064.72,0.12,49.0,True
7146,7.0,7.0,16.0,0,100000,2.98,46,86,3,3,12,31,0.003,0.046,3015.76,0.09,49.0,True
7147,7.0,7.0,17.0,0,100000,2.98,30,66,2,2,3,25,0.002,0.03,1966.8,0.04,49.0,True
7148,7.0,7.0,18.0,0,100000,2.98,21,71,2,1,2,18,0.001,0.021,1376.76,0.01,49.0,True
7149,7.0,7.0,19.0,0,100000,2.98,16,57,3,0,6,10,0.0,0.016,1048.96,0.0,49.0,True
7150,7.0,7.0,1.0,0,100000,2.98,17424,10697,288,0,884,16540,0.0,17.424,1142317.44,0.0,49.0,True
7151,7.0,7.0,20.0,0,100000,2.98,8,52,0,1,2,5,0.001,0.008,524.48,0.01,49.0,True
7152,7.0,7.0,2.0,0,100000,2.98,7423,4536,159,2,723,6698,0.002,7.423,486651.88,9.73,49.0,True
7153,7.0,7.0,3.0,0,100000,2.98,3794,2344,66,14,521,3259,0.014,3.794,248734.64,34.82,49.0,True
7154,7.0,7.0,4.0,0,100000,2.98,2153,1414,39,19,410,1724,0.019,2.153,141150.68,26.82,49.0,True
7155,7.0,7.0,5.0,0,100000,2.98,1404,959,25,23,301,1080,0.023,1.404,92046.24,21.17,49.0,True
7156,7.0,7.0,6.0,0,100000,2.98,912,681,21,17,219,676,0.017,0.912,59790.72,10.16,49.0,True
7157,7.0,7.0,7.0,0,100000,2.98,664,535,13,20,173,471,0.02,0.664,43531.84,8.71,49.0,True
7158,7.0,7.0,8.0,0,100000,2.98,427,381,11,19,111,297,0.019,0.427,27994.12,5.32,49.0,True
7159,7.0,7.0,9.0,0,100000,2.98,283,309,7,16,79,188,0.016,0.283,18553.48,2.97,49.0,True
7160,7.0,8.0,10.0,0,100000,2.98,228,232,6,9,70,149,0.009,0.228,14947.68,1.35,56.0,False
7161,7.0,8.0,11.0,0,100000,2.98,144,208,4,8,53,83,0.008,0.144,9440.64,0.76,56.0,False
7162,7.0,8.0,12.0,0,100000,2.98,138,139,5,10,38,90,0.01,0.138,9047.28,0.9,56.0,False
7163,7.0,8.0,13.0,0,100000,2.98,109,133,4,4,30,75,0.004,0.109,7146.04,0.29,56.0,False
7164,7.0,8.0,14.0,0,100000,2.98,70,120,0,4,15,51,0.004,0.07,4589.2,0.18,56.0,False
7165,7.0,8.0,15.0,0,100000,2.98,68,89,3,12,14,42,0.012,0.068,4458.08,0.53,56.0,False
7166,7.0,8.0,16.0,0,100000,2.98,49,91,3,5,12,32,0.005,0.049,3212.44,0.16,56.0,False
7167,7.0,8.0,17.0,0,100000,2.98,41,78,1,2,9,30,0.002,0.041,2687.96,0.05,56.0,False
7168,7.0,8.0,18.0,0,100000,2.98,30,69,2,2,5,23,0.002,0.03,1966.8,0.04,56.0,False
7169,7.0,8.0,19.0,0,100000,2.98,19,69,1,1,2,16,0.001,0.019,1245.64,0.01,56.0,False
7170,7.0,8.0,1.0,0,100000,2.98,17282,10875,301,1,863,16418,0.001,17.282,1133007.92,11.33,56.0,False
7171,7.0,8.0,20.0,0,100000,2.98,10,64,1,1,4,5,0.001,0.01,655.6,0.01,56.0,False
7172,7.0,8.0,2.0,0,100000,2.98,7040,4497,150,4,712,6324,0.004,7.04,461542.4,18.46,56.0,False
7173,7.0,8.0,3.0,0,100000,2.98,3686,2314,75,21,559,3106,0.021,3.686,241654.16,50.75,56.0,False
7174,7.0,8.0,4.0,0,100000,2.98,2142,1451,45,20,406,1716,0.02,2.142,140429.52,28.09,56.0,False
7175,7.0,8.0,5.0,0,100000,2.98,1408,966,29,20,322,1066,0.02,1.408,92308.48,18.46,56.0,False
7176,7.0,8.0,6.0,0,100000,2.98,915,691,11,28,241,646,0.028,0.915,59987.4,16.8,56.0,False
7177,7.0,8.0,7.0,0,100000,2.98,679,477,16,19,192,468,0.019,0.679,44515.24,8.46,56.0,False
7178,7.0,8.0,8.0,0,100000,2.98,459,399,10,23,127,309,0.023,0.459,30092.04,6.92,56.0,False
7179,7.0,8.0,9.0,0,100000,2.98,334,305,8,14,103,217,0.014,0.334,21897.04,3.07,56.0,False
7180,7.0,9.0,10.0,0,100000,2.98,259,259,6,18,62,179,0.018,0.259,16980.04,3.06,63.0,False
7181,7.0,9.0,11.0,0,100000,2.98,197,222,6,9,58,130,0.009,0.197,12915.32,1.16,63.0,False
7182,7.0,9.0,12.0,0,100000,2.98,150,145,2,14,48,88,0.014,0.15,9834.0,1.38,63.0,False
7183,7.0,9.0,13.0,0,100000,2.98,108,152,4,7,25,76,0.007,0.108,7080.48,0.5,63.0,False
7184,7.0,9.0,14.0,0,100000,2.98,86,123,4,10,27,49,0.01,0.086,5638.16,0.56,63.0,False
7185,7.0,9.0,15.0,0,100000,2.98,53,95,3,4,14,35,0.004,0.053,3474.68,0.14,63.0,False
7186,7.0,9.0,16.0,0,100000,2.98,33,85,2,2,9,22,0.002,0.033,2163.48,0.04,63.0,False
7187,7.0,9.0,17.0,0,100000,2.98,39,73,2,3,10,26,0.003,0.039,2556.84,0.08,63.0,False
7188,7.0,9.0,18.0,0,100000,2.98,34,67,1,5,7,22,0.005,0.034,2229.04,0.11,63.0,False
7189,7.0,9.0,19.0,0,100000,2.98,20,72,0,5,3,12,0.005,0.02,1311.2,0.07,63.0,False
7190,7.0,9.0,1.0,0,100000,2.98,17417,10533,298,0,928,16489,0.0,17.417,1141858.52,0.0,63.0,False
7191,7.0,9.0,20.0,0,100000,2.98,19,47,4,1,6,12,0.001,0.019,1245.64,0.01,63.0,False
7192,7.0,9.0,2.0,0,100000,2.98,7291,4606,160,1,727,6563,0.001,7.291,477997.96,4.78,63.0,False
7193,7.0,9.0,3.0,0,100000,2.98,3657,2282,66,14,530,3113,0.014,3.657,239752.92,33.57,63.0,False
7194,7.0,9.0,4.0,0,100000,2.98,2121,1478,43,21,403,1697,0.021,2.121,139052.76,29.2,63.0,False
7195,7.0,9.0,5.0,0,100000,2.98,1423,926,26,25,327,1071,0.025,1.423,93291.88,23.32,63.0,False
7196,7.0,9.0,6.0,0,100000,2.98,944,711,16,21,221,702,0.021,0.944,61888.64,13.0,63.0,False
7197,7.0,9.0,7.0,0,100000,2.98,634,568,18,11,166,457,0.011,0.634,41565.04,4.57,63.0,False
7198,7.0,9.0,8.0,0,100000,2.98,458,403,8,23,140,295,0.023,0.458,30026.48,6.91,63.0,False
7199,7.0,9.0,9.0,0,100000,2.98,324,329,10,20,96,208,0.02,0.324,21241.44,4.25,63.0,False
7200,8.0,10.0,10.0,0,100000,2.98,263,258,5,22,76,165,0.022,0.263,17242.28,3.79,80.0,False
7201,8.0,10.0,11.0,0,100000,2.98,201,209,1,12,59,130,0.012,0.201,13177.56,1.58,80.0,False
7202,8.0,10.0,12.0,0,100000,2.98,150,175,4,15,54,81,0.015,0.15,9834.0,1.48,80.0,False
7203,8.0,10.0,13.0,0,100000,2.98,127,146,7,14,48,65,0.014,0.127,8326.12,1.17,80.0,False
7204,8.0,10.0,14.0,0,100000,2.98,87,99,6,8,26,53,0.008,0.087,5703.72,0.46,80.0,False
7205,8.0,10.0,15.0,0,100000,2.98,59,98,6,12,19,28,0.012,0.059,3868.04,0.46,80.0,False
7206,8.0,10.0,16.0,0,100000,2.98,44,97,4,6,12,26,0.006,0.044,2884.64,0.17,80.0,False
7207,8.0,10.0,17.0,0,100000,2.98,31,80,1,5,9,17,0.005,0.031,2032.36,0.1,80.0,False
7208,8.0,10.0,18.0,0,100000,2.98,32,66,0,6,9,17,0.006,0.032,2097.92,0.13,80.0,False
7209,8.0,10.0,19.0,0,100000,2.98,31,67,0,2,15,14,0.002,0.031,2032.36,0.04,80.0,False
7210,8.0,10.0,1.0,0,100000,2.98,17552,10792,292,1,929,16622,0.001,17.552,1150709.12,11.51,80.0,False
7211,8.0,10.0,20.0,0,100000,2.98,19,51,2,1,11,7,0.001,0.019,1245.64,0.01,80.0,False
7212,8.0,10.0,2.0,0,100000,2.98,7315,4461,141,8,693,6614,0.008,7.315,479571.4,38.37,80.0,False
7213,8.0,10.0,3.0,0,100000,2.98,3771,2389,71,24,565,3182,0.024,3.771,247226.76,59.33,80.0,False
7214,8.0,10.0,4.0,0,100000,2.98,2201,1446,52,37,448,1716,0.037,2.201,144297.56,53.39,80.0,False
7215,8.0,10.0,5.0,0,100000,2.98,1443,983,31,30,361,1052,0.03,1.443,94603.08,28.38,80.0,False
7216,8.0,10.0,6.0,0,100000,2.98,960,677,24,40,248,672,0.04,0.96,62937.6,25.18,80.0,False
7217,8.0,10.0,7.0,0,100000,2.98,693,496,11,30,208,455,0.03,0.693,45433.08,13.63,80.0,False
7218,8.0,10.0,8.0,0,100000,2.98,506,378,18,27,163,316,0.027,0.506,33173.36,8.96,80.0,False
7219,8.0,10.0,9.0,0,100000,2.98,355,275,8,22,119,214,0.022,0.355,23273.8,5.12,80.0,False
7220,8.0,11.0,10.0,0,100000,2.98,270,219,5,12,88,170,0.012,0.27,17701.2,2.12,88.0,False
7221,8.0,11.0,11.0,0,100000,2.98,207,216,6,21,61,125,0.021,0.207,13570.92,2.85,88.0,False
7222,8.0,11.0,12.0,0,100000,2.98,144,159,5,17,46,81,0.017,0.144,9440.64,1.6,88.0,False
7223,8.0,11.0,13.0,0,100000,2.98,122,157,4,17,46,59,0.017,0.122,7998.32,1.36,88.0,False
7224,8.0,11.0,14.0,0,100000,2.98,89,123,2,8,27,54,0.008,0.089,5834.84,0.47,88.0,False
7225,8.0,11.0,15.0,0,100000,2.98,65,92,4,4,24,37,0.004,0.065,4261.4,0.17,88.0,False
7226,8.0,11.0,16.0,0,100000,2.98,47,91,0,5,17,25,0.005,0.047,3081.32,0.15,88.0,False
7227,8.0,11.0,17.0,0,100000,2.98,40,65,0,1,12,27,0.001,0.04,2622.4,0.03,88.0,False
7228,8.0,11.0,18.0,0,100000,2.98,22,61,1,4,10,8,0.004,0.022,1442.32,0.06,88.0,False
7229,8.0,11.0,19.0,0,100000,2.98,33,57,1,4,9,20,0.004,0.033,2163.48,0.09,88.0,False
7230,8.0,11.0,1.0,0,100000,2.98,17436,10641,296,1,917,16518,0.001,17.436,1143104.16,11.43,88.0,False
7231,8.0,11.0,20.0,0,100000,2.98,17,62,2,0,2,15,0.0,0.017,1114.52,0.0,88.0,False
7232,8.0,11.0,2.0,0,100000,2.98,7309,4516,141,5,735,6569,0.005,7.309,479178.04,23.96,88.0,False
7233,8.0,11.0,3.0,0,100000,2.98,3739,2401,73,11,559,3169,0.011,3.739,245128.84,26.96,88.0,False
7234,8.0,11.0,4.0,0,100000,2.98,2209,1395,49,25,440,1744,0.025,2.209,144822.04,36.21,88.0,False
7235,8.0,11.0,5.0,0,100000,2.98,1423,977,27,32,331,1060,0.032,1.423,93291.88,29.85,88.0,False
7236,8.0,11.0,6.0,0,100000,2.98,949,684,20,25,258,666,0.025,0.949,62216.44,15.55,88.0,False
7237,8.0,11.0,7.0,0,100000,2.98,683,474,16,35,195,453,0.035,0.683,44777.48,15.67,88.0,False
7238,8.0,11.0,8.0,0,100000,2.98,512,400,9,27,177,308,0.027,0.512,33566.72,9.06,88.0,False
7239,8.0,11.0,9.0,0,100000,2.98,400,300,10,41,128,231,0.041,0.4,26224.0,10.75,88.0,False
7240,8.0,12.0,10.0,0,100000,2.98,298,261,6,23,102,173,0.023,0.298,19536.88,4.49,96.0,False
7241,8.0,12.0,11.0,0,100000,2.98,199,220,4,23,67,109,0.023,0.199,13046.44,3.0,96.0,False
7242,8.0,12.0,12.0,0,100000,2.98,157,193,8,15,53,89,0.015,0.157,10292.92,1.54,96.0,False
7243,8.0,12.0,13.0,0,100000,2.98,120,132,1,12,38,70,0.012,0.12,7867.2,0.94,96.0,False
7244,8.0,12.0,14.0,0,100000,2.98,79,138,2,7,34,38,0.007,0.079,5179.24,0.36,96.0,False
7245,8.0,12.0,15.0,0,100000,2.98,84,119,5,16,26,42,0.016,0.084,5507.04,0.88,96.0,False
7246,8.0,12.0,16.0,0,100000,2.98,52,96,4,5,21,26,0.005,0.052,3409.12,0.17,96.0,False
7247,8.0,12.0,17.0,0,100000,2.98,44,89,2,3,20,21,0.003,0.044,2884.64,0.09,96.0,False
7248,8.0,12.0,18.0,0,100000,2.98,41,68,6,4,13,24,0.004,0.041,2687.96,0.11,96.0,False
7249,8.0,12.0,19.0,0,100000,2.98,32,67,3,4,9,19,0.004,0.032,2097.92,0.08,96.0,False
7250,8.0,12.0,1.0,0,100000,2.98,17412,10675,271,0,936,16476,0.0,17.412,1141530.72,0.0,96.0,False
7251,8.0,12.0,20.0,0,100000,2.98,16,55,0,2,7,7,0.002,0.016,1048.96,0.02,96.0,False
7252,8.0,12.0,2.0,0,100000,2.98,7404,4535,148,2,758,6644,0.002,7.404,485406.24,9.71,96.0,False
7253,8.0,12.0,3.0,0,100000,2.98,3838,2294,73,18,574,3246,0.018,3.838,251619.28,45.29,96.0,False
7254,8.0,12.0,4.0,0,100000,2.98,2202,1362,40,20,423,1759,0.02,2.202,144363.12,28.87,96.0,False
7255,8.0,12.0,5.0,0,100000,2.98,1406,991,22,35,346,1025,0.035,1.406,92177.36,32.26,96.0,False
7256,8.0,12.0,6.0,0,100000,2.98,962,663,20,44,232,686,0.044,0.962,63068.72,27.75,96.0,False
7257,8.0,12.0,7.0,0,100000,2.98,695,531,10,45,206,444,0.045,0.695,45564.2,20.5,96.0,False
7258,8.0,12.0,8.0,0,100000,2.98,556,385,6,37,172,347,0.037,0.556,36451.36,13.49,96.0,False
7259,8.0,12.0,9.0,0,100000,2.98,383,311,7,31,116,236,0.031,0.383,25109.48,7.78,96.0,False
7260,8.0,13.0,10.0,0,100000,2.98,318,261,9,30,106,182,0.03,0.318,20848.08,6.25,104.0,False
7261,8.0,13.0,11.0,0,100000,2.98,193,219,8,21,60,112,0.021,0.193,12653.08,2.66,104.0,False
7262,8.0,13.0,12.0,0,100000,2.98,138,183,3,14,48,76,0.014,0.138,9047.28,1.27,104.0,False
7263,8.0,13.0,13.0,0,100000,2.98,110,152,4,15,40,55,0.015,0.11,7211.6,1.08,104.0,False
7264,8.0,13.0,14.0,0,100000,2.98,90,125,2,6,31,53,0.006,0.09,5900.4,0.35,104.0,False
7265,8.0,13.0,15.0,0,100000,2.98,62,108,3,7,13,42,0.007,0.062,4064.72,0.28,104.0,False
7266,8.0,13.0,16.0,0,100000,2.98,52,108,0,11,17,24,0.011,0.052,3409.12,0.38,104.0,False
7267,8.0,13.0,17.0,0,100000,2.98,38,84,5,7,15,16,0.007,0.038,2491.28,0.17,104.0,False
7268,8.0,13.0,18.0,0,100000,2.98,33,71,3,6,10,17,0.006,0.033,2163.48,0.13,104.0,False
7269,8.0,13.0,19.0,0,100000,2.98,22,63,2,3,8,11,0.003,0.022,1442.32,0.04,104.0,False
7270,8.0,13.0,1.0,0,100000,2.98,17469,10523,310,0,905,16564,0.0,17.469,1145267.64,0.0,104.0,False
7271,8.0,13.0,20.0,0,100000,2.98,17,66,5,2,7,8,0.002,0.017,1114.52,0.02,104.0,False
7272,8.0,13.0,2.0,0,100000,2.98,7324,4526,151,7,755,6562,0.007,7.324,480161.44,33.61,104.0,False
7273,8.0,13.0,3.0,0,100000,2.98,3679,2275,77,21,584,3074,0.021,3.679,241195.24,50.65,104.0,False
7274,8.0,13.0,4.0,0,100000,2.98,2258,1469,30,29,450,1779,0.029,2.258,148034.48,42.93,104.0,False
7275,8.0,13.0,5.0,0,100000,2.98,1416,898,22,40,318,1058,0.04,1.416,92832.96,37.13,104.0,False
7276,8.0,13.0,6.0,0,100000,2.98,980,669,22,38,252,690,0.038,0.98,64248.8,24.41,104.0,False
7277,8.0,13.0,7.0,0,100000,2.98,679,504,18,45,215,419,0.045,0.679,44515.24,20.03,104.0,False
7278,8.0,13.0,8.0,0,100000,2.98,493,403,14,41,164,288,0.041,0.493,32321.08,13.25,104.0,False
7279,8.0,13.0,9.0,0,100000,2.98,361,303,8,32,121,208,0.032,0.361,23667.16,7.57,104.0,False
7280,8.0,14.0,10.0,0,100000,2.98,261,241,14,24,84,153,0.024,0.261,17111.16,4.11,112.0,False
7281,8.0,14.0,11.0,0,100000,2.98,212,219,2,24,62,126,0.024,0.212,13898.72,3.34,112.0,False
7282,8.0,14.0,12.0,0,100000,2.98,169,182,9,18,56,95,0.018,0.169,11079.64,1.99,112.0,False
7283,8.0,14.0,13.0,0,100000,2.98,106,164,10,5,41,60,0.005,0.106,6949.36,0.35,112.0,False
7284,8.0,14.0,14.0,0,100000,2.98,90,131,0,9,30,51,0.009,0.09,5900.4,0.53,112.0,False
7285,8.0,14.0,15.0,0,100000,2.98,81,104,2,8,25,48,0.008,0.081,5310.36,0.42,112.0,False
7286,8.0,14.0,16.0,0,100000,2.98,58,105,3,6,18,34,0.006,0.058,3802.48,0.23,112.0,False
7287,8.0,14.0,17.0,0,100000,2.98,47,84,4,6,17,24,0.006,0.047,3081.32,0.18,112.0,False
7288,8.0,14.0,18.0,0,100000,2.98,29,69,0,4,8,17,0.004,0.029,1901.24,0.08,112.0,False
7289,8.0,14.0,19.0,0,100000,2.98,24,64,0,1,9,14,0.001,0.024,1573.44,0.02,112.0,False
7290,8.0,14.0,1.0,0,100000,2.98,17379,10794,302,1,923,16455,0.001,17.379,1139367.24,11.39,112.0,False
7291,8.0,14.0,20.0,0,100000,2.98,20,72,2,2,6,12,0.002,0.02,1311.2,0.03,112.0,False
7292,8.0,14.0,2.0,0,100000,2.98,7200,4583,178,3,720,6477,0.003,7.2,472032.0,14.16,112.0,False
7293,8.0,14.0,3.0,0,100000,2.98,3734,2344,81,21,546,3167,0.021,3.734,244801.04,51.41,112.0,False
7294,8.0,14.0,4.0,0,100000,2.98,2172,1421,51,27,428,1717,0.027,2.172,142396.32,38.45,112.0,False
7295,8.0,14.0,5.0,0,100000,2.98,1454,931,19,34,352,1068,0.034,1.454,95324.24,32.41,112.0,False
7296,8.0,14.0,6.0,0,100000,2.98,1044,686,18,43,284,717,0.043,1.044,68444.64,29.43,112.0,False
7297,8.0,14.0,7.0,0,100000,2.98,688,482,10,36,203,449,0.036,0.688,45105.28,16.24,112.0,False
7298,8.0,14.0,8.0,0,100000,2.98,518,417,12,30,146,342,0.03,0.518,33960.08,10.19,112.0,False
7299,8.0,14.0,9.0,0,100000,2.98,388,312,10,38,118,232,0.038,0.388,25437.28,9.67,112.0,False
7300,8.0,15.0,10.0,0,100000,2.98,271,268,4,30,80,161,0.03,0.271,17766.76,5.33,120.0,False
7301,8.0,15.0,11.0,0,100000,2.98,206,198,6,29,67,110,0.029,0.206,13505.36,3.92,120.0,False
7302,8.0,15.0,12.0,0,100000,2.98,182,197,5,18,64,100,0.018,0.182,11931.92,2.15,120.0,False
7303,8.0,15.0,13.0,0,100000,2.98,119,137,1,13,42,64,0.013,0.119,7801.64,1.01,120.0,False
7304,8.0,15.0,14.0,0,100000,2.98,98,120,6,6,31,61,0.006,0.098,6424.88,0.39,120.0,False
7305,8.0,15.0,15.0,0,100000,2.98,64,133,2,5,25,34,0.005,0.064,4195.84,0.21,120.0,False
7306,8.0,15.0,16.0,0,100000,2.98,57,80,3,5,22,30,0.005,0.057,3736.92,0.19,120.0,False
7307,8.0,15.0,17.0,0,100000,2.98,44,87,2,5,20,19,0.005,0.044,2884.64,0.14,120.0,False
7308,8.0,15.0,18.0,0,100000,2.98,28,84,5,3,10,15,0.003,0.028,1835.68,0.06,120.0,False
7309,8.0,15.0,19.0,0,100000,2.98,30,57,2,1,14,15,0.001,0.03,1966.8,0.02,120.0,False
7310,8.0,15.0,1.0,0,100000,2.98,17639,10569,322,0,920,16719,0.0,17.639,1156412.84,0.0,120.0,False
7311,8.0,15.0,20.0,0,100000,2.98,7,52,3,1,2,4,0.001,0.007,458.92,0.0,120.0,False
7312,8.0,15.0,2.0,0,100000,2.98,7114,4482,154,3,722,6389,0.003,7.114,466393.84,13.99,120.0,False
7313,8.0,15.0,3.0,0,100000,2.98,3719,2310,68,10,553,3156,0.01,3.719,243817.64,24.38,120.0,False
7314,8.0,15.0,4.0,0,100000,2.98,2167,1442,49,31,443,1693,0.031,2.167,142068.52,44.04,120.0,False
7315,8.0,15.0,5.0,0,100000,2.98,1420,986,25,35,351,1034,0.035,1.42,93095.2,32.58,120.0,False
7316,8.0,15.0,6.0,0,100000,2.98,953,669,25,42,265,646,0.042,0.953,62478.68,26.24,120.0,False
7317,8.0,15.0,7.0,0,100000,2.98,709,505,14,38,219,452,0.038,0.709,46482.04,17.66,120.0,False
7318,8.0,15.0,8.0,0,100000,2.98,516,415,6,38,142,336,0.038,0.516,33828.96,12.86,120.0,False
7319,8.0,15.0,9.0,0,100000,2.98,365,302,6,36,111,218,0.036,0.365,23929.4,8.61,120.0,False
7320,8.0,16.0,10.0,0,100000,2.98,271,270,4,30,79,162,0.03,0.271,17766.76,5.33,128.0,False
7321,8.0,16.0,11.0,0,100000,2.98,224,200,7,21,88,115,0.021,0.224,14685.44,3.08,128.0,False
7322,8.0,16.0,12.0,0,100000,2.98,165,204,7,19,55,91,0.019,0.165,10817.4,2.06,128.0,False
7323,8.0,16.0,13.0,0,100000,2.98,116,137,6,10,45,61,0.01,0.116,7604.96,0.76,128.0,False
7324,8.0,16.0,14.0,0,100000,2.98,91,132,5,9,34,48,0.009,0.091,5965.96,0.54,128.0,False
7325,8.0,16.0,15.0,0,100000,2.98,75,134,4,10,25,40,0.01,0.075,4917.0,0.49,128.0,False
7326,8.0,16.0,16.0,0,100000,2.98,60,117,3,6,22,32,0.006,0.06,3933.6,0.24,128.0,False
7327,8.0,16.0,17.0,0,100000,2.98,41,89,1,2,11,28,0.002,0.041,2687.96,0.05,128.0,False
7328,8.0,16.0,18.0,0,100000,2.98,35,80,0,11,11,13,0.011,0.035,2294.6,0.25,128.0,False
7329,8.0,16.0,19.0,0,100000,2.98,27,62,1,3,8,16,0.003,0.027,1770.12,0.05,128.0,False
7330,8.0,16.0,1.0,0,100000,2.98,17402,10516,312,2,910,16490,0.002,17.402,1140875.12,22.82,128.0,False
7331,8.0,16.0,20.0,0,100000,2.98,15,49,0,2,5,8,0.002,0.015,983.4,0.02,128.0,False
7332,8.0,16.0,2.0,0,100000,2.98,7281,4523,131,6,697,6578,0.006,7.281,477342.36,28.64,128.0,False
7333,8.0,16.0,3.0,0,100000,2.98,3675,2305,78,13,524,3138,0.013,3.675,240933.0,31.32,128.0,False
7334,8.0,16.0,4.0,0,100000,2.98,2333,1510,39,25,439,1869,0.025,2.333,152951.48,38.24,128.0,False
7335,8.0,16.0,5.0,0,100000,2.98,1454,979,24,39,367,1048,0.039,1.454,95324.24,37.18,128.0,False
7336,8.0,16.0,6.0,0,100000,2.98,997,660,23,30,291,676,0.03,0.997,65363.32,19.61,128.0,False
7337,8.0,16.0,7.0,0,100000,2.98,710,524,17,36,234,440,0.036,0.71,46547.6,16.76,128.0,False
7338,8.0,16.0,8.0,0,100000,2.98,530,364,10,32,173,325,0.032,0.53,34746.8,11.12,128.0,False
7339,8.0,16.0,9.0,0,100000,2.98,380,328,8,34,130,216,0.034,0.38,24912.8,8.47,128.0,False
7340,8.0,17.0,10.0,0,100000,2.98,292,249,10,27,109,156,0.027,0.292,19143.52,5.17,136.0,False
7341,8.0,17.0,11.0,0,100000,2.98,215,198,6,16,66,133,0.016,0.215,14095.4,2.26,136.0,False
7342,8.0,17.0,12.0,0,100000,2.98,166,191,3,19,61,86,0.019,0.166,10882.96,2.07,136.0,False
7343,8.0,17.0,13.0,0,100000,2.98,145,155,5,14,59,72,0.014,0.145,9506.2,1.33,136.0,False
7344,8.0,17.0,14.0,0,100000,2.98,118,127,5,13,44,61,0.013,0.118,7736.08,1.01,136.0,False
7345,8.0,17.0,15.0,0,100000,2.98,80,119,4,12,22,46,0.012,0.08,5244.8,0.63,136.0,False
7346,8.0,17.0,16.0,0,100000,2.98,60,93,0,8,27,25,0.008,0.06,3933.6,0.31,136.0,False
7347,8.0,17.0,17.0,0,100000,2.98,52,77,2,6,23,23,0.006,0.052,3409.12,0.2,136.0,False
7348,8.0,17.0,18.0,0,100000,2.98,40,92,1,4,15,21,0.004,0.04,2622.4,0.1,136.0,False
7349,8.0,17.0,19.0,0,100000,2.98,29,63,1,3,9,17,0.003,0.029,1901.24,0.06,136.0,False
7350,8.0,17.0,1.0,0,100000,2.98,17575,10704,330,1,955,16619,0.001,17.575,1152217.0,11.52,136.0,False
7351,8.0,17.0,20.0,0,100000,2.98,24,57,1,1,11,12,0.001,0.024,1573.44,0.02,136.0,False
7352,8.0,17.0,2.0,0,100000,2.98,7310,4380,138,8,695,6607,0.008,7.31,479243.6,38.34,136.0,False
7353,8.0,17.0,3.0,0,100000,2.98,3795,2413,89,11,573,3211,0.011,3.795,248800.2,27.37,136.0,False
7354,8.0,17.0,4.0,0,100000,2.98,2209,1451,48,30,426,1753,0.03,2.209,144822.04,43.45,136.0,False
7355,8.0,17.0,5.0,0,100000,2.98,1450,923,30,27,355,1068,0.027,1.45,95062.0,25.67,136.0,False
7356,8.0,17.0,6.0,0,100000,2.98,944,673,22,39,253,652,0.039,0.944,61888.64,24.14,136.0,False
7357,8.0,17.0,7.0,0,100000,2.98,750,503,15,39,204,507,0.039,0.75,49170.0,19.18,136.0,False
7358,8.0,17.0,8.0,0,100000,2.98,560,376,12,37,191,332,0.037,0.56,36713.6,13.58,136.0,False
7359,8.0,17.0,9.0,0,100000,2.98,389,350,9,36,128,225,0.036,0.389,25502.84,9.18,136.0,False
7360,8.0,18.0,10.0,0,100000,2.98,284,264,10,28,105,151,0.028,0.284,18619.04,5.21,144.0,False
7361,8.0,18.0,11.0,0,100000,2.98,220,193,10,27,75,118,0.027,0.22,14423.2,3.89,144.0,False
7362,8.0,18.0,12.0,0,100000,2.98,158,186,3,21,49,88,0.021,0.158,10358.48,2.18,144.0,False
7363,8.0,18.0,13.0,0,100000,2.98,117,152,4,16,35,66,0.016,0.117,7670.52,1.23,144.0,False
7364,8.0,18.0,14.0,0,100000,2.98,93,123,4,7,40,46,0.007,0.093,6097.08,0.43,144.0,False
7365,8.0,18.0,15.0,0,100000,2.98,72,115,2,6,26,40,0.006,0.072,4720.32,0.28,144.0,False
7366,8.0,18.0,16.0,0,100000,2.98,64,83,2,10,27,27,0.01,0.064,4195.84,0.42,144.0,False
7367,8.0,18.0,17.0,0,100000,2.98,58,75,3,9,23,26,0.009,0.058,3802.48,0.34,144.0,False
7368,8.0,18.0,18.0,0,100000,2.98,31,70,1,2,13,16,0.002,0.031,2032.36,0.04,144.0,False
7369,8.0,18.0,19.0,0,100000,2.98,21,65,3,2,8,11,0.002,0.021,1376.76,0.03,144.0,False
7370,8.0,18.0,1.0,0,100000,2.98,17274,10607,282,0,877,16397,0.0,17.274,1132483.44,0.0,144.0,False
7371,8.0,18.0,20.0,0,100000,2.98,15,52,0,1,5,9,0.001,0.015,983.4,0.01,144.0,False
7372,8.0,18.0,2.0,0,100000,2.98,7113,4396,140,3,682,6428,0.003,7.113,466328.28,13.99,144.0,False
7373,8.0,18.0,3.0,0,100000,2.98,3786,2367,74,20,572,3194,0.02,3.786,248210.16,49.64,144.0,False
7374,8.0,18.0,4.0,0,100000,2.98,2155,1467,51,29,407,1719,0.029,2.155,141281.8,40.97,144.0,False
7375,8.0,18.0,5.0,0,100000,2.98,1479,973,27,39,345,1095,0.039,1.479,96963.24,37.82,144.0,False
7376,8.0,18.0,6.0,0,100000,2.98,969,665,19,27,248,694,0.027,0.969,63527.64,17.15,144.0,False
7377,8.0,18.0,7.0,0,100000,2.98,719,524,14,40,195,484,0.04,0.719,47137.64,18.86,144.0,False
7378,8.0,18.0,8.0,0,100000,2.98,528,425,9,41,174,313,0.041,0.528,34615.68,14.19,144.0,False
7379,8.0,18.0,9.0,0,100000,2.98,373,311,4,27,129,217,0.027,0.373,24453.88,6.6,144.0,False
7380,8.0,19.0,10.0,0,100000,2.98,276,256,6,22,91,163,0.022,0.276,18094.56,3.98,152.0,False
7381,8.0,19.0,11.0,0,100000,2.98,200,222,12,22,66,112,0.022,0.2,13112.0,2.88,152.0,False
7382,8.0,19.0,12.0,0,100000,2.98,147,186,3,15,44,88,0.015,0.147,9637.32,1.45,152.0,False
7383,8.0,19.0,13.0,0,100000,2.98,118,161,4,12,44,62,0.012,0.118,7736.08,0.93,152.0,False
7384,8.0,19.0,14.0,0,100000,2.98,107,146,3,10,38,59,0.01,0.107,7014.92,0.7,152.0,False
7385,8.0,19.0,15.0,0,100000,2.98,47,118,5,4,11,32,0.004,0.047,3081.32,0.12,152.0,False
7386,8.0,19.0,16.0,0,100000,2.98,52,91,4,11,18,23,0.011,0.052,3409.12,0.38,152.0,False
7387,8.0,19.0,17.0,0,100000,2.98,54,74,3,7,15,32,0.007,0.054,3540.24,0.25,152.0,False
7388,8.0,19.0,18.0,0,100000,2.98,47,82,1,9,13,25,0.009,0.047,3081.32,0.28,152.0,False
7389,8.0,19.0,19.0,0,100000,2.98,23,73,4,4,8,11,0.004,0.023,1507.88,0.06,152.0,False
7390,8.0,19.0,1.0,0,100000,2.98,17605,10703,307,1,911,16693,0.001,17.605,1154183.8,11.54,152.0,False
7391,8.0,19.0,20.0,0,100000,2.98,28,67,4,4,5,19,0.004,0.028,1835.68,0.07,152.0,False
7392,8.0,19.0,2.0,0,100000,2.98,7330,4527,142,5,649,6676,0.005,7.33,480554.8,24.03,152.0,False
7393,8.0,19.0,3.0,0,100000,2.98,3761,2452,58,19,611,3131,0.019,3.761,246571.16,46.85,152.0,False
7394,8.0,19.0,4.0,0,100000,2.98,2202,1388,33,27,411,1764,0.027,2.202,144363.12,38.98,152.0,False
7395,8.0,19.0,5.0,0,100000,2.98,1405,989,28,34,339,1032,0.034,1.405,92111.8,31.32,152.0,False
7396,8.0,19.0,6.0,0,100000,2.98,1011,707,17,42,273,696,0.042,1.011,66281.16,27.84,152.0,False
7397,8.0,19.0,7.0,0,100000,2.98,646,515,24,29,191,426,0.029,0.646,42351.76,12.28,152.0,False
7398,8.0,19.0,8.0,0,100000,2.98,536,440,12,32,181,323,0.032,0.536,35140.16,11.24,152.0,False
7399,8.0,19.0,9.0,0,100000,2.98,413,310,10,27,129,257,0.027,0.413,27076.28,7.31,152.0,False
7400,8.0,1.0,10.0,0,100000,2.98,121,210,5,0,3,118,0.0,0.121,7932.76,0.0,8.0,False
7401,8.0,1.0,11.0,0,100000,2.98,84,198,3,0,2,82,0.0,0.084,5507.04,0.0,8.0,False
7402,8.0,1.0,12.0,0,100000,2.98,66,175,3,0,1,65,0.0,0.066,4326.96,0.0,8.0,False
7403,8.0,1.0,13.0,0,100000,2.98,38,141,6,0,2,36,0.0,0.038,2491.28,0.0,8.0,False
7404,8.0,1.0,14.0,0,100000,2.98,35,105,1,0,0,35,0.0,0.035,2294.6,0.0,8.0,False
7405,8.0,1.0,15.0,0,100000,2.98,33,100,2,0,1,32,0.0,0.033,2163.48,0.0,8.0,False
7406,8.0,1.0,16.0,0,100000,2.98,15,88,4,0,0,15,0.0,0.015,983.4,0.0,8.0,False
7407,8.0,1.0,17.0,0,100000,2.98,21,76,5,0,0,21,0.0,0.021,1376.76,0.0,8.0,False
7408,8.0,1.0,18.0,0,100000,2.98,26,68,1,0,0,26,0.0,0.026,1704.56,0.0,8.0,False
7409,8.0,1.0,19.0,0,100000,2.98,18,51,0,0,0,18,0.0,0.018,1180.08,0.0,8.0,False
7410,8.0,1.0,1.0,0,100000,2.98,17005,10488,264,0,621,16384,0.0,17.005,1114847.8,0.0,8.0,False
7411,8.0,1.0,20.0,0,100000,2.98,7,45,0,0,0,7,0.0,0.007,458.92,0.0,8.0,False
7412,8.0,1.0,2.0,0,100000,2.98,6805,4491,120,0,330,6475,0.0,6.805,446135.8,0.0,8.0,False
7413,8.0,1.0,3.0,0,100000,2.98,3160,2317,57,0,160,3000,0.0,3.16,207169.6,0.0,8.0,False
7414,8.0,1.0,4.0,0,100000,2.98,1669,1403,37,0,98,1571,0.0,1.669,109419.64,0.0,8.0,False
7415,8.0,1.0,5.0,0,100000,2.98,1026,884,22,0,63,963,0.0,1.026,67264.56,0.0,8.0,False
7416,8.0,1.0,6.0,0,100000,2.98,665,596,10,0,31,634,0.0,0.665,43597.4,0.0,8.0,False
7417,8.0,1.0,7.0,0,100000,2.98,392,404,5,0,12,380,0.0,0.392,25699.52,0.0,8.0,False
7418,8.0,1.0,8.0,0,100000,2.98,260,318,7,0,15,245,0.0,0.26,17045.6,0.0,8.0,False
7419,8.0,1.0,9.0,0,100000,2.98,175,292,5,0,3,172,0.0,0.175,11473.0,0.0,8.0,False
7420,8.0,20.0,10.0,0,100000,2.98,290,279,11,33,93,164,0.033,0.29,19012.4,6.27,160.0,False
7421,8.0,20.0,11.0,0,100000,2.98,225,199,5,24,83,118,0.024,0.225,14751.0,3.54,160.0,False
7422,8.0,20.0,12.0,0,100000,2.98,165,166,3,20,57,88,0.02,0.165,10817.4,2.16,160.0,False
7423,8.0,20.0,13.0,0,100000,2.98,141,157,1,13,43,85,0.013,0.141,9243.96,1.2,160.0,False
7424,8.0,20.0,14.0,0,100000,2.98,96,124,5,13,39,44,0.013,0.096,6293.76,0.82,160.0,False
7425,8.0,20.0,15.0,0,100000,2.98,74,117,2,8,25,41,0.008,0.074,4851.44,0.39,160.0,False
7426,8.0,20.0,16.0,0,100000,2.98,50,88,3,8,20,22,0.008,0.05,3278.0,0.26,160.0,False
7427,8.0,20.0,17.0,0,100000,2.98,36,107,1,5,12,19,0.005,0.036,2360.16,0.12,160.0,False
7428,8.0,20.0,18.0,0,100000,2.98,31,89,3,5,6,20,0.005,0.031,2032.36,0.1,160.0,False
7429,8.0,20.0,19.0,0,100000,2.98,17,75,1,1,6,10,0.001,0.017,1114.52,0.01,160.0,False
7430,8.0,20.0,1.0,0,100000,2.98,17487,10668,325,1,864,16622,0.001,17.487,1146447.72,11.46,160.0,False
7431,8.0,20.0,20.0,0,100000,2.98,18,71,3,1,7,10,0.001,0.018,1180.08,0.01,160.0,False
7432,8.0,20.0,2.0,0,100000,2.98,7134,4545,156,8,684,6442,0.008,7.134,467705.04,37.42,160.0,False
7433,8.0,20.0,3.0,0,100000,2.98,3785,2389,70,20,592,3173,0.02,3.785,248144.6,49.63,160.0,False
7434,8.0,20.0,4.0,0,100000,2.98,2186,1488,47,29,424,1733,0.029,2.186,143314.16,41.56,160.0,False
7435,8.0,20.0,5.0,0,100000,2.98,1459,958,34,31,357,1071,0.031,1.459,95652.04,29.65,160.0,False
7436,8.0,20.0,6.0,0,100000,2.98,968,650,21,40,254,674,0.04,0.968,63462.08,25.38,160.0,False
7437,8.0,20.0,7.0,0,100000,2.98,689,522,11,40,191,458,0.04,0.689,45170.84,18.07,160.0,False
7438,8.0,20.0,8.0,0,100000,2.98,539,416,12,36,170,333,0.036,0.539,35336.84,12.72,160.0,False
7439,8.0,20.0,9.0,0,100000,2.98,393,346,12,28,139,226,0.028,0.393,25765.08,7.21,160.0,False
7440,8.0,2.0,10.0,0,100000,2.98,134,217,6,1,13,120,0.001,0.134,8785.04,0.09,16.0,False
7441,8.0,2.0,11.0,0,100000,2.98,91,198,4,0,10,81,0.0,0.091,5965.96,0.0,16.0,False
7442,8.0,2.0,12.0,0,100000,2.98,59,158,2,0,7,52,0.0,0.059,3868.04,0.0,16.0,False
7443,8.0,2.0,13.0,0,100000,2.98,39,132,3,0,2,37,0.0,0.039,2556.84,0.0,16.0,False
7444,8.0,2.0,14.0,0,100000,2.98,27,84,2,0,1,26,0.0,0.027,1770.12,0.0,16.0,False
7445,8.0,2.0,15.0,0,100000,2.98,20,81,4,0,0,20,0.0,0.02,1311.2,0.0,16.0,False
7446,8.0,2.0,16.0,0,100000,2.98,21,79,1,0,0,21,0.0,0.021,1376.76,0.0,16.0,False
7447,8.0,2.0,17.0,0,100000,2.98,15,62,1,0,1,14,0.0,0.015,983.4,0.0,16.0,False
7448,8.0,2.0,18.0,0,100000,2.98,6,48,2,0,0,6,0.0,0.006,393.36,0.0,16.0,False
7449,8.0,2.0,19.0,0,100000,2.98,7,46,2,0,1,6,0.0,0.007,458.92,0.0,16.0,False
7450,8.0,2.0,1.0,0,100000,2.98,17297,10792,289,0,846,16451,0.0,17.297,1133991.32,0.0,16.0,False
7451,8.0,2.0,20.0,0,100000,2.98,8,35,2,0,2,6,0.0,0.008,524.48,0.0,16.0,False
7452,8.0,2.0,2.0,0,100000,2.98,6975,4618,124,1,483,6491,0.001,6.975,457281.0,4.57,16.0,False
7453,8.0,2.0,3.0,0,100000,2.98,3381,2391,61,2,337,3042,0.002,3.381,221658.36,4.43,16.0,False
7454,8.0,2.0,4.0,0,100000,2.98,1837,1362,44,3,199,1635,0.003,1.837,120433.72,3.61,16.0,False
7455,8.0,2.0,5.0,0,100000,2.98,1061,890,25,2,115,944,0.002,1.061,69559.16,1.39,16.0,False
7456,8.0,2.0,6.0,0,100000,2.98,647,618,15,1,64,582,0.001,0.647,42417.32,0.42,16.0,False
7457,8.0,2.0,7.0,0,100000,2.98,397,470,13,3,42,352,0.003,0.397,26027.32,0.78,16.0,False
7458,8.0,2.0,8.0,0,100000,2.98,283,344,7,1,29,253,0.001,0.283,18553.48,0.19,16.0,False
7459,8.0,2.0,9.0,0,100000,2.98,165,256,9,1,16,148,0.001,0.165,10817.4,0.11,16.0,False
7460,8.0,3.0,10.0,0,100000,2.98,166,222,6,3,29,134,0.003,0.166,10882.96,0.33,24.0,False
7461,8.0,3.0,11.0,0,100000,2.98,124,187,5,0,16,108,0.0,0.124,8129.44,0.0,24.0,False
7462,8.0,3.0,12.0,0,100000,2.98,81,178,5,2,5,74,0.002,0.081,5310.36,0.11,24.0,False
7463,8.0,3.0,13.0,0,100000,2.98,58,119,4,0,6,52,0.0,0.058,3802.48,0.0,24.0,False
7464,8.0,3.0,14.0,0,100000,2.98,29,121,5,0,6,23,0.0,0.029,1901.24,0.0,24.0,False
7465,8.0,3.0,15.0,0,100000,2.98,20,120,1,1,3,16,0.001,0.02,1311.2,0.01,24.0,False
7466,8.0,3.0,16.0,0,100000,2.98,28,84,3,0,3,25,0.0,0.028,1835.68,0.0,24.0,False
7467,8.0,3.0,17.0,0,100000,2.98,11,74,0,1,0,10,0.001,0.011,721.16,0.01,24.0,False
7468,8.0,3.0,18.0,0,100000,2.98,11,59,0,0,0,11,0.0,0.011,721.16,0.0,24.0,False
7469,8.0,3.0,19.0,0,100000,2.98,11,53,0,1,0,10,0.001,0.011,721.16,0.01,24.0,False
7470,8.0,3.0,1.0,0,100000,2.98,17186,10593,272,1,837,16348,0.001,17.186,1126714.16,11.27,24.0,False
7471,8.0,3.0,20.0,0,100000,2.98,7,53,1,0,0,7,0.0,0.007,458.92,0.0,24.0,False
7472,8.0,3.0,2.0,0,100000,2.98,7202,4410,149,3,570,6629,0.003,7.202,472163.12,14.16,24.0,False
7473,8.0,3.0,3.0,0,100000,2.98,3509,2333,75,4,464,3041,0.004,3.509,230050.04,9.2,24.0,False
7474,8.0,3.0,4.0,0,100000,2.98,1971,1395,49,5,258,1708,0.005,1.971,129218.76,6.46,24.0,False
7475,8.0,3.0,5.0,0,100000,2.98,1202,891,18,5,181,1016,0.005,1.202,78803.12,3.94,24.0,False
7476,8.0,3.0,6.0,0,100000,2.98,767,644,21,3,115,649,0.003,0.767,50284.52,1.51,24.0,False
7477,8.0,3.0,7.0,0,100000,2.98,499,461,22,6,78,415,0.006,0.499,32714.44,1.96,24.0,False
7478,8.0,3.0,8.0,0,100000,2.98,314,400,11,2,56,256,0.002,0.314,20585.84,0.41,24.0,False
7479,8.0,3.0,9.0,0,100000,2.98,219,267,11,1,27,191,0.001,0.219,14357.64,0.14,24.0,False
7480,8.0,4.0,10.0,0,100000,2.98,195,231,6,4,41,150,0.004,0.195,12784.2,0.51,32.0,False
7481,8.0,4.0,11.0,0,100000,2.98,137,194,6,2,26,109,0.002,0.137,8981.72,0.18,32.0,False
7482,8.0,4.0,12.0,0,100000,2.98,74,141,6,1,8,65,0.001,0.074,4851.44,0.05,32.0,False
7483,8.0,4.0,13.0,0,100000,2.98,79,145,3,3,14,62,0.003,0.079,5179.24,0.16,32.0,False
7484,8.0,4.0,14.0,0,100000,2.98,57,110,6,0,14,43,0.0,0.057,3736.92,0.0,32.0,False
7485,8.0,4.0,15.0,0,100000,2.98,47,101,2,1,8,38,0.001,0.047,3081.32,0.03,32.0,False
7486,8.0,4.0,16.0,0,100000,2.98,21,90,2,1,6,14,0.001,0.021,1376.76,0.01,32.0,False
7487,8.0,4.0,17.0,0,100000,2.98,20,67,1,1,4,15,0.001,0.02,1311.2,0.01,32.0,False
7488,8.0,4.0,18.0,0,100000,2.98,18,66,2,0,5,13,0.0,0.018,1180.08,0.0,32.0,False
7489,8.0,4.0,19.0,0,100000,2.98,12,48,0,0,1,11,0.0,0.012,786.72,0.0,32.0,False
7490,8.0,4.0,1.0,0,100000,2.98,17416,10679,284,0,932,16484,0.0,17.416,1141792.96,0.0,32.0,False
7491,8.0,4.0,20.0,0,100000,2.98,9,50,1,0,1,8,0.0,0.009,590.04,0.0,32.0,False
7492,8.0,4.0,2.0,0,100000,2.98,7284,4573,144,3,660,6621,0.003,7.284,477539.04,14.33,32.0,False
7493,8.0,4.0,3.0,0,100000,2.98,3793,2366,71,10,514,3269,0.01,3.793,248669.08,24.87,32.0,False
7494,8.0,4.0,4.0,0,100000,2.98,2044,1421,48,7,342,1695,0.007,2.044,134004.64,9.38,32.0,False
7495,8.0,4.0,5.0,0,100000,2.98,1332,905,22,10,237,1085,0.01,1.332,87325.92,8.73,32.0,False
7496,8.0,4.0,6.0,0,100000,2.98,803,600,20,12,152,639,0.012,0.803,52644.68,6.32,32.0,False
7497,8.0,4.0,7.0,0,100000,2.98,535,461,14,10,122,403,0.01,0.535,35074.6,3.51,32.0,False
7498,8.0,4.0,8.0,0,100000,2.98,336,362,11,5,78,253,0.005,0.336,22028.16,1.1,32.0,False
7499,8.0,4.0,9.0,0,100000,2.98,312,286,10,9,65,238,0.009,0.312,20454.72,1.84,32.0,False
7500,8.0,5.0,10.0,0,100000,2.98,204,228,8,12,45,147,0.012,0.204,13374.24,1.6,40.0,False
7501,8.0,5.0,11.0,0,100000,2.98,134,207,2,5,30,99,0.005,0.134,8785.04,0.44,40.0,False
7502,8.0,5.0,12.0,0,100000,2.98,114,150,2,6,22,86,0.006,0.114,7473.84,0.45,40.0,False
7503,8.0,5.0,13.0,0,100000,2.98,62,128,2,1,15,46,0.001,0.062,4064.72,0.04,40.0,False
7504,8.0,5.0,14.0,0,100000,2.98,41,113,3,4,10,27,0.004,0.041,2687.96,0.11,40.0,False
7505,8.0,5.0,15.0,0,100000,2.98,40,88,3,3,4,33,0.003,0.04,2622.4,0.08,40.0,False
7506,8.0,5.0,16.0,0,100000,2.98,23,83,1,3,3,17,0.003,0.023,1507.88,0.05,40.0,False
7507,8.0,5.0,17.0,0,100000,2.98,22,73,1,2,6,14,0.002,0.022,1442.32,0.03,40.0,False
7508,8.0,5.0,18.0,0,100000,2.98,16,68,0,0,7,9,0.0,0.016,1048.96,0.0,40.0,False
7509,8.0,5.0,19.0,0,100000,2.98,11,62,1,0,3,8,0.0,0.011,721.16,0.0,40.0,False
7510,8.0,5.0,1.0,0,100000,2.98,17448,10444,292,0,948,16500,0.0,17.448,1143890.88,0.0,40.0,False
7511,8.0,5.0,20.0,0,100000,2.98,11,44,1,0,0,11,0.0,0.011,721.16,0.0,40.0,False
7512,8.0,5.0,2.0,0,100000,2.98,7301,4553,135,3,700,6598,0.003,7.301,478653.56,14.36,40.0,False
7513,8.0,5.0,3.0,0,100000,2.98,3644,2316,81,5,511,3128,0.005,3.644,238900.64,11.95,40.0,False
7514,8.0,5.0,4.0,0,100000,2.98,2158,1414,46,16,363,1779,0.016,2.158,141478.48,22.64,40.0,False
7515,8.0,5.0,5.0,0,100000,2.98,1341,927,33,13,277,1051,0.013,1.341,87915.96,11.43,40.0,False
7516,8.0,5.0,6.0,0,100000,2.98,905,638,17,15,215,675,0.015,0.905,59331.8,8.9,40.0,False
7517,8.0,5.0,7.0,0,100000,2.98,616,474,9,18,139,459,0.018,0.616,40384.96,7.27,40.0,False
7518,8.0,5.0,8.0,0,100000,2.98,403,382,10,13,115,275,0.013,0.403,26420.68,3.43,40.0,False
7519,8.0,5.0,9.0,0,100000,2.98,318,289,7,10,81,227,0.01,0.318,20848.08,2.08,40.0,False
7520,8.0,6.0,10.0,0,100000,2.98,220,260,9,11,59,150,0.011,0.22,14423.2,1.59,48.0,False
7521,8.0,6.0,11.0,0,100000,2.98,148,197,4,7,34,107,0.007,0.148,9702.88,0.68,48.0,False
7522,8.0,6.0,12.0,0,100000,2.98,122,168,2,3,35,84,0.003,0.122,7998.32,0.24,48.0,False
7523,8.0,6.0,13.0,0,100000,2.98,93,131,5,7,22,64,0.007,0.093,6097.08,0.43,48.0,False
7524,8.0,6.0,14.0,0,100000,2.98,62,108,1,2,17,43,0.002,0.062,4064.72,0.08,48.0,False
7525,8.0,6.0,15.0,0,100000,2.98,59,89,1,4,16,39,0.004,0.059,3868.04,0.15,48.0,False
7526,8.0,6.0,16.0,0,100000,2.98,38,86,4,1,8,29,0.001,0.038,2491.28,0.02,48.0,False
7527,8.0,6.0,17.0,0,100000,2.98,22,80,2,0,6,16,0.0,0.022,1442.32,0.0,48.0,False
7528,8.0,6.0,18.0,0,100000,2.98,20,79,4,0,6,14,0.0,0.02,1311.2,0.0,48.0,False
7529,8.0,6.0,19.0,0,100000,2.98,20,55,0,0,7,13,0.0,0.02,1311.2,0.0,48.0,False
7530,8.0,6.0,1.0,0,100000,2.98,17225,10678,281,0,890,16335,0.0,17.225,1129271.0,0.0,48.0,False
7531,8.0,6.0,20.0,0,100000,2.98,7,50,0,0,1,6,0.0,0.007,458.92,0.0,48.0,False
7532,8.0,6.0,2.0,0,100000,2.98,7379,4579,162,3,693,6683,0.003,7.379,483767.24,14.51,48.0,False
7533,8.0,6.0,3.0,0,100000,2.98,3771,2390,89,10,551,3210,0.01,3.771,247226.76,24.72,48.0,False
7534,8.0,6.0,4.0,0,100000,2.98,2230,1430,34,29,404,1797,0.029,2.23,146198.8,42.4,48.0,False
7535,8.0,6.0,5.0,0,100000,2.98,1432,978,23,18,293,1121,0.018,1.432,93881.92,16.9,48.0,False
7536,8.0,6.0,6.0,0,100000,2.98,909,689,23,16,226,667,0.016,0.909,59594.04,9.54,48.0,False
7537,8.0,6.0,7.0,0,100000,2.98,624,488,11,27,156,441,0.027,0.624,40909.44,11.05,48.0,False
7538,8.0,6.0,8.0,0,100000,2.98,426,379,15,18,118,290,0.018,0.426,27928.56,5.03,48.0,False
7539,8.0,6.0,9.0,0,100000,2.98,320,303,11,11,77,232,0.011,0.32,20979.2,2.31,48.0,False
7540,8.0,7.0,10.0,0,100000,2.98,235,245,12,7,66,162,0.007,0.235,15406.6,1.08,56.0,False
7541,8.0,7.0,11.0,0,100000,2.98,194,218,5,15,67,112,0.015,0.194,12718.64,1.91,56.0,False
7542,8.0,7.0,12.0,0,100000,2.98,127,171,5,8,39,80,0.008,0.127,8326.12,0.67,56.0,False
7543,8.0,7.0,13.0,0,100000,2.98,107,130,3,6,33,68,0.006,0.107,7014.92,0.42,56.0,False
7544,8.0,7.0,14.0,0,100000,2.98,91,148,4,8,27,56,0.008,0.091,5965.96,0.48,56.0,False
7545,8.0,7.0,15.0,0,100000,2.98,59,121,2,3,19,37,0.003,0.059,3868.04,0.12,56.0,False
7546,8.0,7.0,16.0,0,100000,2.98,54,96,2,3,13,38,0.003,0.054,3540.24,0.11,56.0,False
7547,8.0,7.0,17.0,0,100000,2.98,43,78,1,2,9,32,0.002,0.043,2819.08,0.06,56.0,False
7548,8.0,7.0,18.0,0,100000,2.98,20,69,0,3,4,13,0.003,0.02,1311.2,0.04,56.0,False
7549,8.0,7.0,19.0,0,100000,2.98,23,72,1,2,7,14,0.002,0.023,1507.88,0.03,56.0,False
7550,8.0,7.0,1.0,0,100000,2.98,17402,10638,338,1,837,16564,0.001,17.402,1140875.12,11.41,56.0,False
7551,8.0,7.0,20.0,0,100000,2.98,12,43,2,1,3,8,0.001,0.012,786.72,0.01,56.0,False
7552,8.0,7.0,2.0,0,100000,2.98,7376,4396,158,6,715,6655,0.006,7.376,483570.56,29.01,56.0,False
7553,8.0,7.0,3.0,0,100000,2.98,3688,2291,70,10,522,3156,0.01,3.688,241785.28,24.18,56.0,False
7554,8.0,7.0,4.0,0,100000,2.98,2190,1498,60,29,381,1780,0.029,2.19,143576.4,41.64,56.0,False
7555,8.0,7.0,5.0,0,100000,2.98,1358,1018,25,27,305,1026,0.027,1.358,89030.48,24.04,56.0,False
7556,8.0,7.0,6.0,0,100000,2.98,978,671,13,24,259,695,0.024,0.978,64117.68,15.39,56.0,False
7557,8.0,7.0,7.0,0,100000,2.98,694,488,16,19,176,499,0.019,0.694,45498.64,8.64,56.0,False
7558,8.0,7.0,8.0,0,100000,2.98,473,392,14,20,137,316,0.02,0.473,31009.88,6.2,56.0,False
7559,8.0,7.0,9.0,0,100000,2.98,313,303,7,15,91,207,0.015,0.313,20520.28,3.08,56.0,False
7560,8.0,8.0,10.0,0,100000,2.98,277,264,5,18,84,175,0.018,0.277,18160.12,3.27,64.0,True
7561,8.0,8.0,11.0,0,100000,2.98,196,181,4,17,69,110,0.017,0.196,12849.76,2.18,64.0,True
7562,8.0,8.0,12.0,0,100000,2.98,151,171,2,8,48,95,0.008,0.151,9899.56,0.79,64.0,True
7563,8.0,8.0,13.0,0,100000,2.98,106,132,5,15,32,59,0.015,0.106,6949.36,1.04,64.0,True
7564,8.0,8.0,14.0,0,100000,2.98,73,118,4,3,19,51,0.003,0.073,4785.88,0.14,64.0,True
7565,8.0,8.0,15.0,0,100000,2.98,52,101,1,7,16,29,0.007,0.052,3409.12,0.24,64.0,True
7566,8.0,8.0,16.0,0,100000,2.98,38,99,5,5,10,23,0.005,0.038,2491.28,0.12,64.0,True
7567,8.0,8.0,17.0,0,100000,2.98,37,75,1,3,8,26,0.003,0.037,2425.72,0.07,64.0,True
7568,8.0,8.0,18.0,0,100000,2.98,31,73,1,1,14,16,0.001,0.031,2032.36,0.02,64.0,True
7569,8.0,8.0,19.0,0,100000,2.98,23,57,2,1,8,14,0.001,0.023,1507.88,0.02,64.0,True
7570,8.0,8.0,1.0,0,100000,2.98,17541,10673,288,0,874,16667,0.0,17.541,1149987.96,0.0,64.0,True
7571,8.0,8.0,20.0,0,100000,2.98,16,65,0,1,6,9,0.001,0.016,1048.96,0.01,64.0,True
7572,8.0,8.0,2.0,0,100000,2.98,7333,4608,154,13,750,6570,0.013,7.333,480751.48,62.5,64.0,True
7573,8.0,8.0,3.0,0,100000,2.98,3762,2471,77,13,553,3196,0.013,3.762,246636.72,32.06,64.0,True
7574,8.0,8.0,4.0,0,100000,2.98,2204,1408,45,18,408,1778,0.018,2.204,144494.24,26.01,64.0,True
7575,8.0,8.0,5.0,0,100000,2.98,1499,956,23,30,328,1141,0.03,1.499,98274.44,29.48,64.0,True
7576,8.0,8.0,6.0,0,100000,2.98,964,637,18,27,255,682,0.027,0.964,63199.84,17.06,64.0,True
7577,8.0,8.0,7.0,0,100000,2.98,707,508,16,26,189,492,0.026,0.707,46350.92,12.05,64.0,True
7578,8.0,8.0,8.0,0,100000,2.98,511,396,6,28,137,346,0.028,0.511,33501.16,9.38,64.0,True
7579,8.0,8.0,9.0,0,100000,2.98,379,310,4,26,110,243,0.026,0.379,24847.24,6.46,64.0,True
7580,8.0,9.0,10.0,0,100000,2.98,253,232,8,20,77,156,0.02,0.253,16586.68,3.32,72.0,False
7581,8.0,9.0,11.0,0,100000,2.98,206,174,5,15,75,116,0.015,0.206,13505.36,2.03,72.0,False
7582,8.0,9.0,12.0,0,100000,2.98,148,209,7,13,47,88,0.013,0.148,9702.88,1.26,72.0,False
7583,8.0,9.0,13.0,0,100000,2.98,117,162,5,11,47,59,0.011,0.117,7670.52,0.84,72.0,False
7584,8.0,9.0,14.0,0,100000,2.98,87,139,3,7,34,46,0.007,0.087,5703.72,0.4,72.0,False
7585,8.0,9.0,15.0,0,100000,2.98,62,117,2,10,15,37,0.01,0.062,4064.72,0.41,72.0,False
7586,8.0,9.0,16.0,0,100000,2.98,33,77,2,4,6,23,0.004,0.033,2163.48,0.09,72.0,False
7587,8.0,9.0,17.0,0,100000,2.98,21,72,2,1,8,12,0.001,0.021,1376.76,0.01,72.0,False
7588,8.0,9.0,18.0,0,100000,2.98,31,83,4,3,14,14,0.003,0.031,2032.36,0.06,72.0,False
7589,8.0,9.0,19.0,0,100000,2.98,24,63,1,4,7,13,0.004,0.024,1573.44,0.06,72.0,False
7590,8.0,9.0,1.0,0,100000,2.98,17375,10360,322,1,927,16447,0.001,17.375,1139105.0,11.39,72.0,False
7591,8.0,9.0,20.0,0,100000,2.98,17,43,2,2,1,14,0.002,0.017,1114.52,0.02,72.0,False
7592,8.0,9.0,2.0,0,100000,2.98,7203,4492,155,6,735,6462,0.006,7.203,472228.68,28.33,72.0,False
7593,8.0,9.0,3.0,0,100000,2.98,3726,2367,72,18,575,3133,0.018,3.726,244276.56,43.97,72.0,False
7594,8.0,9.0,4.0,0,100000,2.98,2253,1506,55,22,421,1810,0.022,2.253,147706.68,32.5,72.0,False
7595,8.0,9.0,5.0,0,100000,2.98,1513,997,32,39,349,1125,0.039,1.513,99192.28,38.68,72.0,False
7596,8.0,9.0,6.0,0,100000,2.98,947,688,23,22,241,684,0.022,0.947,62085.32,13.66,72.0,False
7597,8.0,9.0,7.0,0,100000,2.98,650,526,15,30,214,406,0.03,0.65,42614.0,12.78,72.0,False
7598,8.0,9.0,8.0,0,100000,2.98,505,385,13,25,153,327,0.025,0.505,33107.8,8.28,72.0,False
7599,8.0,9.0,9.0,0,100000,2.98,390,305,11,29,110,251,0.029,0.39,25568.4,7.41,72.0,False
7600,9.0,10.0,10.0,0,100000,2.98,269,227,4,23,79,167,0.023,0.269,17635.64,4.06,90.0,False
7601,9.0,10.0,11.0,0,100000,2.98,190,219,3,19,71,100,0.019,0.19,12456.4,2.37,90.0,False
7602,9.0,10.0,12.0,0,100000,2.98,171,175,12,15,50,106,0.015,0.171,11210.76,1.68,90.0,False
7603,9.0,10.0,13.0,0,100000,2.98,124,162,3,13,48,63,0.013,0.124,8129.44,1.06,90.0,False
7604,9.0,10.0,14.0,0,100000,2.98,111,108,1,14,38,59,0.014,0.111,7277.16,1.02,90.0,False
7605,9.0,10.0,15.0,0,100000,2.98,71,113,2,12,21,38,0.012,0.071,4654.76,0.56,90.0,False
7606,9.0,10.0,16.0,0,100000,2.98,52,106,1,7,22,23,0.007,0.052,3409.12,0.24,90.0,False
7607,9.0,10.0,17.0,0,100000,2.98,40,76,2,2,12,26,0.002,0.04,2622.4,0.05,90.0,False
7608,9.0,10.0,18.0,0,100000,2.98,35,88,2,3,13,19,0.003,0.035,2294.6,0.07,90.0,False
7609,9.0,10.0,19.0,0,100000,2.98,33,82,2,5,9,19,0.005,0.033,2163.48,0.11,90.0,False
7610,9.0,10.0,1.0,0,100000,2.98,17597,10710,281,2,899,16696,0.002,17.597,1153659.32,23.07,90.0,False
7611,9.0,10.0,20.0,0,100000,2.98,17,59,0,1,7,9,0.001,0.017,1114.52,0.01,90.0,False
7612,9.0,10.0,2.0,0,100000,2.98,7391,4560,149,5,758,6628,0.005,7.391,484553.96,24.23,90.0,False
7613,9.0,10.0,3.0,0,100000,2.98,3750,2369,94,9,553,3188,0.009,3.75,245850.0,22.13,90.0,False
7614,9.0,10.0,4.0,0,100000,2.98,2160,1453,44,18,440,1702,0.018,2.16,141609.6,25.49,90.0,False
7615,9.0,10.0,5.0,0,100000,2.98,1473,931,36,34,332,1107,0.034,1.473,96569.88,32.83,90.0,False
7616,9.0,10.0,6.0,0,100000,2.98,1019,724,23,36,294,689,0.036,1.019,66805.64,24.05,90.0,False
7617,9.0,10.0,7.0,0,100000,2.98,751,520,16,36,221,494,0.036,0.751,49235.56,17.72,90.0,False
7618,9.0,10.0,8.0,0,100000,2.98,541,360,5,33,183,325,0.033,0.541,35467.96,11.7,90.0,False
7619,9.0,10.0,9.0,0,100000,2.98,415,319,12,22,140,253,0.022,0.415,27207.4,5.99,90.0,False
7620,9.0,11.0,10.0,0,100000,2.98,278,256,2,23,96,159,0.023,0.278,18225.68,4.19,99.0,False
7621,9.0,11.0,11.0,0,100000,2.98,248,211,3,23,83,142,0.023,0.248,16258.88,3.74,99.0,False
7622,9.0,11.0,12.0,0,100000,2.98,166,186,3,10,56,100,0.01,0.166,10882.96,1.09,99.0,False
7623,9.0,11.0,13.0,0,100000,2.98,110,141,3,13,36,61,0.013,0.11,7211.6,0.94,99.0,False
7624,9.0,11.0,14.0,0,100000,2.98,91,123,1,15,29,47,0.015,0.091,5965.96,0.89,99.0,False
7625,9.0,11.0,15.0,0,100000,2.98,77,103,1,11,20,46,0.011,0.077,5048.12,0.56,99.0,False
7626,9.0,11.0,16.0,0,100000,2.98,52,89,3,10,15,27,0.01,0.052,3409.12,0.34,99.0,False
7627,9.0,11.0,17.0,0,100000,2.98,45,87,4,5,20,20,0.005,0.045,2950.2,0.15,99.0,False
7628,9.0,11.0,18.0,0,100000,2.98,29,82,3,1,12,16,0.001,0.029,1901.24,0.02,99.0,False
7629,9.0,11.0,19.0,0,100000,2.98,26,70,1,2,11,13,0.002,0.026,1704.56,0.03,99.0,False
7630,9.0,11.0,1.0,0,100000,2.98,17593,10718,324,2,948,16643,0.002,17.593,1153397.08,23.07,99.0,False
7631,9.0,11.0,20.0,0,100000,2.98,20,68,3,1,8,11,0.001,0.02,1311.2,0.01,99.0,False
7632,9.0,11.0,2.0,0,100000,2.98,7365,4613,153,12,716,6637,0.012,7.365,482849.4,57.94,99.0,False
7633,9.0,11.0,3.0,0,100000,2.98,3784,2405,95,23,550,3211,0.023,3.784,248079.04,57.06,99.0,False
7634,9.0,11.0,4.0,0,100000,2.98,2298,1439,46,23,467,1808,0.023,2.298,150656.88,34.65,99.0,False
7635,9.0,11.0,5.0,0,100000,2.98,1431,1004,30,23,353,1055,0.023,1.431,93816.36,21.58,99.0,False
7636,9.0,11.0,6.0,0,100000,2.98,1029,652,16,45,282,702,0.045,1.029,67461.24,30.36,99.0,False
7637,9.0,11.0,7.0,0,100000,2.98,690,525,13,32,205,453,0.032,0.69,45236.4,14.48,99.0,False
7638,9.0,11.0,8.0,0,100000,2.98,543,396,8,43,192,308,0.043,0.543,35599.08,15.31,99.0,False
7639,9.0,11.0,9.0,0,100000,2.98,381,315,8,33,122,226,0.033,0.381,24978.36,8.24,99.0,False
7640,9.0,12.0,10.0,0,100000,2.98,299,262,4,22,95,182,0.022,0.299,19602.44,4.31,108.0,False
7641,9.0,12.0,11.0,0,100000,2.98,217,231,5,24,72,121,0.024,0.217,14226.52,3.41,108.0,False
7642,9.0,12.0,12.0,0,100000,2.98,162,177,5,16,50,96,0.016,0.162,10620.72,1.7,108.0,False
7643,9.0,12.0,13.0,0,100000,2.98,145,144,3,22,41,82,0.022,0.145,9506.2,2.09,108.0,False
7644,9.0,12.0,14.0,0,100000,2.98,103,122,1,16,26,61,0.016,0.103,6752.68,1.08,108.0,False
7645,9.0,12.0,15.0,0,100000,2.98,81,125,5,7,33,41,0.007,0.081,5310.36,0.37,108.0,False
7646,9.0,12.0,16.0,0,100000,2.98,57,90,4,5,21,31,0.005,0.057,3736.92,0.19,108.0,False
7647,9.0,12.0,17.0,0,100000,2.98,55,77,2,9,24,22,0.009,0.055,3605.8,0.32,108.0,False
7648,9.0,12.0,18.0,0,100000,2.98,40,86,2,6,17,17,0.006,0.04,2622.4,0.16,108.0,False
7649,9.0,12.0,19.0,0,100000,2.98,26,57,2,4,7,15,0.004,0.026,1704.56,0.07,108.0,False
7650,9.0,12.0,1.0,0,100000,2.98,17405,10566,292,1,844,16560,0.001,17.405,1141071.8,11.41,108.0,False
7651,9.0,12.0,20.0,0,100000,2.98,27,45,1,6,7,14,0.006,0.027,1770.12,0.11,108.0,False
7652,9.0,12.0,2.0,0,100000,2.98,7195,4515,162,6,716,6473,0.006,7.195,471704.2,28.3,108.0,False
7653,9.0,12.0,3.0,0,100000,2.98,3748,2341,67,14,536,3198,0.014,3.748,245718.88,34.4,108.0,False
7654,9.0,12.0,4.0,0,100000,2.98,2120,1373,42,33,421,1666,0.033,2.12,138987.2,45.87,108.0,False
7655,9.0,12.0,5.0,0,100000,2.98,1380,957,26,35,336,1009,0.035,1.38,90472.8,31.67,108.0,False
7656,9.0,12.0,6.0,0,100000,2.98,1042,696,24,52,293,697,0.052,1.042,68313.52,35.52,108.0,False
7657,9.0,12.0,7.0,0,100000,2.98,723,483,12,27,204,492,0.027,0.723,47399.88,12.8,108.0,False
7658,9.0,12.0,8.0,0,100000,2.98,568,380,8,39,179,350,0.039,0.568,37238.08,14.52,108.0,False
7659,9.0,12.0,9.0,0,100000,2.98,383,331,7,34,127,222,0.034,0.383,25109.48,8.54,108.0,False
7660,9.0,13.0,10.0,0,100000,2.98,285,253,7,17,97,171,0.017,0.285,18684.6,3.18,117.0,False
7661,9.0,13.0,11.0,0,100000,2.98,227,204,4,32,70,125,0.032,0.227,14882.12,4.76,117.0,False
7662,9.0,13.0,12.0,0,100000,2.98,170,194,2,21,68,81,0.021,0.17,11145.2,2.34,117.0,False
7663,9.0,13.0,13.0,0,100000,2.98,133,112,6,17,51,65,0.017,0.133,8719.48,1.48,117.0,False
7664,9.0,13.0,14.0,0,100000,2.98,95,130,3,15,35,45,0.015,0.095,6228.2,0.93,117.0,False
7665,9.0,13.0,15.0,0,100000,2.98,65,116,3,13,21,31,0.013,0.065,4261.4,0.55,117.0,False
7666,9.0,13.0,16.0,0,100000,2.98,72,100,0,8,23,41,0.008,0.072,4720.32,0.38,117.0,False
7667,9.0,13.0,17.0,0,100000,2.98,48,90,2,9,18,21,0.009,0.048,3146.88,0.28,117.0,False
7668,9.0,13.0,18.0,0,100000,2.98,33,79,1,3,15,15,0.003,0.033,2163.48,0.06,117.0,False
7669,9.0,13.0,19.0,0,100000,2.98,20,64,2,3,8,9,0.003,0.02,1311.2,0.04,117.0,False
7670,9.0,13.0,1.0,0,100000,2.98,17418,10768,289,0,906,16512,0.0,17.418,1141924.08,0.0,117.0,False
7671,9.0,13.0,20.0,0,100000,2.98,19,45,3,5,7,7,0.005,0.019,1245.64,0.06,117.0,False
7672,9.0,13.0,2.0,0,100000,2.98,7195,4462,155,3,733,6459,0.003,7.195,471704.2,14.15,117.0,False
7673,9.0,13.0,3.0,0,100000,2.98,3864,2398,75,13,586,3265,0.013,3.864,253323.84,32.93,117.0,False
7674,9.0,13.0,4.0,0,100000,2.98,2146,1411,46,25,397,1724,0.025,2.146,140691.76,35.17,117.0,False
7675,9.0,13.0,5.0,0,100000,2.98,1443,909,16,34,394,1015,0.034,1.443,94603.08,32.17,117.0,False
7676,9.0,13.0,6.0,0,100000,2.98,1005,696,15,34,263,708,0.034,1.005,65887.8,22.4,117.0,False
7677,9.0,13.0,7.0,0,100000,2.98,717,503,14,34,210,473,0.034,0.717,47006.52,15.98,117.0,False
7678,9.0,13.0,8.0,0,100000,2.98,526,378,13,44,163,319,0.044,0.526,34484.56,15.17,117.0,False
7679,9.0,13.0,9.0,0,100000,2.98,414,322,12,31,146,237,0.031,0.414,27141.84,8.41,117.0,False
7680,9.0,14.0,10.0,0,100000,2.98,288,268,6,28,102,158,0.028,0.288,18881.28,5.29,126.0,False
7681,9.0,14.0,11.0,0,100000,2.98,200,215,10,19,63,118,0.019,0.2,13112.0,2.49,126.0,False
7682,9.0,14.0,12.0,0,100000,2.98,191,183,4,23,65,103,0.023,0.191,12521.96,2.88,126.0,False
7683,9.0,14.0,13.0,0,100000,2.98,144,143,5,17,48,79,0.017,0.144,9440.64,1.6,126.0,False
7684,9.0,14.0,14.0,0,100000,2.98,85,120,3,15,33,37,0.015,0.085,5572.6,0.84,126.0,False
7685,9.0,14.0,15.0,0,100000,2.98,81,104,4,19,28,34,0.019,0.081,5310.36,1.01,126.0,False
7686,9.0,14.0,16.0,0,100000,2.98,57,102,2,5,26,26,0.005,0.057,3736.92,0.19,126.0,False
7687,9.0,14.0,17.0,0,100000,2.98,46,89,1,4,16,26,0.004,0.046,3015.76,0.12,126.0,False
7688,9.0,14.0,18.0,0,100000,2.98,32,73,1,6,12,14,0.006,0.032,2097.92,0.13,126.0,False
7689,9.0,14.0,19.0,0,100000,2.98,25,61,2,2,13,10,0.002,0.025,1639.0,0.03,126.0,False
7690,9.0,14.0,1.0,0,100000,2.98,17558,10449,292,1,904,16653,0.001,17.558,1151102.48,11.51,126.0,False
7691,9.0,14.0,20.0,0,100000,2.98,25,54,1,8,3,14,0.008,0.025,1639.0,0.13,126.0,False
7692,9.0,14.0,2.0,0,100000,2.98,7251,4614,157,7,697,6547,0.007,7.251,475375.56,33.28,126.0,False
7693,9.0,14.0,3.0,0,100000,2.98,3701,2381,71,30,515,3156,0.03,3.701,242637.56,72.79,126.0,False
7694,9.0,14.0,4.0,0,100000,2.98,2254,1458,42,25,489,1740,0.025,2.254,147772.24,36.94,126.0,False
7695,9.0,14.0,5.0,0,100000,2.98,1425,936,26,36,321,1068,0.036,1.425,93423.0,33.63,126.0,False
7696,9.0,14.0,6.0,0,100000,2.98,972,671,18,32,283,657,0.032,0.972,63724.32,20.39,126.0,False
7697,9.0,14.0,7.0,0,100000,2.98,708,505,20,43,197,468,0.043,0.708,46416.48,19.96,126.0,False
7698,9.0,14.0,8.0,0,100000,2.98,529,436,8,32,179,318,0.032,0.529,34681.24,11.1,126.0,False
7699,9.0,14.0,9.0,0,100000,2.98,407,263,6,32,129,246,0.032,0.407,26682.92,8.54,126.0,False
7700,9.0,15.0,10.0,0,100000,2.98,274,232,2,24,92,158,0.024,0.274,17963.44,4.31,135.0,False
7701,9.0,15.0,11.0,0,100000,2.98,221,206,4,17,85,119,0.017,0.221,14488.76,2.46,135.0,False
7702,9.0,15.0,12.0,0,100000,2.98,181,202,4,22,57,102,0.022,0.181,11866.36,2.61,135.0,False
7703,9.0,15.0,13.0,0,100000,2.98,163,140,3,20,59,84,0.02,0.163,10686.28,2.14,135.0,False
7704,9.0,15.0,14.0,0,100000,2.98,87,133,4,15,29,43,0.015,0.087,5703.72,0.86,135.0,False
7705,9.0,15.0,15.0,0,100000,2.98,80,114,1,15,29,36,0.015,0.08,5244.8,0.79,135.0,False
7706,9.0,15.0,16.0,0,100000,2.98,64,115,5,7,26,31,0.007,0.064,4195.84,0.29,135.0,False
7707,9.0,15.0,17.0,0,100000,2.98,56,90,1,10,20,26,0.01,0.056,3671.36,0.37,135.0,False
7708,9.0,15.0,18.0,0,100000,2.98,38,89,3,8,10,20,0.008,0.038,2491.28,0.2,135.0,False
7709,9.0,15.0,19.0,0,100000,2.98,31,58,1,5,9,17,0.005,0.031,2032.36,0.1,135.0,False
7710,9.0,15.0,1.0,0,100000,2.98,17328,10589,293,0,935,16393,0.0,17.328,1136023.68,0.0,135.0,False
7711,9.0,15.0,20.0,0,100000,2.98,17,61,4,3,6,8,0.003,0.017,1114.52,0.03,135.0,False
7712,9.0,15.0,2.0,0,100000,2.98,7407,4555,152,9,704,6694,0.009,7.407,485602.92,43.7,135.0,False
7713,9.0,15.0,3.0,0,100000,2.98,3779,2356,60,16,562,3201,0.016,3.779,247751.24,39.64,135.0,False
7714,9.0,15.0,4.0,0,100000,2.98,2218,1492,42,27,444,1747,0.027,2.218,145412.08,39.26,135.0,False
7715,9.0,15.0,5.0,0,100000,2.98,1472,948,28,39,337,1096,0.039,1.472,96504.32,37.64,135.0,False
7716,9.0,15.0,6.0,0,100000,2.98,934,678,21,35,262,637,0.035,0.934,61233.04,21.43,135.0,False
7717,9.0,15.0,7.0,0,100000,2.98,677,496,17,39,204,434,0.039,0.677,44384.12,17.31,135.0,False
7718,9.0,15.0,8.0,0,100000,2.98,523,445,14,38,171,314,0.038,0.523,34287.88,13.03,135.0,False
7719,9.0,15.0,9.0,0,100000,2.98,395,287,3,41,142,212,0.041,0.395,25896.2,10.62,135.0,False
7720,9.0,16.0,10.0,0,100000,2.98,308,258,13,27,105,176,0.027,0.308,20192.48,5.45,144.0,False
7721,9.0,16.0,11.0,0,100000,2.98,235,204,7,26,82,127,0.026,0.235,15406.6,4.01,144.0,False
7722,9.0,16.0,12.0,0,100000,2.98,165,187,6,21,54,90,0.021,0.165,10817.4,2.27,144.0,False
7723,9.0,16.0,13.0,0,100000,2.98,137,140,2,14,59,64,0.014,0.137,8981.72,1.26,144.0,False
7724,9.0,16.0,14.0,0,100000,2.98,104,163,5,16,38,50,0.016,0.104,6818.24,1.09,144.0,False
7725,9.0,16.0,15.0,0,100000,2.98,98,103,3,16,35,47,0.016,0.098,6424.88,1.03,144.0,False
7726,9.0,16.0,16.0,0,100000,2.98,72,95,3,10,25,37,0.01,0.072,4720.32,0.47,144.0,False
7727,9.0,16.0,17.0,0,100000,2.98,46,86,0,7,22,17,0.007,0.046,3015.76,0.21,144.0,False
7728,9.0,16.0,18.0,0,100000,2.98,42,72,0,7,16,19,0.007,0.042,2753.52,0.19,144.0,False
7729,9.0,16.0,19.0,0,100000,2.98,23,67,3,3,9,11,0.003,0.023,1507.88,0.05,144.0,False
7730,9.0,16.0,1.0,0,100000,2.98,17413,10644,331,2,890,16521,0.002,17.413,1141596.28,22.83,144.0,False
7731,9.0,16.0,20.0,0,100000,2.98,25,67,0,3,14,8,0.003,0.025,1639.0,0.05,144.0,False
7732,9.0,16.0,2.0,0,100000,2.98,7240,4567,158,6,706,6528,0.006,7.24,474654.4,28.48,144.0,False
7733,9.0,16.0,3.0,0,100000,2.98,3714,2485,85,16,541,3157,0.016,3.714,243489.84,38.96,144.0,False
7734,9.0,16.0,4.0,0,100000,2.98,2191,1429,37,29,405,1757,0.029,2.191,143641.96,41.66,144.0,False
7735,9.0,16.0,5.0,0,100000,2.98,1458,919,43,45,352,1061,0.045,1.458,95586.48,43.01,144.0,False
7736,9.0,16.0,6.0,0,100000,2.98,961,686,22,40,260,661,0.04,0.961,63003.16,25.2,144.0,False
7737,9.0,16.0,7.0,0,100000,2.98,735,522,16,45,221,469,0.045,0.735,48186.6,21.68,144.0,False
7738,9.0,16.0,8.0,0,100000,2.98,545,410,9,49,163,333,0.049,0.545,35730.2,17.51,144.0,False
7739,9.0,16.0,9.0,0,100000,2.98,396,323,10,35,133,228,0.035,0.396,25961.76,9.09,144.0,False
7740,9.0,17.0,10.0,0,100000,2.98,293,264,10,25,89,179,0.025,0.293,19209.08,4.8,153.0,False
7741,9.0,17.0,11.0,0,100000,2.98,215,229,7,30,79,106,0.03,0.215,14095.4,4.23,153.0,False
7742,9.0,17.0,12.0,0,100000,2.98,164,191,3,15,65,84,0.015,0.164,10751.84,1.61,153.0,False
7743,9.0,17.0,13.0,0,100000,2.98,148,174,4,18,47,83,0.018,0.148,9702.88,1.75,153.0,False
7744,9.0,17.0,14.0,0,100000,2.98,101,126,4,14,30,57,0.014,0.101,6621.56,0.93,153.0,False
7745,9.0,17.0,15.0,0,100000,2.98,90,97,6,17,26,47,0.017,0.09,5900.4,1.0,153.0,False
7746,9.0,17.0,16.0,0,100000,2.98,71,98,4,9,24,38,0.009,0.071,4654.76,0.42,153.0,False
7747,9.0,17.0,17.0,0,100000,2.98,49,77,1,9,20,20,0.009,0.049,3212.44,0.29,153.0,False
7748,9.0,17.0,18.0,0,100000,2.98,35,85,2,6,12,17,0.006,0.035,2294.6,0.14,153.0,False
7749,9.0,17.0,19.0,0,100000,2.98,32,54,1,10,15,7,0.01,0.032,2097.92,0.21,153.0,False
7750,9.0,17.0,1.0,0,100000,2.98,17599,10578,316,2,854,16743,0.002,17.599,1153790.44,23.08,153.0,False
7751,9.0,17.0,20.0,0,100000,2.98,16,61,1,3,6,7,0.003,0.016,1048.96,0.03,153.0,False
7752,9.0,17.0,2.0,0,100000,2.98,7181,4568,152,3,689,6489,0.003,7.181,470786.36,14.12,153.0,False
7753,9.0,17.0,3.0,0,100000,2.98,3835,2345,73,13,599,3223,0.013,3.835,251422.6,32.68,153.0,False
7754,9.0,17.0,4.0,0,100000,2.98,2190,1383,52,27,441,1722,0.027,2.19,143576.4,38.77,153.0,False
7755,9.0,17.0,5.0,0,100000,2.98,1563,982,19,39,415,1109,0.039,1.563,102470.28,39.96,153.0,False
7756,9.0,17.0,6.0,0,100000,2.98,994,613,22,35,283,676,0.035,0.994,65166.64,22.81,153.0,False
7757,9.0,17.0,7.0,0,100000,2.98,741,502,18,44,234,463,0.044,0.741,48579.96,21.38,153.0,False
7758,9.0,17.0,8.0,0,100000,2.98,470,426,19,29,156,285,0.029,0.47,30813.2,8.94,153.0,False
7759,9.0,17.0,9.0,0,100000,2.98,419,293,7,43,137,239,0.043,0.419,27469.64,11.81,153.0,False
7760,9.0,18.0,10.0,0,100000,2.98,322,230,9,29,119,174,0.029,0.322,21110.32,6.12,162.0,False
7761,9.0,18.0,11.0,0,100000,2.98,243,218,7,29,79,135,0.029,0.243,15931.08,4.62,162.0,False
7762,9.0,18.0,12.0,0,100000,2.98,182,197,6,29,66,87,0.029,0.182,11931.92,3.46,162.0,False
7763,9.0,18.0,13.0,0,100000,2.98,152,140,3,21,49,82,0.021,0.152,9965.12,2.09,162.0,False
7764,9.0,18.0,14.0,0,100000,2.98,112,124,1,23,41,48,0.023,0.112,7342.72,1.69,162.0,False
7765,9.0,18.0,15.0,0,100000,2.98,83,116,4,13,28,42,0.013,0.083,5441.48,0.71,162.0,False
7766,9.0,18.0,16.0,0,100000,2.98,65,106,4,7,21,37,0.007,0.065,4261.4,0.3,162.0,False
7767,9.0,18.0,17.0,0,100000,2.98,52,95,0,11,20,21,0.011,0.052,3409.12,0.38,162.0,False
7768,9.0,18.0,18.0,0,100000,2.98,38,70,3,10,12,16,0.01,0.038,2491.28,0.25,162.0,False
7769,9.0,18.0,19.0,0,100000,2.98,19,73,2,7,6,6,0.007,0.019,1245.64,0.09,162.0,False
7770,9.0,18.0,1.0,0,100000,2.98,17255,10468,291,0,858,16397,0.0,17.255,1131237.8,0.0,162.0,False
7771,9.0,18.0,20.0,0,100000,2.98,28,66,1,6,7,15,0.006,0.028,1835.68,0.11,162.0,False
7772,9.0,18.0,2.0,0,100000,2.98,7170,4581,162,6,664,6500,0.006,7.17,470065.2,28.2,162.0,False
7773,9.0,18.0,3.0,0,100000,2.98,3646,2352,92,20,530,3096,0.02,3.646,239031.76,47.81,162.0,False
7774,9.0,18.0,4.0,0,100000,2.98,2285,1414,51,21,477,1787,0.021,2.285,149804.6,31.46,162.0,False
7775,9.0,18.0,5.0,0,100000,2.98,1418,930,25,40,350,1028,0.04,1.418,92964.08,37.19,162.0,False
7776,9.0,18.0,6.0,0,100000,2.98,998,771,23,35,256,707,0.035,0.998,65428.88,22.9,162.0,False
7777,9.0,18.0,7.0,0,100000,2.98,726,523,10,42,220,464,0.042,0.726,47596.56,19.99,162.0,False
7778,9.0,18.0,8.0,0,100000,2.98,547,425,12,44,176,327,0.044,0.547,35861.32,15.78,162.0,False
7779,9.0,18.0,9.0,0,100000,2.98,356,321,12,25,123,208,0.025,0.356,23339.36,5.83,162.0,False
7780,9.0,19.0,10.0,0,100000,2.98,281,306,3,29,107,145,0.029,0.281,18422.36,5.34,171.0,False
7781,9.0,19.0,11.0,0,100000,2.98,210,233,6,29,71,110,0.029,0.21,13767.6,3.99,171.0,False
7782,9.0,19.0,12.0,0,100000,2.98,169,192,5,24,62,83,0.024,0.169,11079.64,2.66,171.0,False
7783,9.0,19.0,13.0,0,100000,2.98,114,151,2,13,45,56,0.013,0.114,7473.84,0.97,171.0,False
7784,9.0,19.0,14.0,0,100000,2.98,101,133,2,12,33,56,0.012,0.101,6621.56,0.79,171.0,False
7785,9.0,19.0,15.0,0,100000,2.98,80,120,2,11,31,38,0.011,0.08,5244.8,0.58,171.0,False
7786,9.0,19.0,16.0,0,100000,2.98,58,103,2,12,23,23,0.012,0.058,3802.48,0.46,171.0,False
7787,9.0,19.0,17.0,0,100000,2.98,45,87,1,4,21,20,0.004,0.045,2950.2,0.12,171.0,False
7788,9.0,19.0,18.0,0,100000,2.98,31,83,3,4,12,15,0.004,0.031,2032.36,0.08,171.0,False
7789,9.0,19.0,19.0,0,100000,2.98,36,74,1,4,12,20,0.004,0.036,2360.16,0.09,171.0,False
7790,9.0,19.0,1.0,0,100000,2.98,17567,10577,309,1,942,16624,0.001,17.567,1151692.52,11.52,171.0,False
7791,9.0,19.0,20.0,0,100000,2.98,29,63,2,5,11,13,0.005,0.029,1901.24,0.1,171.0,False
7792,9.0,19.0,2.0,0,100000,2.98,7283,4639,157,1,673,6609,0.001,7.283,477473.48,4.77,171.0,False
7793,9.0,19.0,3.0,0,100000,2.98,3799,2314,67,13,585,3201,0.013,3.799,249062.44,32.38,171.0,False
7794,9.0,19.0,4.0,0,100000,2.98,2256,1389,59,40,473,1743,0.04,2.256,147903.36,59.16,171.0,False
7795,9.0,19.0,5.0,0,100000,2.98,1486,945,26,40,352,1094,0.04,1.486,97422.16,38.97,171.0,False
7796,9.0,19.0,6.0,0,100000,2.98,996,655,18,52,260,684,0.052,0.996,65297.76,33.95,171.0,False
7797,9.0,19.0,7.0,0,100000,2.98,760,509,13,44,222,494,0.044,0.76,49825.6,21.92,171.0,False
7798,9.0,19.0,8.0,0,100000,2.98,521,405,12,45,169,307,0.045,0.521,34156.76,15.37,171.0,False
7799,9.0,19.0,9.0,0,100000,2.98,379,347,11,39,125,215,0.039,0.379,24847.24,9.69,171.0,False
7800,9.0,1.0,10.0,0,100000,2.98,134,213,3,0,2,132,0.0,0.134,8785.04,0.0,9.0,False
7801,9.0,1.0,11.0,0,100000,2.98,91,185,2,0,0,91,0.0,0.091,5965.96,0.0,9.0,False
7802,9.0,1.0,12.0,0,100000,2.98,61,147,1,0,1,60,0.0,0.061,3999.16,0.0,9.0,False
7803,9.0,1.0,13.0,0,100000,2.98,43,120,0,0,3,40,0.0,0.043,2819.08,0.0,9.0,False
7804,9.0,1.0,14.0,0,100000,2.98,39,90,1,0,1,38,0.0,0.039,2556.84,0.0,9.0,False
7805,9.0,1.0,15.0,0,100000,2.98,39,91,4,0,1,38,0.0,0.039,2556.84,0.0,9.0,False
7806,9.0,1.0,16.0,0,100000,2.98,26,65,3,0,0,26,0.0,0.026,1704.56,0.0,9.0,False
7807,9.0,1.0,17.0,0,100000,2.98,24,64,3,0,0,24,0.0,0.024,1573.44,0.0,9.0,False
7808,9.0,1.0,18.0,0,100000,2.98,18,71,4,0,0,18,0.0,0.018,1180.08,0.0,9.0,False
7809,9.0,1.0,19.0,0,100000,2.98,17,53,1,0,0,17,0.0,0.017,1114.52,0.0,9.0,False
7810,9.0,1.0,1.0,0,100000,2.98,16929,10417,274,0,599,16330,0.0,16.929,1109865.24,0.0,9.0,False
7811,9.0,1.0,20.0,0,100000,2.98,9,40,0,0,1,8,0.0,0.009,590.04,0.0,9.0,False
7812,9.0,1.0,2.0,0,100000,2.98,6880,4453,130,0,343,6537,0.0,6.88,451052.8,0.0,9.0,False
7813,9.0,1.0,3.0,0,100000,2.98,3178,2323,75,0,168,3010,0.0,3.178,208349.68,0.0,9.0,False
7814,9.0,1.0,4.0,0,100000,2.98,1663,1408,34,0,100,1563,0.0,1.663,109026.28,0.0,9.0,False
7815,9.0,1.0,5.0,0,100000,2.98,953,886,26,0,51,902,0.0,0.953,62478.68,0.0,9.0,False
7816,9.0,1.0,6.0,0,100000,2.98,595,629,14,0,23,572,0.0,0.595,39008.2,0.0,9.0,False
7817,9.0,1.0,7.0,0,100000,2.98,358,426,11,0,18,340,0.0,0.358,23470.48,0.0,9.0,False
7818,9.0,1.0,8.0,0,100000,2.98,273,339,9,0,18,255,0.0,0.273,17897.88,0.0,9.0,False
7819,9.0,1.0,9.0,0,100000,2.98,174,252,3,0,8,166,0.0,0.174,11407.44,0.0,9.0,False
7820,9.0,20.0,10.0,0,100000,2.98,291,262,7,39,114,138,0.039,0.291,19077.96,7.44,180.0,False
7821,9.0,20.0,11.0,0,100000,2.98,245,207,5,28,91,126,0.028,0.245,16062.2,4.5,180.0,False
7822,9.0,20.0,12.0,0,100000,2.98,164,177,6,28,60,76,0.028,0.164,10751.84,3.01,180.0,False
7823,9.0,20.0,13.0,0,100000,2.98,140,175,8,21,55,64,0.021,0.14,9178.4,1.93,180.0,False
7824,9.0,20.0,14.0,0,100000,2.98,100,129,4,13,35,52,0.013,0.1,6556.0,0.85,180.0,False
7825,9.0,20.0,15.0,0,100000,2.98,86,95,0,20,27,39,0.02,0.086,5638.16,1.13,180.0,False
7826,9.0,20.0,16.0,0,100000,2.98,60,111,7,12,19,29,0.012,0.06,3933.6,0.47,180.0,False
7827,9.0,20.0,17.0,0,100000,2.98,50,92,0,12,15,23,0.012,0.05,3278.0,0.39,180.0,False
7828,9.0,20.0,18.0,0,100000,2.98,38,79,4,11,11,16,0.011,0.038,2491.28,0.27,180.0,False
7829,9.0,20.0,19.0,0,100000,2.98,36,75,2,9,11,16,0.009,0.036,2360.16,0.21,180.0,False
7830,9.0,20.0,1.0,0,100000,2.98,17561,10568,266,2,911,16648,0.002,17.561,1151299.16,23.03,180.0,False
7831,9.0,20.0,20.0,0,100000,2.98,24,62,2,2,11,11,0.002,0.024,1573.44,0.03,180.0,False
7832,9.0,20.0,2.0,0,100000,2.98,7280,4512,144,5,686,6589,0.005,7.28,477276.8,23.86,180.0,False
7833,9.0,20.0,3.0,0,100000,2.98,3817,2337,72,15,592,3210,0.015,3.817,250242.52,37.54,180.0,False
7834,9.0,20.0,4.0,0,100000,2.98,2190,1441,43,25,412,1753,0.025,2.19,143576.4,35.89,180.0,False
7835,9.0,20.0,5.0,0,100000,2.98,1473,953,24,43,357,1073,0.043,1.473,96569.88,41.53,180.0,False
7836,9.0,20.0,6.0,0,100000,2.98,1045,658,10,37,295,713,0.037,1.045,68510.2,25.35,180.0,False
7837,9.0,20.0,7.0,0,100000,2.98,717,510,17,44,225,448,0.044,0.717,47006.52,20.68,180.0,False
7838,9.0,20.0,8.0,0,100000,2.98,563,358,5,38,158,367,0.038,0.563,36910.28,14.03,180.0,False
7839,9.0,20.0,9.0,0,100000,2.98,438,299,1,30,162,246,0.03,0.438,28715.28,8.61,180.0,False
7840,9.0,2.0,10.0,0,100000,2.98,124,219,11,1,11,112,0.001,0.124,8129.44,0.08,18.0,False
7841,9.0,2.0,11.0,0,100000,2.98,98,177,9,0,10,88,0.0,0.098,6424.88,0.0,18.0,False
7842,9.0,2.0,12.0,0,100000,2.98,49,141,3,0,4,45,0.0,0.049,3212.44,0.0,18.0,False
7843,9.0,2.0,13.0,0,100000,2.98,40,113,3,0,1,39,0.0,0.04,2622.4,0.0,18.0,False
7844,9.0,2.0,14.0,0,100000,2.98,32,105,4,0,4,28,0.0,0.032,2097.92,0.0,18.0,False
7845,9.0,2.0,15.0,0,100000,2.98,30,81,1,0,1,29,0.0,0.03,1966.8,0.0,18.0,False
7846,9.0,2.0,16.0,0,100000,2.98,17,79,1,0,1,16,0.0,0.017,1114.52,0.0,18.0,False
7847,9.0,2.0,17.0,0,100000,2.98,15,63,2,0,3,12,0.0,0.015,983.4,0.0,18.0,False
7848,9.0,2.0,18.0,0,100000,2.98,10,51,1,0,2,8,0.0,0.01,655.6,0.0,18.0,False
7849,9.0,2.0,19.0,0,100000,2.98,6,39,0,0,0,6,0.0,0.006,393.36,0.0,18.0,False
7850,9.0,2.0,1.0,0,100000,2.98,17213,10446,303,0,834,16379,0.0,17.213,1128484.28,0.0,18.0,False
7851,9.0,2.0,20.0,0,100000,2.98,8,39,0,0,0,8,0.0,0.008,524.48,0.0,18.0,False
7852,9.0,2.0,2.0,0,100000,2.98,6978,4458,120,3,520,6455,0.003,6.978,457477.68,13.72,18.0,False
7853,9.0,2.0,3.0,0,100000,2.98,3433,2249,80,1,345,3087,0.001,3.433,225067.48,2.25,18.0,False
7854,9.0,2.0,4.0,0,100000,2.98,1857,1384,41,3,195,1659,0.003,1.857,121744.92,3.65,18.0,False
7855,9.0,2.0,5.0,0,100000,2.98,995,884,29,0,108,887,0.0,0.995,65232.2,0.0,18.0,False
7856,9.0,2.0,6.0,0,100000,2.98,656,628,11,2,65,589,0.002,0.656,43007.36,0.86,18.0,False
7857,9.0,2.0,7.0,0,100000,2.98,418,477,19,1,45,372,0.001,0.418,27404.08,0.27,18.0,False
7858,9.0,2.0,8.0,0,100000,2.98,272,375,16,0,27,245,0.0,0.272,17832.32,0.0,18.0,False
7859,9.0,2.0,9.0,0,100000,2.98,179,290,7,0,17,162,0.0,0.179,11735.24,0.0,18.0,False
7860,9.0,3.0,10.0,0,100000,2.98,175,232,6,0,32,143,0.0,0.175,11473.0,0.0,27.0,False
7861,9.0,3.0,11.0,0,100000,2.98,108,181,5,1,20,87,0.001,0.108,7080.48,0.07,27.0,False
7862,9.0,3.0,12.0,0,100000,2.98,79,151,0,2,6,71,0.002,0.079,5179.24,0.1,27.0,False
7863,9.0,3.0,13.0,0,100000,2.98,61,127,4,2,10,49,0.002,0.061,3999.16,0.08,27.0,False
7864,9.0,3.0,14.0,0,100000,2.98,41,99,2,1,4,36,0.001,0.041,2687.96,0.03,27.0,False
7865,9.0,3.0,15.0,0,100000,2.98,27,108,2,0,1,26,0.0,0.027,1770.12,0.0,27.0,False
7866,9.0,3.0,16.0,0,100000,2.98,17,80,4,0,2,15,0.0,0.017,1114.52,0.0,27.0,False
7867,9.0,3.0,17.0,0,100000,2.98,11,70,1,0,0,11,0.0,0.011,721.16,0.0,27.0,False
7868,9.0,3.0,18.0,0,100000,2.98,13,58,1,0,2,11,0.0,0.013,852.28,0.0,27.0,False
7869,9.0,3.0,19.0,0,100000,2.98,11,57,1,0,3,8,0.0,0.011,721.16,0.0,27.0,False
7870,9.0,3.0,1.0,0,100000,2.98,17417,10680,298,0,872,16545,0.0,17.417,1141858.52,0.0,27.0,False
7871,9.0,3.0,20.0,0,100000,2.98,6,40,1,0,1,5,0.0,0.006,393.36,0.0,27.0,False
7872,9.0,3.0,2.0,0,100000,2.98,7269,4462,157,3,689,6577,0.003,7.269,476555.64,14.3,27.0,False
7873,9.0,3.0,3.0,0,100000,2.98,3642,2313,68,3,433,3206,0.003,3.642,238769.52,7.16,27.0,False
7874,9.0,3.0,4.0,0,100000,2.98,2022,1419,49,5,290,1727,0.005,2.022,132562.32,6.63,27.0,False
7875,9.0,3.0,5.0,0,100000,2.98,1220,878,33,5,203,1012,0.005,1.22,79983.2,4.0,27.0,False
7876,9.0,3.0,6.0,0,100000,2.98,770,660,17,3,141,626,0.003,0.77,50481.2,1.51,27.0,False
7877,9.0,3.0,7.0,0,100000,2.98,493,478,19,5,80,408,0.005,0.493,32321.08,1.62,27.0,False
7878,9.0,3.0,8.0,0,100000,2.98,304,347,14,2,54,248,0.002,0.304,19930.24,0.4,27.0,False
7879,9.0,3.0,9.0,0,100000,2.98,198,282,8,0,34,164,0.0,0.198,12980.88,0.0,27.0,False
7880,9.0,4.0,10.0,0,100000,2.98,199,234,8,1,47,151,0.001,0.199,13046.44,0.13,36.0,False
7881,9.0,4.0,11.0,0,100000,2.98,134,193,4,4,33,97,0.004,0.134,8785.04,0.35,36.0,False
7882,9.0,4.0,12.0,0,100000,2.98,88,166,3,1,16,71,0.001,0.088,5769.28,0.06,36.0,False
7883,9.0,4.0,13.0,0,100000,2.98,63,133,2,2,10,51,0.002,0.063,4130.28,0.08,36.0,False
7884,9.0,4.0,14.0,0,100000,2.98,52,128,1,1,13,38,0.001,0.052,3409.12,0.03,36.0,False
7885,9.0,4.0,15.0,0,100000,2.98,32,101,3,1,6,25,0.001,0.032,2097.92,0.02,36.0,False
7886,9.0,4.0,16.0,0,100000,2.98,32,87,3,0,7,25,0.0,0.032,2097.92,0.0,36.0,False
7887,9.0,4.0,17.0,0,100000,2.98,17,70,3,0,1,16,0.0,0.017,1114.52,0.0,36.0,False
7888,9.0,4.0,18.0,0,100000,2.98,25,65,0,0,3,22,0.0,0.025,1639.0,0.0,36.0,False
7889,9.0,4.0,19.0,0,100000,2.98,13,46,2,1,3,9,0.001,0.013,852.28,0.01,36.0,False
7890,9.0,4.0,1.0,0,100000,2.98,17306,10683,284,0,833,16473,0.0,17.306,1134581.36,0.0,36.0,False
7891,9.0,4.0,20.0,0,100000,2.98,6,45,0,0,0,6,0.0,0.006,393.36,0.0,36.0,False
7892,9.0,4.0,2.0,0,100000,2.98,7210,4523,157,2,700,6508,0.002,7.21,472687.6,9.45,36.0,False
7893,9.0,4.0,3.0,0,100000,2.98,3617,2378,70,9,463,3145,0.009,3.617,237130.52,21.34,36.0,False
7894,9.0,4.0,4.0,0,100000,2.98,2083,1439,49,11,321,1751,0.011,2.083,136561.48,15.02,36.0,False
7895,9.0,4.0,5.0,0,100000,2.98,1253,940,22,13,241,999,0.013,1.253,82146.68,10.68,36.0,False
7896,9.0,4.0,6.0,0,100000,2.98,831,679,12,16,184,631,0.016,0.831,54480.36,8.72,36.0,False
7897,9.0,4.0,7.0,0,100000,2.98,549,495,12,9,124,416,0.009,0.549,35992.44,3.24,36.0,False
7898,9.0,4.0,8.0,0,100000,2.98,364,371,6,9,79,276,0.009,0.364,23863.84,2.15,36.0,False
7899,9.0,4.0,9.0,0,100000,2.98,257,304,9,7,64,186,0.007,0.257,16848.92,1.18,36.0,False
7900,9.0,5.0,10.0,0,100000,2.98,242,223,3,3,72,167,0.003,0.242,15865.52,0.48,45.0,False
7901,9.0,5.0,11.0,0,100000,2.98,180,201,9,4,40,136,0.004,0.18,11800.8,0.47,45.0,False
7902,9.0,5.0,12.0,0,100000,2.98,107,188,2,8,27,72,0.008,0.107,7014.92,0.56,45.0,False
7903,9.0,5.0,13.0,0,100000,2.98,70,145,1,7,18,45,0.007,0.07,4589.2,0.32,45.0,False
7904,9.0,5.0,14.0,0,100000,2.98,53,120,1,1,11,41,0.001,0.053,3474.68,0.03,45.0,False
7905,9.0,5.0,15.0,0,100000,2.98,39,102,1,1,6,32,0.001,0.039,2556.84,0.03,45.0,False
7906,9.0,5.0,16.0,0,100000,2.98,35,91,2,1,6,28,0.001,0.035,2294.6,0.02,45.0,False
7907,9.0,5.0,17.0,0,100000,2.98,31,77,1,1,12,18,0.001,0.031,2032.36,0.02,45.0,False
7908,9.0,5.0,18.0,0,100000,2.98,16,67,4,0,5,11,0.0,0.016,1048.96,0.0,45.0,False
7909,9.0,5.0,19.0,0,100000,2.98,16,54,3,1,5,10,0.001,0.016,1048.96,0.01,45.0,False
7910,9.0,5.0,1.0,0,100000,2.98,17559,10567,310,0,949,16610,0.0,17.559,1151168.04,0.0,45.0,False
7911,9.0,5.0,20.0,0,100000,2.98,11,55,2,1,1,9,0.001,0.011,721.16,0.01,45.0,False
7912,9.0,5.0,2.0,0,100000,2.98,7277,4623,153,5,743,6529,0.005,7.277,477080.12,23.85,45.0,False
7913,9.0,5.0,3.0,0,100000,2.98,3683,2336,78,7,469,3207,0.007,3.683,241457.48,16.9,45.0,False
7914,9.0,5.0,4.0,0,100000,2.98,2131,1422,51,16,385,1730,0.016,2.131,139708.36,22.35,45.0,False
7915,9.0,5.0,5.0,0,100000,2.98,1367,921,22,10,270,1087,0.01,1.367,89620.52,8.96,45.0,False
7916,9.0,5.0,6.0,0,100000,2.98,890,628,19,16,194,680,0.016,0.89,58348.4,9.34,45.0,False
7917,9.0,5.0,7.0,0,100000,2.98,574,479,7,19,132,423,0.019,0.574,37631.44,7.15,45.0,False
7918,9.0,5.0,8.0,0,100000,2.98,437,411,8,19,117,301,0.019,0.437,28649.72,5.44,45.0,False
7919,9.0,5.0,9.0,0,100000,2.98,333,291,5,10,86,237,0.01,0.333,21831.48,2.18,45.0,False
7920,9.0,6.0,10.0,0,100000,2.98,230,275,3,14,71,145,0.014,0.23,15078.8,2.11,54.0,False
7921,9.0,6.0,11.0,0,100000,2.98,166,181,8,8,48,110,0.008,0.166,10882.96,0.87,54.0,False
7922,9.0,6.0,12.0,0,100000,2.98,122,155,4,7,31,84,0.007,0.122,7998.32,0.56,54.0,False
7923,9.0,6.0,13.0,0,100000,2.98,110,126,3,6,38,66,0.006,0.11,7211.6,0.43,54.0,False
7924,9.0,6.0,14.0,0,100000,2.98,76,96,4,12,14,50,0.012,0.076,4982.56,0.6,54.0,False
7925,9.0,6.0,15.0,0,100000,2.98,47,119,2,2,15,30,0.002,0.047,3081.32,0.06,54.0,False
7926,9.0,6.0,16.0,0,100000,2.98,34,74,4,1,11,22,0.001,0.034,2229.04,0.02,54.0,False
7927,9.0,6.0,17.0,0,100000,2.98,18,72,0,2,1,15,0.002,0.018,1180.08,0.02,54.0,False
7928,9.0,6.0,18.0,0,100000,2.98,18,77,1,0,5,13,0.0,0.018,1180.08,0.0,54.0,False
7929,9.0,6.0,19.0,0,100000,2.98,14,68,3,0,4,10,0.0,0.014,917.84,0.0,54.0,False
7930,9.0,6.0,1.0,0,100000,2.98,17339,10637,327,2,927,16410,0.002,17.339,1136744.84,22.73,54.0,False
7931,9.0,6.0,20.0,0,100000,2.98,15,63,1,1,3,11,0.001,0.015,983.4,0.01,54.0,False
7932,9.0,6.0,2.0,0,100000,2.98,7208,4520,138,4,686,6518,0.004,7.208,472556.48,18.9,54.0,False
7933,9.0,6.0,3.0,0,100000,2.98,3805,2401,87,8,535,3262,0.008,3.805,249455.8,19.96,54.0,False
7934,9.0,6.0,4.0,0,100000,2.98,2200,1408,46,23,406,1771,0.023,2.2,144232.0,33.17,54.0,False
7935,9.0,6.0,5.0,0,100000,2.98,1288,992,32,23,301,964,0.023,1.288,84441.28,19.42,54.0,False
7936,9.0,6.0,6.0,0,100000,2.98,907,673,24,23,245,639,0.023,0.907,59462.92,13.68,54.0,False
7937,9.0,6.0,7.0,0,100000,2.98,622,524,23,17,161,444,0.017,0.622,40778.32,6.93,54.0,False
7938,9.0,6.0,8.0,0,100000,2.98,425,373,11,21,119,285,0.021,0.425,27863.0,5.85,54.0,False
7939,9.0,6.0,9.0,0,100000,2.98,324,279,8,17,91,216,0.017,0.324,21241.44,3.61,54.0,False
7940,9.0,7.0,10.0,0,100000,2.98,237,255,5,13,71,153,0.013,0.237,15537.72,2.02,63.0,False
7941,9.0,7.0,11.0,0,100000,2.98,188,179,6,19,54,115,0.019,0.188,12325.28,2.34,63.0,False
7942,9.0,7.0,12.0,0,100000,2.98,135,162,0,16,44,75,0.016,0.135,8850.6,1.42,63.0,False
7943,9.0,7.0,13.0,0,100000,2.98,78,153,6,8,34,36,0.008,0.078,5113.68,0.41,63.0,False
7944,9.0,7.0,14.0,0,100000,2.98,84,106,4,8,26,50,0.008,0.084,5507.04,0.44,63.0,False
7945,9.0,7.0,15.0,0,100000,2.98,70,104,3,5,17,48,0.005,0.07,4589.2,0.23,63.0,False
7946,9.0,7.0,16.0,0,100000,2.98,58,85,4,5,14,39,0.005,0.058,3802.48,0.19,63.0,False
7947,9.0,7.0,17.0,0,100000,2.98,28,83,1,2,10,16,0.002,0.028,1835.68,0.04,63.0,False
7948,9.0,7.0,18.0,0,100000,2.98,20,60,1,1,9,10,0.001,0.02,1311.2,0.01,63.0,False
7949,9.0,7.0,19.0,0,100000,2.98,27,63,1,4,5,18,0.004,0.027,1770.12,0.07,63.0,False
7950,9.0,7.0,1.0,0,100000,2.98,17428,10488,295,0,893,16535,0.0,17.428,1142579.68,0.0,63.0,False
7951,9.0,7.0,20.0,0,100000,2.98,15,68,3,0,3,12,0.0,0.015,983.4,0.0,63.0,False
7952,9.0,7.0,2.0,0,100000,2.98,7273,4528,139,6,731,6536,0.006,7.273,476817.88,28.61,63.0,False
7953,9.0,7.0,3.0,0,100000,2.98,3727,2404,69,10,511,3206,0.01,3.727,244342.12,24.43,63.0,False
7954,9.0,7.0,4.0,0,100000,2.98,2251,1469,43,15,412,1824,0.015,2.251,147575.56,22.14,63.0,False
7955,9.0,7.0,5.0,0,100000,2.98,1388,982,26,15,348,1025,0.015,1.388,90997.28,13.65,63.0,False
7956,9.0,7.0,6.0,0,100000,2.98,937,662,19,28,233,676,0.028,0.937,61429.72,17.2,63.0,False
7957,9.0,7.0,7.0,0,100000,2.98,666,498,11,30,182,454,0.03,0.666,43662.96,13.1,63.0,False
7958,9.0,7.0,8.0,0,100000,2.98,481,431,16,18,145,318,0.018,0.481,31534.36,5.68,63.0,False
7959,9.0,7.0,9.0,0,100000,2.98,348,313,8,24,104,220,0.024,0.348,22814.88,5.48,63.0,False
7960,9.0,8.0,10.0,0,100000,2.98,248,256,10,21,95,132,0.021,0.248,16258.88,3.41,72.0,False
7961,9.0,8.0,11.0,0,100000,2.98,203,213,3,26,74,103,0.026,0.203,13308.68,3.46,72.0,False
7962,9.0,8.0,12.0,0,100000,2.98,162,194,4,15,48,99,0.015,0.162,10620.72,1.59,72.0,False
7963,9.0,8.0,13.0,0,100000,2.98,106,149,4,12,37,57,0.012,0.106,6949.36,0.83,72.0,False
7964,9.0,8.0,14.0,0,100000,2.98,73,119,1,8,21,44,0.008,0.073,4785.88,0.38,72.0,False
7965,9.0,8.0,15.0,0,100000,2.98,51,99,5,6,19,26,0.006,0.051,3343.56,0.2,72.0,False
7966,9.0,8.0,16.0,0,100000,2.98,49,89,3,9,13,27,0.009,0.049,3212.44,0.29,72.0,False
7967,9.0,8.0,17.0,0,100000,2.98,33,103,1,3,12,18,0.003,0.033,2163.48,0.06,72.0,False
7968,9.0,8.0,18.0,0,100000,2.98,24,71,3,3,11,10,0.003,0.024,1573.44,0.05,72.0,False
7969,9.0,8.0,19.0,0,100000,2.98,14,45,2,2,4,8,0.002,0.014,917.84,0.02,72.0,False
7970,9.0,8.0,1.0,0,100000,2.98,17481,10546,279,0,899,16582,0.0,17.481,1146054.36,0.0,72.0,False
7971,9.0,8.0,20.0,0,100000,2.98,18,48,1,3,2,13,0.003,0.018,1180.08,0.04,72.0,False
7972,9.0,8.0,2.0,0,100000,2.98,7437,4492,152,5,764,6668,0.005,7.437,487569.72,24.38,72.0,False
7973,9.0,8.0,3.0,0,100000,2.98,3668,2379,70,14,556,3098,0.014,3.668,240474.08,33.67,72.0,False
7974,9.0,8.0,4.0,0,100000,2.98,2171,1412,41,28,425,1718,0.028,2.171,142330.76,39.85,72.0,False
7975,9.0,8.0,5.0,0,100000,2.98,1469,933,41,41,321,1107,0.041,1.469,96307.64,39.49,72.0,False
7976,9.0,8.0,6.0,0,100000,2.98,967,661,14,39,222,706,0.039,0.967,63396.52,24.72,72.0,False
7977,9.0,8.0,7.0,0,100000,2.98,670,483,14,31,198,441,0.031,0.67,43925.2,13.62,72.0,False
7978,9.0,8.0,8.0,0,100000,2.98,445,376,8,32,130,283,0.032,0.445,29174.2,9.34,72.0,False
7979,9.0,8.0,9.0,0,100000,2.98,373,272,8,23,115,235,0.023,0.373,24453.88,5.62,72.0,False
7980,9.0,9.0,10.0,0,100000,2.98,279,246,2,16,85,178,0.016,0.279,18291.24,2.93,81.0,True
7981,9.0,9.0,11.0,0,100000,2.98,188,259,8,19,58,111,0.019,0.188,12325.28,2.34,81.0,True
7982,9.0,9.0,12.0,0,100000,2.98,144,155,4,14,57,73,0.014,0.144,9440.64,1.32,81.0,True
7983,9.0,9.0,13.0,0,100000,2.98,108,147,2,8,35,65,0.008,0.108,7080.48,0.57,81.0,True
7984,9.0,9.0,14.0,0,100000,2.98,98,132,1,13,29,56,0.013,0.098,6424.88,0.84,81.0,True
7985,9.0,9.0,15.0,0,100000,2.98,68,124,5,3,19,46,0.003,0.068,4458.08,0.13,81.0,True
7986,9.0,9.0,16.0,0,100000,2.98,64,97,3,6,17,41,0.006,0.064,4195.84,0.25,81.0,True
7987,9.0,9.0,17.0,0,100000,2.98,43,96,0,3,12,28,0.003,0.043,2819.08,0.08,81.0,True
7988,9.0,9.0,18.0,0,100000,2.98,33,80,1,1,12,20,0.001,0.033,2163.48,0.02,81.0,True
7989,9.0,9.0,19.0,0,100000,2.98,25,58,2,2,16,7,0.002,0.025,1639.0,0.03,81.0,True
7990,9.0,9.0,1.0,0,100000,2.98,17517,10636,254,0,966,16551,0.0,17.517,1148414.52,0.0,81.0,True
7991,9.0,9.0,20.0,0,100000,2.98,20,52,1,2,1,17,0.002,0.02,1311.2,0.03,81.0,True
7992,9.0,9.0,2.0,0,100000,2.98,7196,4529,149,5,726,6465,0.005,7.196,471769.76,23.59,81.0,True
7993,9.0,9.0,3.0,0,100000,2.98,3763,2341,64,16,576,3171,0.016,3.763,246702.28,39.47,81.0,True
7994,9.0,9.0,4.0,0,100000,2.98,2288,1450,38,21,452,1815,0.021,2.288,150001.28,31.5,81.0,True
7995,9.0,9.0,5.0,0,100000,2.98,1420,953,24,30,335,1055,0.03,1.42,93095.2,27.93,81.0,True
7996,9.0,9.0,6.0,0,100000,2.98,912,700,26,35,264,613,0.035,0.912,59790.72,20.93,81.0,True
7997,9.0,9.0,7.0,0,100000,2.98,705,526,18,45,208,452,0.045,0.705,46219.8,20.8,81.0,True
7998,9.0,9.0,8.0,0,100000,2.98,502,398,9,35,162,305,0.035,0.502,32911.12,11.52,81.0,True
7999,9.0,9.0,9.0,0,100000,2.98,382,328,10,27,126,229,0.027,0.382,25043.92,6.76,81.0,True
